CODGEO,LIBGEO,ILTR1_SEXE1_TRANS_191,ILTR1_SEXE1_TRANS_192,ILTR1_SEXE1_TRANS_193,ILTR1_SEXE1_TRANS_194,ILTR1_SEXE1_TRANS_195,ILTR1_SEXE1_TRANS_196,ILTR1_SEXE2_TRANS_191,ILTR1_SEXE2_TRANS_192,ILTR1_SEXE2_TRANS_193,ILTR1_SEXE2_TRANS_194,ILTR1_SEXE2_TRANS_195,ILTR1_SEXE2_TRANS_196,ILTR2_SEXE1_TRANS_191,ILTR2_SEXE1_TRANS_192,ILTR2_SEXE1_TRANS_193,ILTR2_SEXE1_TRANS_194,ILTR2_SEXE1_TRANS_195,ILTR2_SEXE1_TRANS_196,ILTR2_SEXE2_TRANS_191,ILTR2_SEXE2_TRANS_192,ILTR2_SEXE2_TRANS_193,ILTR2_SEXE2_TRANS_194,ILTR2_SEXE2_TRANS_195,ILTR2_SEXE2_TRANS_196,ILTR3_SEXE1_TRANS_191,ILTR3_SEXE1_TRANS_192,ILTR3_SEXE1_TRANS_193,ILTR3_SEXE1_TRANS_194,ILTR3_SEXE1_TRANS_195,ILTR3_SEXE1_TRANS_196,ILTR3_SEXE2_TRANS_191,ILTR3_SEXE2_TRANS_192,ILTR3_SEXE2_TRANS_193,ILTR3_SEXE2_TRANS_194,ILTR3_SEXE2_TRANS_195,ILTR3_SEXE2_TRANS_196,ILTR4_SEXE1_TRANS_191,ILTR4_SEXE1_TRANS_192,ILTR4_SEXE1_TRANS_193,ILTR4_SEXE1_TRANS_194,ILTR4_SEXE1_TRANS_195,ILTR4_SEXE1_TRANS_196,ILTR4_SEXE2_TRANS_191,ILTR4_SEXE2_TRANS_192,ILTR4_SEXE2_TRANS_193,ILTR4_SEXE2_TRANS_194,ILTR4_SEXE2_TRANS_195,ILTR4_SEXE2_TRANS_196,ILTR5_SEXE1_TRANS_191,ILTR5_SEXE1_TRANS_192,ILTR5_SEXE1_TRANS_193,ILTR5_SEXE1_TRANS_194,ILTR5_SEXE1_TRANS_195,ILTR5_SEXE1_TRANS_196,ILTR5_SEXE2_TRANS_191,ILTR5_SEXE2_TRANS_192,ILTR5_SEXE2_TRANS_193,ILTR5_SEXE2_TRANS_194,ILTR5_SEXE2_TRANS_195,ILTR5_SEXE2_TRANS_196,FiltreCom
34022,Baillargues,40,85,5,15,225,5,60,65,10,0,195,0,5,0,20,45,1120,45,0,0,0,15,1040,80,5,0,0,5,120,0,0,0,0,0,55,10,0,5,0,0,70,25,0,5,0,0,20,20,0,0,0,0,0,5,0,0,0,0,0,0,true
34027,Beaulieu,20.4216677111,10.8343197285,0,0,64.8814714836,5.5293607691,42.5280787849,11.3172509754,5.2823791443,0,37.0428690665,0,0,0,0,15.8581694357,349.9207610508,0,0,0,0,0,327.4193550808,5.5293607691,0,0,0,5.0464295222,34.6693831949,5.5293607691,0,0,0,0,37.2456996406,0,0,0,0,0,20.904598958,0,0,0,0,0,0,0,0,0,0,0,0,0,0,0,0,0,5.0464295222,0,true
34057,Castelnau-le-Lez,132.5938497561,143.8541821215,94.3936875233,72.1003521532,724.382862002,61.1444081912,242.5052460995,188.1419845927,42.3293020534,0,828.7622765325,114.5461275772,1.1931697592,53.2786772065,307.8427784551,218.5540524049,2347.8322463983,405.9570129539,4.5012724072,22.7435066055,179.462132111,57.4081795315,2563.6795385308,770.9298904362,0,6.6740224782,0.9391359042,0,228.2999951687,20.2150321371,0,1.553666223,0,0,66.5413753755,10.2374459553,6.4208784121,2.6935123204,0,4.8100625749,129.0452419343,70.5852819874,2.1219833469,5.6126676699,0,0,25.4224776173,20.1040150414,0,0,0,0,8.105220821,0,0,0,0,0,1.1931697592,0,true
34058,Castries,46.5264091908,41.0330333596,15.5120834591,0,220.3558554876,0,133.0472983085,62.565751849,20.6306661758,4.998140543,204.9484050641,10.3869672678,0,0,5.1251161912,56.6463582133,873.7280974291,15.5055499846,0,0,4.998140543,5.3888267248,910.7044207688,36.2761768084,0,0,0,0,111.6547802739,0,0,0,0,0,66.7759865541,0,0,0,0,0,25.5082026772,0,0,5.1251161912,0,0,36.9240400492,10.1232567343,0,0,0,0,0,0,0,0,0,0,0,0,true
34077,Clapiers,69.7415762318,9.1729735448,9.6739728625,4.6670700056,121.2800614157,9.1843036334,55.7111309549,46.2213899886,13.8513736389,0,121.7927960748,9.5128063962,0,18.6740445997,116.2908646641,65.0625718185,742.8633343273,4.3503025841,0,9.1729735448,65.0568001209,0,733.3848235979,32.3642517723,0,0,0,0,9.1729735448,9.8409039062,0,0,0,0,41.8766529156,0,4.8340010493,9.6680020986,0,0,28.6818795496,9.3399045885,4.8340010493,0,0,0,4.8340010493,4.8340010493,0,0,0,0,0,0,0,0,0,0,0,0,true
34087,Cournonsec,24.3171333385,0,5.4332834599,10.0794463334,154.2181375574,0,20.7600561426,5.0397231667,0,0,103.9350024598,0,0,0,0,21.1541727899,566.985163737,10.2725278185,0,5.4332834599,0,0,575.2449184261,10.2725278185,0,0,0,0,15.8988927635,0,0,0,0,0,0,5.4332834599,0,0,0,0,25.3988216931,5.4332834599,0,0,0,0,5.4332834599,0,0,0,5.2328046518,0,0,0,0,0,0,0,0,0,true
34088,Cournonterral,15.4734742345,41.3695778584,5.0516266641,5.1789020501,154.4936030321,10.3586057428,56.7165586486,52.048361305,15.6663765523,0,133.9605938787,0,0,5.2437372511,5.3093841306,10.5531213817,1091.5916917487,10.2937705418,0,0,10.4882861807,0,1047.3429864883,72.5094485928,0,0,0,0,41.6297502886,0,0,0,0,0,10.5531213817,0,0,0,0,5.1148684917,20.7172114856,0,0,0,0,0,0,10.4874745022,0,0,0,0,0,0,0,0,0,0,0,0,true
34090,Le Crès,45,15,0,10,230,10,100,55,0,5,220,5,0,10,70,100,1125,95,5,0,45,10,1380,135,0,0,0,0,85,0,0,0,0,0,50,0,0,0,0,5,35,25,10,0,0,0,5,20,0,0,0,0,0,0,0,0,0,0,0,10,true
34095,Fabrègues,44.6652917004,35.251061193,35.4791415474,15.3013705111,249.8303910445,0,119.6618412316,70.1066684358,20.1838690362,0,178.5267204833,0,0,0,10.1519139567,90.1587464084,1077.777558344,25.0842274151,0,0,5.1374064332,15.2893203898,1033.8209257444,54.6914370474,0,0,0,0,29.8558771517,0,0,0,0,0,35.1252925833,5.0145075235,0,0,0,4.8945486463,29.8529371192,0,0,0,0,0,14.9265037259,4.8945486463,0,0,0,0,0,0,0,0,0,5.1374064332,0,0,true
34116,Grabels,63.9656997853,38.8669185509,25.0011129099,14.7231751248,197.4258821039,19.3032289007,112.3663200323,88.4956311094,25.2850126572,20.5530811822,176.7088008522,0,4.7056211605,10.1493393199,166.6973090494,73.2740065865,1220.4264178827,77.485970106,15.0968481501,49.6605065848,93.9236475057,4.9475088302,1318.4918604893,145.7960539685,0,0,0,0,33.5395206767,9.7725582852,0,0,0,0,24.5050593904,19.5451165705,4.825049455,0,4.825049455,0,29.3301088454,14.8456345,9.411242321,0,0,0,14.6037468303,9.7725582852,0,0,0,0,10.1461524295,0,0,0,0,0,0,0,true
34120,Jacou,49.9504956288,24.9955134459,14.8920042063,9.9015268959,129.8069066959,5.03132709,54.7791927819,34.9369108226,4.9506015497,0,159.8788223127,9.9414026566,0,4.9506015497,34.8571645812,79.8564084378,986.7445627295,49.7906661815,0,4.910725789,10.0221281969,4.910725789,1129.2629500871,69.9548736114,0,0,0,0,64.8418496126,0,0,0,0,0,19.9638572794,5.03132709,0,0,0,0,9.9015268959,9.9414026566,0,0,0,0,4.9506015497,19.9632044277,0,0,0,0,0,4.9506015497,0,0,0,0,0,0,true
34123,Juvignac,55.6936476878,39.9863819579,13.6598991484,3.2638640145,306.565219879,17.0329145616,92.2138080372,38.534651065,6.2342945501,0,265.0696964392,28.1720002841,4.6770110766,13.3023642112,53.2859250802,182.3567467987,1544.2488966588,122.0229072747,1.0879546715,13.2185032672,57.4411265156,10.104483985,1622.8761116657,271.5397544042,0,0,0,0,46.5369779368,5.0023187818,2.175909343,0,0,0,4.6770110766,7.1781128101,2.175909343,1.0879546715,0,0,66.4688182048,16.05169751,0,3.589056405,1.0879546715,0,11.2047391056,16.0282888242,0,0,1.0879546715,0,0,0,0,0,0,0,0,2.175909343,true
34129,Lattes,108.9709444092,99.2805793505,44.3998192091,63.4060205496,705.4748322206,27.1928269537,150.4574090312,92.6360864067,29.9402406177,26.0887176953,772.799866104,59.2418606182,1.2684752721,22.6534428305,120.6252338381,177.8972516466,1987.603749859,180.1500023881,9.2327394554,4.5309584633,69.8167699581,12.7449814956,2158.203947357,301.2532983585,0,0,0,0,158.0152983565,0,0,0,0,0,105.9997159893,11.6282047609,2.7525331071,6.0907932279,0,0,136.5701093318,33.1268956822,0,0,0,0,37.9061845882,13.6397051205,0,4.6851537898,0,0,0,0,1.2684752721,0,0,0,0,0,true
34134,Lavérune,15.1044046796,9.9978647841,0,4.9989323921,74.785508338,0,24.9963391667,25.1549421736,0,9.892507414,40.1545505856,0,0,0,10.2119577119,64.7821153703,414.3061627715,25.3690410766,0,0,4.9989323921,0,591.0817764162,24.9957840394,0,0,0,0,35.0468885481,0,0,0,0,0,4.9989323921,0,0,0,0,0,34.8888465807,5.105978856,0,0,0,0,4.9989323921,0,0,0,0,0,0,0,0,0,0,0,0,0,true
34164,Montaud,5.3122320106,5.3744200904,0,0,36.4515584462,5.1900062825,0,5.2507635168,0,0,5.0705927676,0,0,0,0,5.3122320106,141.415293328,0,0,0,0,0,204.9205291295,0,0,0,0,0,15.6915333161,0,0,0,0,0,5.1299520777,0,0,0,0,0,0,0,0,0,0,0,5.3122320106,0,0,0,0,0,0,0,0,0,0,0,0,0,true
34169,Montferrier-sur-Lez,30.4255220915,15.212894414,0,15.2123609867,116.6309457721,15.2120942888,30.4249886817,20.2833702439,5.0710092502,0,96.3471754937,10.1418851462,0,0,30.4253887408,25.3547795567,567.941434461,5.0710092502,0,0,0,0,491.8774958466,15.2123609937,0,0,0,0,30.424855331,0,0,0,0,0,0,0,5.070875896,0,0,0,10.1413517435,25.3542461364,0,0,0,0,10.1422852158,15.2123609867,0,0,0,0,0,0,0,0,0,0,5.0706091981,5.070875896,true
34172,Montpellier,1808.8113355373,4869.1217473439,5541.2952034598,1962.1373947407,19564.7527155313,7508.7288895904,1791.2983098262,6285.4709378827,3989.5665154437,335.835366578,18044.7481763891,12317.7532799326,20.2780956327,127.3795692872,483.6796634301,568.5637209935,9234.6005088338,1459.5012008408,33.1214147021,73.6066288578,138.8535098886,86.2857153111,7685.8188197093,1550.5590116156,4.837185074,20.5623812201,26.70339001,39.0129214835,1395.6748946789,456.9153345294,3.6203337701,22.1016940588,7.8651204629,4.951700829,1056.7542738893,417.4012625121,52.2674266826,85.7541615683,52.8057751674,29.3812287883,858.971546039,560.8224498989,41.4925421729,76.105394165,18.7923108539,6.5834548617,422.9761809195,403.3433092202,8.4903727329,15.855679502,10.6019066592,0,60.4582540048,27.3255778547,0,5.0605992645,3.864727654,0,36.3692113289,20.540151475,true
34179,Murviel-lès-Montpellier,15.1203114129,14.6936059302,0,0,59.7469892289,4.967459675,14.9115383181,14.5027664736,5.1853920629,0,39.1679458146,4.967459675,0,0,0,30.2406228259,249.7001083757,5.1853920629,0,0,0,4.967459675,307.7226536207,13.684469067,0,0,0,0,4.967459675,0,0,0,0,0,5.1853920629,0,0,0,0,0,4.7586865802,5.4128855804,0,0,0,0,0,0,0,0,0,0,0,0,0,0,0,0,0,0,true
34198,Pérols,26.2081160849,57.6848246437,26.1676294309,0,277.3983116098,20.9021543114,88.9525636201,83.6079827266,36.8623986053,0,329.8939391924,20.861976514,10.4910933183,0,20.9021543114,62.7045882032,966.4019460101,57.7639280064,5.1452674084,0,10.4110561888,5.2253045379,1072.6865997899,173.371184218,0,0,0,0,78.2609189976,5.3065866838,10.3702630898,0,0,0,52.1751918186,5.1851315449,0,0,0,0,73.2785223446,20.861356408,0,0,0,0,36.8200372202,15.6759136137,0,0,0,0,0,0,0,0,0,0,0,0,true
34202,Pignan,35.332641766,35.338632686,5.8847784102,23.5481015457,194.3325305092,22.6663428611,88.3226203224,105.9949374624,5.8847784102,0,217.8446819586,0,0,0,17.6633261857,82.4498161262,1236.5675951349,11.7725522804,5.890770855,5.890770855,0,5.8877738702,1189.2675940022,76.5350815902,0,0,0,0,23.5451045609,0,0,0,0,0,11.7755477405,0,0,11.7695583444,0,0,29.4328845301,5.8877738702,0,0,0,0,5.8877738702,0,0,0,0,0,0,0,0,0,0,0,0,0,true
34217,Prades-le-Lez,23.9805920922,4.6974030496,9.5492305688,5.1760732006,130.7715689968,4.8518275192,63.2535653043,24.9343747843,4.6974030496,4.5478936181,101.1668654586,5.0113286059,0,4.5478936181,77.1231037835,73.1519399028,835.1198511447,24.2692908301,0,0,39.494244269,14.4010580879,1039.3293196914,19.5871229437,0,0,0,0,43.5221764371,0,0,0,0,0,23.491930286,0,0,0,0,0,14.7200602613,14.5708792998,0,0,0,0,23.192911423,9.7087316554,0,0,0,0,0,0,0,0,0,0,0,0,true
34227,Restinclières,36.3159347548,10.3435240869,5.1555366498,0,77.7224594315,0,20.643825438,20.6977972387,0,0,62.1475895212,0,0,0,0,10.3434788388,352.0145558951,0,0,0,0,0,357.1590718493,5.1663309627,0,0,0,0,15.5315342192,0,0,0,0,0,36.2185371449,0,0,0,0,0,51.7390506684,0,5.1663309627,0,0,0,5.1771478761,0,0,0,0,0,5.1771478761,0,0,0,0,0,0,0,true
34244,Saint-Brès,28.7784145333,0,4.9995466964,0,81.1180653158,0,56.7641330067,9.5812879394,0,0,32.7771078069,0,0,0,0,24.1879444291,508.2837447726,4.9995466964,0,0,4.7906439697,4.5904701042,709.0276074749,9.3811140739,0,0,0,4.7906439697,84.0722290514,0,4.5904701042,0,0,0,22.9607146527,8.7973207406,0,0,0,0,23.3697912448,13.5879647103,4.7906439697,0,0,0,13.9715841781,0,0,0,0,0,0,0,0,0,0,0,0,0,true
34249,Saint-Drézéry,25,0,0,0,80,0,35,5,0,0,70,0,0,0,0,15,475,10,0,0,5,10,565,10,0,0,0,5,65,0,0,0,0,0,15,0,0,0,0,0,25,0,0,0,0,0,5,0,0,0,0,0,5,5,0,0,0,0,0,0,true
34256,Saint-Geniès-des-Mourgues,5.5849045098,16.7591947094,0,0,60.6717520406,0,11.0138346221,16.9151691069,0,0,54.163822432,0,0,0,0,15.9835536022,276.6898222931,0,0,0,0,5.5849045098,332.6907325628,16.1395279998,0,0,0,0,102.7340247985,5.4289301123,0,0,0,0,21.4210741204,10.8578602246,0,0,0,0,5.4289301123,5.5849045098,0,0,0,0,0,0,0,0,0,0,0,0,0,0,0,0,5.4289301123,0,true
34259,Saint-Georges-d'Orques,40,25,0,5,140,5,60,50,5,0,85,5,0,5,45,70,790,45,0,15,15,0,890,35,0,0,0,0,5,0,0,0,0,0,5,0,0,5,0,0,10,25,0,5,0,0,5,5,0,0,0,0,0,0,0,0,0,0,0,0,true
34270,Saint-Jean-de-Védas,93.2286134166,71.5343502244,38.8663685723,26.1029699778,376.805430494,12.4930136334,155.2398676371,144.5647004788,46.4186029659,8.9283807351,410.142436713,22.5383370794,0,12.2809243175,121.3800926939,126.4572393576,1351.9707155699,108.2841452627,4.6933464186,9.1758135563,43.9833041439,8.9283807351,1549.5247454,169.1288536575,0,0,0,0,60.9222313747,4.4583049629,0,0,0,0,39.7488593063,8.257979317,0,4.6933464186,0,8.4700686329,81.9440616877,22.79754071,4.0229450006,0,0,0,22.1525752945,13.1745963821,0,0,0,0,4.2350343164,4.6933464186,0,0,0,0,0,0,true
34295,Saussan,5.2338218621,0,5.1130682288,0,46.1383595163,0,0,5.2338218621,0,0,36.2151723939,0,0,0,0,25.9261927378,216.6934858072,5.0537402156,0,5.2338218621,0,0,279.3123176167,15.3992291765,0,0,0,0,0,0,0,0,0,0,0,0,0,0,0,0,5.2338218621,0,0,0,0,0,0,5.0537402156,0,0,0,0,0,0,0,0,0,0,0,0,true
34307,Sussargues,14.9869241492,0,0,5.02850032,74.9646782664,0,55.5271390926,20.0255777475,9.956368831,0,55.5291940908,0,0,0,0,40.4457489688,396.3395784696,9.9604377022,0,0,5.1311871273,0,396.5410066054,15.2908745746,0,0,0,0,40.1355496187,4.927868511,0,0,0,0,20.013369471,5.1311871273,0,0,0,0,15.2908745746,10.05700064,0,0,0,0,0,0,0,0,0,0,0,0,0,0,0,0,0,0,true
34327,Vendargues,53.4863405872,10.9015812496,0,10.7755842384,253.3816727522,5.5152981022,32.127584993,53.807004983,0,0,242.8572567469,5.3862831474,0,0,10.7091949977,53.8643403929,977.7766497655,21.6100128057,0,10.4630784341,10.7725662948,0,1062.9205835188,75.7331286912,0,0,0,0,75.2842482893,0,0,0,0,0,27.1253109078,0,0,0,0,0,38.0917813556,5.450408904,0,0,0,0,10.7091949977,0,0,0,0,0,5.3862831474,0,0,0,0,0,0,0,true
34337,Villeneuve-lès-Maguelone,95.2210717858,73.8796305612,7.8005108118,16.0920306121,308.517044839,7.8969632153,91.5629905143,112.2187737174,35.8261620025,5.3835904363,255.0602474343,12.6022743732,0,0,23.2723095677,71.4873254074,1432.94695642,59.1902270768,0,0,0,20.0913592957,1388.7492410614,111.7815971447,0,0,0,0,53.9941802232,0,0,0,0,0,33.7280221291,0,5.1073978391,2.6839168036,7.8135231143,5.0243568452,28.0205240673,10.4010808361,0,0,0,0,13.8410826629,21.0943950022,0,0,0,0,0,5.0324884004,0,0,0,0,0,0,true
35001,Acigné,93.5866615498,41.8859768612,35.1271661221,4.9673883294,158.061445991,0,91.8032484309,33.6102269475,10.7108791161,0,69.1704379365,10.4434951784,0,0,33.1132951072,25.1291060367,1000.9110185994,137.8960752319,0,0,39.2675587934,10.1891359185,1178.3934448786,157.4667919938,0,5.2217475892,0,0,4.7254192956,0,0,0,0,0,10.7108791161,4.4952369412,4.9673883294,0,4.9673883294,0,58.7027658527,15.2061160573,0,0,0,0,9.9471668848,4.9673883294,0,0,0,0,0,0,0,0,0,0,0,0,true
35022,Bécherel,15,10,0,0,10,0,25,0,0,0,10,0,0,5,0,0,70,5,0,0,0,0,60,5,0,0,0,0,10,5,0,0,0,0,10,0,0,0,0,0,0,0,0,0,0,0,0,0,0,0,0,0,0,0,0,0,0,0,0,0,true
35024,Betton,81.929009043,48.2825321291,11.2569111998,2.0798238824,219.2380766955,17.2925426833,100.4689589291,54.9104562631,26.5018642084,3.6431647711,315.3661695801,22.9862336219,0,0,102.701003003,56.6640671111,1795.8087101126,256.2618055494,1.0118371381,0,43.6477051969,10.4730642031,1954.0312611442,365.3056936494,0,0,0,0,43.604996327,6.6594864873,0,0,0,0,12.4046068162,3.6431647711,2.0236742762,1.0019862076,0,0,64.0131294979,24.7597308824,0,0,0,0,35.7053458265,18.1070020044,0,0,0,0,3.3297432437,0,0,0,0,0,0,3.735513118,true
35032,Bourgbarré,26.9647251514,5.5318709021,0,0,79.2492295667,10.9299302053,56.8024421265,10.9226375597,0,0,37.6158600683,0,0,0,0,10.5065232618,912.7423253273,36.5188681685,0,0,0,0,850.0246084724,101.6282406722,0,0,0,0,15.7597848927,0,0,0,0,0,0,0,0,5.1192640148,0,0,37.6231527139,5.3907666576,0,0,0,0,5.5318709021,0,0,0,0,0,0,0,0,0,0,0,0,0,true
35039,Brécé,0,4.9744705336,4.9068709409,0,29.5791933805,0,34.9620934723,20.1720056531,0,0,19.7645328673,4.9744705336,0,4.9744705336,5.0430014133,19.6960019877,406.4961093309,34.8259503443,0,10.0193473507,0,0,346.2694779555,59.7686964659,0,0,0,0,0,0,0,0,0,0,0,0,0,0,0,0,9.9498723542,0,0,0,0,0,0,0,0,0,0,0,0,0,0,0,0,0,0,0,true
35047,Bruz,86.8848934523,96.5858149258,77.0830639741,14.6858004577,732.767756619,56.1480508021,180.4481972916,164.2703549095,74.9857469137,4.34719347,689.967650106,47.1641282748,8.69438694,2.134124282,28.4050232193,61.0235550763,2447.038335454,287.2572766874,7.7551135536,6.3608878917,2.5870795777,5.6907608666,2278.2236821471,516.3949410979,0,0,0,0,65.2304782635,2.0104691384,0,0,0,0,27.9452734246,8.1973964393,0,5.6404886586,0.9478963294,3.2831020996,128.37922456,60.1542630415,0,2.0104691384,0,0,34.7169917179,14.1528746466,0,0,0.9478152826,0,4.4367719216,3.1029257713,0,0,0,0,3.2831020996,0,true
35051,Cesson-Sévigné,139.8677155952,216.5365570974,185.872708769,35.3089804375,952.3201126565,72.8997663562,124.7675787987,130.0308260086,84.3482833429,8.9590491733,616.8694360587,73.5580086999,3.7874220069,32.6391032194,175.6715841583,49.852984524,1517.5155524914,228.1640446145,0,12.6158309709,94.210819456,9.1445508273,1675.6583909695,332.5420029397,0,0,0,0,33.9731796366,1.0163150642,0,0,0,0,19.389620171,5.4625313821,4.5700060449,11.7692890788,9.3965618412,3.141221265,139.6982500696,98.2106747002,4.2346009669,0,0,0,73.7052522836,22.1510726766,0,0,0,0,0,7.8708462751,0,3.7180231025,0,0,0,0,true
35055,Chantepie,29.7337797053,32.8600452946,15.2200306964,17.1568185676,237.4819562887,8.8532843742,76.8690667486,118.9652768194,2.8067771062,7.2454811515,189.4117156863,52.2336874478,7.4436504744,0,70.2166318471,55.1110826369,1514.3848912805,224.6523802005,0,2.7250085795,43.143510978,3.1946652629,1422.9480157754,384.8456626858,3.4550713994,2.8067771062,0,0,13.3947348456,0,0,0,0,0,0,0,3.1392521948,0,2.8664355767,2.7250085795,66.4709105263,25.8304409809,0,0,0,0,33.9244529407,15.5904769573,0,0,0,0,0,0,0,0,0,0,0,0,true
35058,La Chapelle-Chaussée,25.7375973165,0,0,0,10.2479823527,5.1944904703,56.2025303906,5.1944904703,0,0,10.1549776914,0,0,5.1944904703,0,5.0543436683,261.2263210976,10.2951244935,0,0,0,0,205.2480579685,5.1944904703,0,0,0,0,5.1006340231,0,0,0,0,0,10.3889809407,0,0,0,0,0,5.1473483296,0,0,0,0,0,0,0,0,0,0,0,0,0,0,0,0,0,0,0,true
35059,La Chapelle-des-Fougeretz,20,0,0,0,85,0,30,30,5,0,50,0,0,5,25,40,730,65,0,0,10,0,765,75,0,0,0,0,5,0,0,0,0,0,5,0,0,5,0,0,5,5,0,0,0,0,5,5,0,0,0,0,0,0,0,0,0,0,0,0,true
35065,La Chapelle-Thouarault,35,5,0,0,15,0,15,5,0,0,5,0,0,0,0,5,355,45,5,0,0,0,390,50,0,0,0,0,15,0,0,0,0,0,0,0,0,0,0,0,10,5,0,0,0,0,0,0,0,0,0,0,0,0,0,0,0,0,0,0,true
35066,Chartres-de-Bretagne,25.6013533939,25.9814132221,51.3448098229,4.9519366215,237.4913395086,10.5104470392,30.6810211791,61.4750611605,10.5104470392,0,116.9353895528,20.1676450937,0,5.3176245783,19.7027011585,40.4657457807,1266.8815295297,126.648929227,0,5.1928224609,10.2637718506,9.2462119581,1227.0207552712,193.8725689304,0,0,0,0,30.5762444092,0,0,0,0,0,9.6714340527,0,5.0709493897,0,0,0,71.7504117096,15.4623836607,0,5.0709493897,0,0,5.3176245783,0,0,0,0,0,10.1418987794,0,0,0,0,0,0,0,true
35076,Chavagne,20.8496395254,10.948113442,31.7977529674,0,54.4642080086,0,47.5488809692,26.7122110575,15.5041116888,0,54.4641271336,0,0,5.4723953279,16.1507951409,5.4723953279,731.8562237522,47.6886410882,0,0,5.3391999065,0,635.3904382638,48.5920646666,0,0,0,0,10.1679978011,0,0,0,0,0,5.2092463964,0,0,0,0,0,42.3590091025,5.3391999065,0,0,0,0,4.9587514046,5.4723953279,0,0,0,0,0,0,0,0,0,0,0,0,true
35079,Chevaigné,15,0,0,0,20,0,20,10,0,5,20,5,0,0,5,20,450,70,0,0,0,0,420,100,0,0,0,0,10,0,0,0,0,0,5,0,0,5,0,0,10,5,0,0,0,0,0,5,0,0,0,0,0,0,0,0,0,0,0,0,true
35080,Cintré,10,5,0,0,15,0,20,25,0,0,35,0,0,0,5,10,480,50,0,0,0,0,460,60,0,0,0,0,15,0,0,0,0,0,0,0,0,0,0,0,15,5,0,0,0,0,5,0,5,0,0,0,0,0,0,0,0,0,0,0,true
35081,Clayes,0,5,0,0,15,0,10,0,0,0,0,0,0,0,0,0,155,30,0,0,0,5,170,35,0,0,0,0,5,0,0,0,0,0,0,0,0,0,0,0,0,0,0,0,0,0,5,0,0,0,0,0,0,0,0,0,0,0,0,0,true
35088,Corps-Nuds,32.3004716115,5.3234042291,0,0,37.6627870925,0,58.9962104606,10.5680797086,0,0,48.3508903085,5.40331479,0,0,0,16.0117984917,545.6776667286,48.3119790732,5.3632106806,5.3234042291,0,0,498.0397973872,75.049299275,0,0,0,0,21.4133339289,5.40331479,0,0,0,0,0,0,0,0,0,0,21.333423368,5.3234042291,0,0,0,0,5.4437187832,0,0,0,0,0,0,0,0,0,0,0,5.40331479,0,true
35120,Gévezé,36.1618587052,5.0930588003,10.3663367089,0,71.9325385921,0,82.2380985232,15.3694600131,0,0,71.9025003692,0,0,0,10.3665138464,15.5500354434,1034.8067639444,56.7139638904,0,0,5.2135577729,5.1831683545,1046.1940101669,93.0878368888,0,0,0,0,41.1342444871,0,0,0,0,0,15.4288320449,5.063371761,0,5.1529560736,0,0,15.398795869,0,0,5.1229198977,0,0,5.1529560736,5.1831683545,0,0,0,0,0,0,0,0,0,0,0,0,true
35131,L'Hermitage,5.1527071731,25.4160861257,5.1527071731,10.0997433099,115.8977609078,10.1664344503,64.7949380061,39.9132957603,0,0,85.6013548921,15.2496516754,0,0,5.0146644259,14.9763649885,612.460902545,84.9176130681,0,0,0,5.1527071731,627.4061672964,140.639141034,0,0,0,0,10.0293288517,0,0,0,0,0,5.0832172251,0,0,4.8145033853,0,0,55.0297627856,10.0997433099,0,0,0,0,15.0467543402,5.1527071731,0,0,0,0,0,0,0,0,0,0,0,0,true
35139,Laillé,30,15,0,0,95,5,45,20,0,0,95,0,0,0,20,50,835,50,5,0,0,0,950,50,0,0,0,0,25,0,0,0,0,0,5,0,0,0,0,0,45,10,0,0,0,0,5,5,0,0,0,0,0,0,0,0,0,0,0,5,true
35144,Langan,5.2616969627,0,0,0,10.4496463661,0,5.2616969627,0,0,0,15.6622166919,0,0,5.2616969627,0,10.5728672696,242.3384951387,0,0,0,0,0,178.9248641538,21.0225136356,0,0,0,0,15.7852066377,0,0,0,0,0,0,0,0,0,0,0,5.2125703258,0,0,0,0,0,0,0,0,0,0,0,0,0,0,0,0,0,0,0,true
35180,Miniac-sous-Bécherel,20.3154901918,5.1183536959,0,0,30.4600497491,0,10.1315261799,0,0,0,10.1576943173,5.0788471586,0,0,0,0,96.262650279,15.1842052012,0,0,0,0,136.9068001786,0,0,0,0,0,10.1445933515,0,0,0,0,0,10.1446610272,0,0,0,0,0,0,0,0,0,0,0,0,0,0,0,0,0,0,0,0,0,0,0,0,0,true
35189,Montgermont,0,30.5781402175,0,0,40.8182164552,5.065948864,15.2343348947,10.0247410421,0,0,40.6743196549,5.1386700297,0,0,25.3670044748,25.1861047995,542.377095062,55.9446282929,0,5.065948864,20.2650818674,0,547.6560635657,91.3418785308,0,0,0,0,5.102179887,0,0,0,0,0,0,5.065948864,0,0,0,0,20.1921052491,5.102179887,0,0,0,0,0,5.102179887,0,0,0,0,0,0,0,0,0,0,0,0,true
35196,Mordelles,38.2859509016,38.6309604784,9.8971261371,0,176.6471212216,4.5186963466,68.1386027008,65.9671022719,23.7267518799,0,101.3602871003,0,0,0,4.9485630686,23.8746693639,1094.1811739466,115.0057742312,9.1763637735,9.3153348538,0,4.6576674269,1146.6757090921,156.3861242449,0,0,0,0,76.585257707,0,0,0,0,0,48.0356934234,0,4.6576674269,0,0,0,43.5299505579,5.1007545643,5.1007545643,0,0,4.9485630686,18.9215653493,13.6950601201,0,0,0,0,0,0,4.8009125189,0,0,0,0,0,true
35204,Nouvoitou,21.3391871244,11.4125323471,0,0,43.7480717288,11.1884305007,49.2344495804,22.5924882392,0,0,38.4377484291,0,0,0,0,0,646.9031462921,26.6021157399,5.4864016314,0,0,0,609.4632261386,77.1231239195,0,0,0,0,10.9809573964,0,0,0,0,0,0,0,0,0,0,0,16.48398777,0,0,0,0,0,0,5.4864016314,0,0,0,0,0,0,0,0,0,0,0,0,true
35206,Noyal-Châtillon-sur-Seiche,41.2779722366,15.2881634295,10.9573541154,0,238.9599450339,5.2790551381,94.5327282169,32.3308838924,0,0,180.560549736,5.6858474703,5.0867066735,0,15.8444388693,15.6520904046,1098.1557768741,106.0830101062,0,0,0,5.2790551381,1067.3290011794,175.7662487665,0,0,0,0,5.0867066735,0,0,0,0,0,0,0,0,0,0,0,40.7780776137,10.5653837312,0,0,0,0,20.5534570517,10.7577321958,0,0,0,0,5.2790551381,0,0,0,0,0,0,0,true
35208,Orgères,22.7658410006,5.465601751,0,5.564187194,107.8562571815,5.6645508656,62.4194747101,34.3010689104,17.2016538066,0,79.5243860303,0,0,5.564187194,5.6645508656,22.4574761193,921.0133670004,79.832718837,0,0,0,0,862.4027553474,107.5512877952,0,0,0,0,0,0,0,0,0,0,0,0,0,0,0,0,45.1283202089,11.2287380596,0,0,0,0,16.8950992286,11.5352926377,0,0,0,0,0,0,0,0,0,0,0,0,true
35210,Pacé,74.3156888528,79.2473400805,27.3893426882,9.3207164836,318.5460507486,25.3811394545,152.157353845,74.4048687967,14.2863253153,0,315.3231323259,33.6585394726,5.2228596586,0,30.7469520377,37.0715103648,1830.2904108912,129.5501281019,2.8424194985,0,11.3153118357,7.7638293734,1873.6135003172,237.7655471428,2.5327581112,0,0,0,75.0351788244,0,0,0,0,0,50.975193707,2.6680228118,0,0,0,2.7508960785,65.515013503,43.833610024,0,0,0,0,25.499130908,7.1150783777,0,0,0,0,6.1567211001,0,0,0,0,0,0,2.7710801012,true
35216,Parthenay-de-Bretagne,0,0,5,0,20,0,25,20,0,0,10,0,0,0,0,5,375,20,0,10,10,0,365,30,0,0,0,0,0,0,0,0,0,0,0,0,0,0,0,0,15,5,0,0,0,0,0,0,0,0,0,0,0,0,0,0,0,0,0,0,true
35238,Rennes,1184.841469659,4602.1099622329,4687.9397840675,701.4420847946,10701.5291406949,6436.8508185328,1647.5313732777,5521.0592889061,4161.8533385411,92.1498868765,9528.7842555518,10437.3640875853,25.1921014754,157.5822361634,1056.8127758288,415.6329313956,10804.6440545219,2659.0216383973,2.9469077843,84.2921277224,337.1610494675,28.9535920897,7766.8381465074,2238.7149545554,14.0529978116,20.7775585219,1.0011140922,3.546888661,856.6227845822,211.0455798838,1.0350033269,16.7729597812,8.568510215,1.0706879095,552.1910829211,148.9276873094,43.6072034577,63.1472885227,55.8986122303,14.9773513437,1110.2945469076,905.5611453698,14.468719239,48.5023428156,24.7363098776,0,475.7617900779,590.922342108,4.1006967497,3.6868763069,7.0137141227,0,12.3746263201,28.640363997,10.6402205441,1.0928306725,0,0,11.8872777554,2.8457906292,true
35240,Le Rheu,61.0571607865,65.5792015209,84.3459471513,0,376.4108382093,14.0358879187,126.7407714534,99.4626964812,46.8387030931,0,257.5987995349,14.0880195786,0,0,56.3654744546,9.4225442456,1355.1015044483,145.739150865,0,4.691650128,23.3541323378,0,1308.9228531648,278.3046832819,4.691650128,0,0,0,47.6442261191,4.8036880946,0,0,14.9992709891,9.383300256,32.8416599116,0,0,0,0,0,79.8108379297,28.1500096825,0,0,4.9997569964,0,47.7823298651,9.3702673663,0,0,0,0,4.6786172383,0,0,0,0,0,0,0,true
35245,Romillé,31.9900435937,26.6211446415,0,0,56.829867401,0,57.7691648235,25.8826207813,5.2592578788,5.3647493994,93.4523188458,0,0,0,0,10.4150986044,728.7722920728,36.514926347,0,0,0,0,675.3265061347,41.8796757463,0,0,0,0,20.6295044244,5.2592578788,0,5.4723568954,0,0,26.5072724352,0,0,0,0,0,31.2556276781,0,0,0,0,0,10.2102978753,0,0,0,0,0,5.3647493994,0,0,0,0,0,0,0,true
35250,Saint-Armel,5.0749067304,0,0,0,25.1096470314,0,20.1449327333,10.0394280221,0,0,50.3294864952,0,0,0,0,5.0527523556,407.4710502619,20.2332605117,5.0087333269,0,0,0,352.1989067069,65.5098979369,0,0,0,0,0,0,0,0,0,0,0,0,0,0,0,0,10.0394280221,0,0,0,0,0,15.0045258092,0,0,0,0,0,0,0,0,0,0,0,0,0,true
35266,Saint-Erblon,20,10,5,0,55,0,20,10,0,0,40,5,5,15,20,35,610,50,0,0,0,0,615,80,0,0,0,0,0,0,0,0,0,0,0,0,0,0,0,0,30,0,0,0,0,0,5,0,0,0,0,0,0,0,0,0,0,0,0,0,true
35275,Saint-Gilles,26.5939999697,0,21.2289982288,0,122.5049063337,0,37.3240034513,15.9303767213,5.3982957908,0,111.8423047345,0,0,0,5.3650017408,15.9963525884,906.2859411605,53.1232485378,0,0,0,0,879.7237542068,69.416390518,0,0,0,0,5.2990283988,0,0,0,0,0,21.2620856787,0,0,0,0,0,37.3246156841,5.3982957908,0,0,0,0,0,5.2990283988,0,0,0,0,0,0,0,0,0,0,0,0,true
35278,Saint-Grégoire,50.2147144571,39.9735304473,59.8859461155,0,305.2163044326,15.096337218,50.1068619575,65.0242991104,29.6239905534,10.0640539892,275.5163224819,40.2577497179,4.9999133278,0,84.7281153994,55.0680939899,1359.9600704918,74.9480262042,4.8904262031,5.0320269946,64.8819368655,15.0265526815,1324.8835647361,200.3226466101,0,0,0,0,49.8234131984,4.821127128,0,0,0,0,24.91069074,0,0,0,0,0,99.6079988151,29.7645809191,0,10.1361264784,0,0,9.9574753856,4.9962469842,0,0,0,0,0,5.0320269946,0,0,0,0,0,0,true
35281,Saint-Jacques-de-la-Lande,67.5400226449,85.61699854,76.755846487,5.4810460652,376.4097461698,54.7868091726,156.6078724737,77.4582097078,34.2588486522,0,270.7154960483,101.7454120667,2.3832267571,54.5016619287,180.0278826685,88.8820850462,1833.1669591601,327.7363596706,2.3832267571,32.3496808557,188.0964589746,15.1061927589,1676.3712136939,657.3603939,0,0,3.4141588133,0,31.7797675867,0,0,6.6897582056,0,0,39.4495630248,13.609350559,0,2.0122266874,0,1.0458529822,78.9714306478,36.8182471925,1.0458529822,6.0361943393,3.4049795825,0,38.5796963218,10.7057894565,0,0,0,0,0,0,0,0,0,0,0,7.4535739993,true
35315,Saint-Sulpice-la-Forêt,9.5277923889,4.6552429264,0,0,23.0782910208,0,18.630663168,0,0,0,0,0,4.2492720207,0,28.3854535556,5.0999998583,231.4220496681,19.0754201,0,0,0,4.8725494625,228.7816978461,18.630663168,0,0,0,0,0,0,0,0,0,0,0,0,0,0,0,0,4.8725494625,0,0,0,0,0,4.8725494625,0,0,0,0,0,0,0,4.6552429264,0,0,0,0,0,true
35334,Thorigné-Fouillard,35.0584495043,20.1150757399,5.0904048878,0,170.8500228565,30.0096828379,89.9048152948,40.3937325563,25.0825372429,0,89.9880997692,5.0081127571,0,9.9755796807,50.2873499879,30.0005344883,1372.2550344408,125.4966656745,0,0,5.0490911714,5.0490911714,1418.6325546885,135.7154524518,5.0490911714,0,0,0,20.033451492,5.0081127571,0,0,0,0,10.0981823429,0,0,4.9271509715,0,5.0081127571,34.9355142614,19.9921377757,0,5.0490911714,0,0,15.0659845685,5.0081127571,0,0,0,0,0,0,0,0,0,0,0,0,true
35351,Le Verger,9.9969202109,10.0986030703,0,0,25.2920590348,5.1988621001,39.8879867661,10.094664404,0,0,15.0940994515,4.9974851633,0,0,0,4.8997409702,277.678657062,10.094664404,5.0971792407,0,0,0,218.467766933,45.1806543931,0,0,0,0,0,0,0,0,0,0,19.7005697051,0,0,0,0,0,0,0,0,0,0,0,4.8997409702,0,4.9974851633,0,0,0,0,0,0,0,0,0,0,0,true
35352,Vern-sur-Seiche,30,40,20,0,245,5,80,40,5,0,180,45,0,5,15,30,1295,80,5,0,35,0,1275,160,0,0,0,0,35,0,0,0,0,0,15,5,0,0,5,0,60,0,0,0,0,0,20,5,0,0,0,0,0,0,0,0,0,0,0,0,true
35353,Vezin-le-Coquet,48.4360308269,4.8573668504,0,0,62.7098965055,4.7884924556,38.7907208289,19.2684325332,4.8113413871,0,28.8453084178,9.6916661956,0,4.8113413871,48.3894565834,57.9438137431,753.5524100145,62.6399250655,4.8113413871,9.6226827742,38.6289165133,4.8113413871,811.0734542572,106.6110773003,0,0,0,0,19.291718612,0,0,0,0,0,14.4340241612,4.9038325949,0,0,0,0,28.9602082758,19.337197381,0,0,0,0,0,24.0570345358,0,0,0,0,0,4.8342993452,0,0,0,0,9.7147337008,4.8342993452,true
35363,Pont-Péan,20,15,10,0,60,5,55,0,0,0,55,5,0,5,20,35,805,75,5,0,0,0,740,115,0,0,0,0,5,5,0,0,0,0,0,0,0,0,5,0,45,5,0,0,0,0,30,0,0,0,0,0,0,0,0,0,0,0,0,0,true
38057,Bresson,5,5,0,0,10,0,15,5,0,0,5,0,0,5,20,0,85,15,0,0,5,0,85,10,0,0,5,5,5,0,0,0,0,0,5,0,0,0,0,0,0,0,0,0,0,0,0,0,0,0,0,0,0,0,0,0,0,0,0,0,true
38059,Brié-et-Angonnes,30.2629365059,0,5.2719694633,0,44.8120730259,0,15.0445430573,10.1011522929,0,0,79.973182494,0,0,0,20.2046286395,20.1020420431,431.3754892792,10.2106617287,0,0,9.9939669109,0,496.3172967753,15.2635619289,0,0,0,0,0,10.4320550455,0,5.0505761464,0,0,0,0,0,0,0,0,5.1600855822,0,0,0,0,0,0,10.2106617287,0,0,0,0,0,0,0,0,0,0,0,0,true
38068,Champagnier,8.2343083745,8.5307859164,8.3799256591,0,18.0051467462,0,4.3408230869,0,4.1899628295,0,26.3792563135,0,0,0,13.3461123334,0,241.9453626062,4.044345545,0,4.6590344128,0,4.1899628295,233.2250418971,4.1899628295,0,0,0,0,13.0279010074,0,0,0,0,0,0,0,0,0,0,0,0,0,0,0,4.497115091,0,0,0,0,0,0,0,0,0,0,0,0,0,0,0,true
38071,Champ-sur-Drac,0,15,15,0,90,0,40,10,15,0,25,0,0,0,10,5,560,20,0,0,5,0,600,50,0,0,0,0,10,0,0,0,0,0,10,0,0,0,0,0,5,0,0,5,0,0,5,0,0,0,0,0,0,0,0,0,0,0,0,0,true
38111,Claix,65,15,10,0,125,0,60,45,0,0,175,20,0,10,75,20,1280,130,0,5,40,0,1220,120,0,0,0,0,35,0,0,0,0,0,20,0,0,0,0,0,0,15,0,0,0,0,10,0,0,0,0,0,0,0,0,0,0,0,0,0,true
38126,Corenc,35.8720943922,0,10.3501180818,0,56.1752464637,5.1237842453,51.3459967193,5.3232427366,0,0,71.2632047294,10.2475684905,0,0,96.9024684466,25.9227975341,444.7642151165,50.471736373,0,10.2475684905,61.0101368994,10.1506595905,545.4511719404,50.1791414479,5.1237842453,0,0,0,36.1665935583,5.0268753453,0,0,0,0,0,5.1237842453,0,0,0,0,0,5.2225613704,0,0,0,0,0,20.5007063217,0,0,0,4.7470079776,10.1543607061,0,0,0,0,0,0,0,true
38150,Domène,40.1963598579,69.2049838104,29.1371832038,9.5173009213,148.7252083277,5.1755138998,49.5936369626,107.40518794,14.9297445973,0,84.0035286824,28.8946992207,5.1755138998,0,19.5357854027,43.6145647904,1015.7835777222,93.2895906641,0,0,14.5700139009,0,979.8713499376,183.4309868705,5.1755138998,0,0,0,19.7369923661,0,0,0,0,0,5.0527129796,0,0,0,0,0,4.8157832034,0,0,0,0,0,5.1755138998,0,0,0,0,0,0,4.9328257925,0,0,0,0,0,0,true
38151,Échirolles,90.1826869496,303.696515467,141.8835389365,18.0415284558,1079.0171533084,266.1353722352,167.9579427302,414.7157112849,82.8457593567,6.9006473998,796.4537034366,487.543344672,6.4470468101,79.0792471884,240.7093888814,74.9754885958,3646.0460799535,724.5817190185,3.3185738486,80.143777298,134.2868156212,3.0364501629,2729.9690079415,1151.4330826022,0,1.9837184054,0,0,150.7594388184,11.1099992374,0,1.8499381366,0,0,53.6912256883,17.7829296255,0,1.0801628698,4.2687491908,0,48.3992117419,16.8524954637,0,1.9840546787,0,0,28.7661452367,9.8022433232,2.9640481707,0,0,0,14.5315829031,4.4246207559,3.4709083682,0,0,0,0,0,true
38158,Eybens,34.6375464841,96.9253529814,26.0062376196,3.0179953104,259.6504500464,27.7849110144,57.876066876,112.3400750733,25.9896654245,0,172.1336650556,28.395139206,0,26.5331348271,131.0225900663,33.4507468853,1535.0644173898,107.1138400061,0,10.5628989664,91.2862963687,0,1405.8724711028,364.5144825818,0,0,0,0,49.864729433,3.5039227235,0,0,0,0,17.7134819204,9.8375701747,0,0,5.2117292017,0,18.5542596721,0,0,0,0,0,16.1409308765,0,0,0,0,0,0,0,0,0,0,0,0,0,true
38169,Fontaine,97.4585107162,113.4383681328,102.5922489138,12.5415763217,527.8716983874,134.9573540716,177.439661184,159.4037977979,66.0803342238,3.4720714834,417.1269511169,189.5370104663,0,72.5597669196,511.7397867692,46.8984183991,2580.7572143519,704.0870778205,10.6492823,62.8158680069,307.5334226058,13.4323646622,1815.0385517799,1226.3741862051,4.56488781,7.2305991746,0,0,97.6767615697,31.6793872275,0,0,0,0,20.4905725237,31.3057164492,0,0,0,3.69098911,20.7022555693,11.5503566435,0,2.7635211254,0,0,9.5035112511,10.4772681859,0,0,0,0,7.4684760115,0,0,2.6310348078,0,0,3.1713678458,0,true
38170,Fontanil-Cornillon,15,15,10,0,55,5,25,25,5,0,60,5,5,5,55,15,480,45,0,5,15,0,460,120,0,0,0,0,15,5,0,0,0,0,15,0,0,0,0,0,0,5,0,0,0,0,0,0,0,0,0,0,0,0,0,0,0,0,0,0,true
38179,Gières,15.0067242417,25.0305465627,45.0911674436,4.9957865917,100.0770524315,4.9893483993,35.0221030984,45.0330241007,20.0089490043,0,55.063359502,10.01093765,5.0086879105,25.0563658479,145.0584878728,20.0089739598,955.7632858719,225.2363399178,0,10.0238389687,105.0792938097,5.0022330918,835.7975278967,400.3340787829,0,5.0151510583,0,0,75.1109791778,20.0218752785,0,0,0,0,20.0218752785,15.006707594,0,0,0,5.0022330918,4.9957865917,15.0325268792,0,10.0303021166,0,0,0,0,0,0,0,0,5.0022330918,0,0,0,5.0086879105,0,0,0,true
38185,Grenoble,881.8982780343,3604.5944282532,4531.8556754784,190.1713648473,5564.3297846694,3956.4200423284,1107.7168870374,4475.8871217075,4038.8364908746,65.9894587765,3655.8110653088,6040.1615081859,24.4640987545,276.7310377456,2244.2389112033,213.1273412538,7882.431363051,3535.9868934315,16.2272060578,292.9561409645,1444.2465807947,7.4637758446,5579.9004755289,3958.7529627456,1.7251709498,31.4540133268,25.5647842054,7.1557937287,611.8362122071,285.4193935675,10.7275549795,26.5816861062,14.704660381,4.3218215805,227.2459689344,226.1931401624,13.1450818836,43.4831063108,38.0893512269,1.0208399474,197.0195673104,236.072552389,9.7624475124,11.6314018224,5.1327720143,0.9363677513,73.87035598,139.9056439316,10.4053664298,4.7123210804,6.4418762103,3.7707033229,31.4532347791,21.4570235716,5.5787945567,7.08748487,2.8292292628,0,22.9587693666,27.5405243469,true
38187,Le Gua,0,5.1256964324,0,0,20.03603713,5.1256964324,34.7903994407,10.2513928647,0,0,20.0384659697,0,0,0,0,5.0471047201,367.8084077765,39.9137042745,0,0,0,0,291.7668900879,10.1728011525,0,0,0,0,0,0,0,0,0,0,0,0,0,10.0942094403,0,0,5.0471047201,0,0,0,0,0,0,0,0,0,0,0,0,0,0,0,0,0,0,0,true
38188,Herbeys,4.9814375908,0,10.0990477787,0,25.2232906153,0,15.1708584456,14.9443127723,0,0,14.9892962054,0,0,0,15.0796692815,0,215.6514416744,0,0,0,0,5.1176101879,190.8313660801,14.9447153469,0,0,0,0,0,0,0,0,0,0,0,0,0,0,0,0,0,5.0264210239,0,0,0,0,0,0,0,0,0,0,0,0,0,0,0,0,0,0,true
38200,Jarrie,0,15.0959178274,5.049511537,0,140.6491194557,0,20.0399158436,5.049511537,4.996755504,0,95.4934703543,0,0,5.0230642605,30.1392137849,30.0861828846,577.5592062344,25.141907099,0,0,0,0,658.139672666,40.3434762416,0,0,0,0,15.0430225451,0,0,0,0,0,0,0,0,0,0,0,9.9676149134,0,0,0,0,0,4.9445506529,0,4.996755504,0,0,0,0,5.0230642605,4.996755504,0,0,0,0,0,true
38229,Meylan,121.2850267423,187.0518394582,137.6011007863,16.9850341693,490.2965815423,42.4386321865,91.6525470367,228.7691512657,88.6667660695,2.0708224942,472.0513197147,90.165878138,5.9638266161,17.5397285738,353.3515010001,47.1002657761,1858.232554211,360.1121233802,4.1490848911,27.9354140175,207.9143461029,11.7465247377,1772.7812322587,585.5535802664,3.1295528494,0.8665728629,3.3690515447,0,100.2225825355,21.0265057878,0,1.0103510845,0,0,45.1720665636,10.3514762811,0,6.0715751968,0,0,36.0748384718,31.9839116742,0,0,0,0,9.0712832433,19.5963600346,0,3.8208064846,0,0,3.4151997395,5.2722461204,0,0,0,0,1.9965750095,0,true
38235,Miribel-Lanchâtre,0,5.0018528616,0,0,10.0078789493,0,5.0746134361,9.8612993722,0,0,25.1579303893,0,0,0,0,0,99.7627074029,5.1484324387,0,0,0,0,69.6018657239,5.0018528616,0,0,0,0,0,0,0,0,0,0,0,0,0,0,0,0,0,0,0,0,0,0,0,0,0,0,0,0,0,0,0,0,0,0,0,0,true
38252,Montchaboud,4.9451243595,0,0,0,4.9451243595,0,0,0,0,0,0,0,0,0,0,0,38.578350184,0,0,0,0,5.3266833744,49.5605703727,0,0,0,0,0,0,0,0,0,0,0,0,0,0,0,0,0,0,0,0,0,0,0,0,0,0,0,0,0,0,0,0,0,0,0,0,0,true
38258,Mont-Saint-Martin,0,0,0,0,0,0,0,0,0,0,0,0,0,0,0,0,17.8019073242,0,0,0,0,0,17.8019073242,0,0,0,0,0,0,0,0,0,0,0,0,0,0,0,0,0,0,0,0,0,0,0,0,0,0,0,0,0,0,0,0,0,0,0,0,0,true
38271,Murianette,0,0,0,0,9.9918496514,0,4.816176392,0,0,0,0,0,0,0,0,0,159.4298243841,14.6274468452,0,0,9.6323527841,0,139.526459414,20.2578766971,0,0,0,0,0,5.1806583996,0,0,0,0,0,0,0,0,0,0,0,0,0,0,0,0,0,0,0,0,0,0,0,0,0,0,0,0,0,0,true
38277,Notre-Dame-de-Commiers,0,5.3043284133,0,0,10.3454131026,0,5.3043284133,0,0,0,5.3043284133,0,0,0,0,0,110.1762261887,5.394058245,0,0,0,0,109.82180923,5.2160912319,0,0,0,0,10.6086568266,0,0,0,0,0,0,0,0,0,0,0,0,0,0,0,0,0,0,0,0,0,0,0,0,0,0,0,0,0,0,0,true
38279,Notre-Dame-de-Mésage,0,0,0,0,9.7080690307,0,9.8749295719,5.1101615774,0,0,9.5412084895,0,0,4.7706042447,0,0,207.7440997646,5.1101615774,0,0,0,0,207.8469245278,5.1101615774,0,4.937464786,0,0,0,0,0,0,0,0,0,0,0,0,0,0,4.7706042447,0,0,0,0,0,0,0,0,0,0,0,0,0,0,0,0,0,0,0,true
38281,Noyarey,26.0494547102,0,0,0,10.6289056991,0,14.0813289177,26.8938177038,0,0,42.5458937557,0,0,0,9.5666190853,10.090960682,429.7861250116,40.5969426936,0,0,0,4.7765078324,353.8192262291,46.1875425603,0,0,0,0,5.3144528496,0,0,0,0,0,10.6289056991,4.7765078324,0,0,0,0,0,0,0,0,0,0,0,0,0,0,0,0,0,5.0383058324,0,0,0,0,0,0,true
38309,Poisat,4.9830186969,0,0,0,19.9696251387,0,0,5.0572991248,0,0,14.875595937,0,0,0,49.794275141,9.8925772401,244.1437246619,39.5712202045,0,0,34.7717568863,4.9462886201,233.9937401124,44.7913204305,0,0,0,0,0,0,0,0,0,0,4.9462886201,0,0,0,0,0,5.0200215233,0,0,0,0,0,0,0,0,0,0,0,0,0,0,0,0,0,0,0,true
38317,Le Pont-de-Claix,34.4249289991,106.3463293265,69.9421065841,0,255.7125968866,28.4483220704,65.9581764097,145.7914347055,17.117460714,0,196.4140918913,73.0466533032,3.1632049367,5.9250269963,77.3184846543,11.5519300478,1425.1828737624,255.381823021,0,19.4687835852,28.7839156471,5.1301347892,1123.6028967576,362.6858128995,0,0,0,0,43.3972063096,12.7385760888,0,0,0,0,11.8463197547,7.350581829,0,0,0,0,3.2499400707,7.3676485839,0,0,0,0,8.1580783379,0,0,0,0,0,7.7674670337,0,0,0,0,0,0,0,true
38325,Proveysieux,0,0,0,0,15.118117634,0,0,0,0,0,5.0391259529,0,0,0,0,5.0389410209,85.6679153957,15.1179326817,0,0,0,0,105.8249740574,0,0,0,0,0,5.0391259529,0,0,0,0,0,0,0,0,0,0,0,0,0,0,0,0,0,0,0,0,0,0,0,0,0,0,0,0,0,0,0,true
38328,Quaix-en-Chartreuse,4.9470914661,0,0,0,15.2836027227,5.2434134061,4.8052707199,0,0,0,10.641578718,5.0930978505,0,0,5.0930978505,0,213.6000317367,5.3981653119,0,0,0,0,166.6968875006,4.9470914661,0,0,0,0,0,0,0,0,0,0,0,0,0,0,0,0,4.8052707199,0,0,5.2434134061,0,0,0,0,0,0,0,0,0,0,0,0,0,0,0,0,true
38364,Saint-Barthélemy-de-Séchilienne,4.9757470668,0,0,0,5.0442853312,0,4.9757470668,0,0,0,10.0219077267,0,0,0,0,0,95.1054652952,0,0,0,0,0,69.672681701,5.0442853312,0,0,0,0,4.908140053,0,0,0,0,0,0,0,0,0,0,0,0,0,0,0,0,0,4.908140053,0,0,0,0,0,0,0,0,0,0,0,0,0,true
38382,Saint-Égrève,52.7509401136,106.9557501849,76.6694307804,22.8603522838,520.4144466814,85.7517906695,114.9488827909,139.0942338182,59.3129019963,3.9976895982,505.78145295,80.2853067962,4.6640522966,1.7496207453,354.1463590716,51.9933820487,1689.4440814096,369.7050100991,1.9841865492,5.3278012686,144.8822394638,8.3625046416,1652.6999162926,615.5303563196,0,0,0,0,65.4778353158,15.9381484983,0,0,0,0,18.7003781326,2.8780725074,3.1892189828,0,0,2.6848405331,27.4565714748,6.5182785627,0,0,0,0,9.4895697453,8.3082381921,0,2.7208286221,0,0,9.1178048965,0,0,0,0,0,2.5281709657,6.3610755239,true
38388,Saint-Georges-de-Commiers,10.2139806927,5.1362934838,0,0,66.4200545866,5.1195195034,20.4446396127,5.1111530669,0,0,46.0171651877,0,0,0,5.102800303,0,465.282927953,25.5641591161,0,0,0,5.0944611894,439.7855363022,35.7948180137,0,0,0,0,15.3502057686,0,0,0,0,0,0,0,0,0,0,0,0,0,0,0,0,0,5.102800303,0,0,0,0,0,0,0,0,0,0,0,0,0,true
38421,Saint-Martin-d'Hères,89.3256133028,387.7563595637,287.7552176437,29.3027252429,1031.0368405792,226.4138343105,214.6610030432,368.1678856536,196.0950329667,6.3627464306,987.9053328812,363.8585386477,12.5333075358,102.0420058688,734.1160817354,117.4092938017,3480.2384622735,906.4819987786,4.9971306793,55.729635827,477.0934548261,9.277334164,2798.7676823758,1289.3844804078,4.1213872268,5.5575058347,7.9729380045,0.9356048403,199.4391341061,64.0526915736,0.9931434535,5.4400061473,0,0,56.0005914512,25.0798547708,3.1021333184,6.2029768253,0.9931434535,0,44.2096125934,34.7180725934,3.165502473,4.1007359777,0,0,23.0389413632,6.3992775904,2.7290702246,0,0,0,15.5138533765,7.3106940044,3.165502473,0,0,0,7.4090791264,2.1839877627,true
38423,Saint-Martin-le-Vinoux,30.3832737682,15.60579264,0,0,96.4418782778,10.1873349888,15.3269236357,29.9321215153,0,0,95.918698642,30.028887905,0,40.6608098784,85.8395602078,25.6094131578,662.7518538879,226.7078883251,0,0,55.9090217456,5.0477463419,549.7769615447,326.9892008628,0,0,0,0,20.381294434,15.2367225143,0,0,0,0,9.9167022974,10.0971338674,0,0,0,0,0,5.0477463419,0,0,0,0,5.2331019966,0,0,0,0,0,0,0,0,0,0,0,0,0,true
38436,Saint-Paul-de-Varces,0,0,0,4.618859132,44.8733022425,0,25.7078465912,0,0,0,15.5256791427,0,0,0,9.6376769812,0,445.4641684478,0,0,0,9.237718264,0,479.4017640622,5.0188178492,0,0,0,0,10.4722278546,4.250773852,0,0,0,0,0,0,0,0,4.618859132,0,5.4534100054,15.5256791427,0,0,4.618859132,0,0,5.4534100054,0,0,0,0,0,0,0,0,0,0,0,0,true
38445,Saint-Pierre-de-Mésage,0,0,0,5.0993685834,10.1390893546,0,5.1597223596,0,0,0,25.7432333885,0,0,0,0,0,133.4995630247,0,0,0,0,0,112.7356883734,5.0993685834,0,0,0,0,0,0,0,0,0,0,5.1597223596,0,0,0,5.0993685834,0,0,0,0,0,0,0,10.1987371668,0,0,0,0,0,0,0,0,0,0,0,0,0,true
38471,Le Sappey-en-Chartreuse,20.002069948,10.0147638708,0,0,9.9971168774,4.9975780507,34.9928533111,19.9961922272,0,0,20.0001091716,4.9956195784,0,0,0,4.9975780507,170.0136910592,14.9927341521,0,4.9975780507,0,0,184.9887843664,15.0005718808,0,0,0,0,10.0029953666,9.9931976291,0,0,0,0,0,0,0,0,0,0,9.9951561014,0,0,0,0,0,0,0,0,0,0,0,0,0,0,0,0,0,0,0,true
38472,Sarcenas,5,0,0,0,0,0,5,0,0,0,0,0,0,0,5,0,30,5,0,0,0,0,45,0,0,0,0,0,0,0,0,0,0,0,0,0,0,0,0,0,0,0,0,0,0,0,0,0,0,0,0,0,0,0,0,0,0,0,0,0,true
38474,Sassenage,91.5535813421,50.196026365,37.1437702154,13.9610763267,254.3525071214,11.3726060126,91.9481270632,71.7947447881,31.1302864772,0,272.6831588409,12.5324370572,2.8216505541,5.2808441356,179.566371133,49.6525161172,1616.2755283681,194.785326814,0,7.5717857023,72.2634737582,7.8246680405,1489.9817121178,418.1170713518,0,0,2.6841985033,0,74.8828420905,15.4869546895,0,0,0,0,26.0098555712,16.0083908358,0,0,0,0,15.1559795914,12.7326930938,0,0,0,0,10.2970101425,2.4684158469,0,0,0,0,5.6226821286,2.4684158469,0,0,0,0,0,0,true
38478,Séchilienne,0,0,0,0,15.9550682654,0,5.5980643075,0,0,0,20.3088146085,0,0,0,0,6.071580059,193.7283006107,6.071580059,0,0,0,0,207.5744597319,15.6208528391,0,0,0,0,5.5980643075,0,0,0,0,0,0,0,0,0,0,0,0,0,0,0,0,0,0,0,0,0,0,0,0,0,0,0,0,0,0,0,true
38485,Seyssinet-Pariset,58.3253914213,69.239977621,47.5467381743,0,210.4440884356,12.3764107554,69.2749971179,110.9851411024,21.2079736414,0.9646522032,165.8797464792,39.4800020354,0,22.4633033873,269.4330507711,46.1070434553,1476.7691081007,306.105993788,0,39.2330980174,130.1670890634,5.6295631889,1427.5091404573,559.8184755353,1.8354677619,3.3333985222,0,6.3598483311,46.3047648686,13.1476737399,3.3333985222,0,0,0,21.6021557401,7.9669119496,2.7222515236,2.5781451557,5.5102746998,0,6.8159223684,7.9397005169,0,5.0000977833,0,0,5.2511552364,10.7219918706,0,0,0,0,10.7179467508,1.8456783043,0,0,0,0,0,0,true
38486,Seyssins,58.2743764796,4.8389547469,14.7037379532,0,102.692066775,24.3398737126,59.5473073774,63.3207821591,4.8803739522,0,102.5927746191,14.5789489212,0,9.8024326285,200.2457598144,14.6620528506,1025.1368369749,171.5584844676,0,4.8596202221,97.6915579263,4.9221476867,854.2431750848,229.3380170669,0,4.8803739522,0,0,29.2409135169,4.8803739522,0,0,0,0,14.6411218567,0,0,0,0,0,0,4.8596202221,0,0,0,0,0,0,0,0,0,0,0,4.8389547469,0,0,0,0,0,0,true
38516,La Tronche,24.7344093843,127.4682887001,35.3082907644,10.1211997905,75.6703896862,20.1230952098,43.9506675753,172.2472708419,64.7282361343,4.9311947536,120.6089946653,39.5314741297,0,29.9953271996,192.0177327323,40.5082251199,497.4099701654,104.3740603111,0,40.4307788916,104.8891123639,14.9296943041,483.1564510661,221.7029358747,0,4.8050986447,0,0,54.5882539305,0,0,0,0,0,25.2533644626,5.0605998952,0,0,0,4.8050986447,14.4185203513,0,0,0,0,0,14.9229894025,0,0,0,0,0,4.9997878872,0,0,0,0,0,0,0,true
38524,Varces-Allières-et-Risset,1080,310,60,0,230,30,100,55,25,0,185,5,0,0,40,65,1010,20,0,5,5,10,1100,95,5,0,0,0,40,5,0,0,0,0,5,0,0,0,0,0,5,0,0,0,0,0,10,5,0,0,0,0,0,0,0,0,0,0,0,0,true
38528,Vaulnaveys-le-Bas,15.4354010631,0,0,0,52.2928618823,4.9985142897,5.2564494773,0,0,0,15.6824484051,0,0,5.2346963385,10.4585948541,5.2564494773,225.1902030007,10.2440759215,0,0,0,0,261.9201124778,5.2455616317,0,0,0,0,0,5.2564494773,0,0,0,0,0,0,0,0,0,0,0,0,0,0,0,0,0,0,0,0,0,0,0,0,0,0,0,0,0,0,true
38529,Vaulnaveys-le-Haut,45.3109964698,15.1954572883,0,0,108.3788654612,0,52.6342061432,34.3177051089,0,0,28.8064104532,0,5.2374446516,0,4.7055478693,18.8634179323,688.5557066982,30.9077912432,0,9.4110957387,5.2374446516,0,656.4728608834,52.837572571,0,0,0,4.7055478693,18.8634179323,0,0,4.4602127057,0,0,4.9643777577,0,0,0,0,0,0,0,0,5.5255316613,0,0,0,5.2374446516,0,0,0,0,5.2374446516,0,0,0,0,0,0,0,true
38533,Venon,14.5403812285,0,0,0,18.5112490157,0,0,0,0,0,0,0,0,0,26.5472703741,0,92.1883000224,9.5532120356,0,0,4.6116629885,0,123.3236356476,13.6153201144,0,4.6116629885,0,0,8.6075986766,0,0,0,0,0,0,0,0,0,0,0,0,0,0,0,0,0,0,0,0,0,0,0,0,0,0,0,0,0,0,0,true
38540,Veurey-Voroize,10.092323078,4.7871866781,19.838839453,4.8717511819,30.0126597819,10.0031975097,14.8749486915,4.8717511819,0,0,19.8342783884,0,0,0,14.7013118611,5.0453880123,197.1392774885,20.0955205877,0,0,0,0,208.1768010006,34.7077068804,0,0,0,0,14.7873701766,4.8717511819,0,0,0,0,4.7871866781,0,0,0,0,0,5.0453880123,0,0,0,0,0,0,0,0,0,0,0,0,0,0,0,0,0,0,0,true
38545,Vif,46.0947636557,46.0465389625,20.2303446404,5.0514886727,313.0357985651,14.6701130825,69.5703493063,143.3692661591,10.6245292925,0,305.2208545038,10.1517866852,4.8093122049,5.0514886727,30.3833300592,34.860789744,1365.9610764667,104.8548731441,5.0514886727,0,0,0,1198.0041374157,137.6162815602,0,0,0,0,25.294642375,0,0,0,0,0,10.1151723202,0,5.0514886727,0,0,0,9.630234738,9.8608008776,0,0,0,0,10.1029773453,0,0,0,0,0,0,0,0,0,0,0,0,0,true
38562,Vizille,50.3990570545,101.0678605759,15.1315393059,0,171.2829409182,0,20.1530517997,176.47299481,15.114634419,15.0809934901,257.2357157606,10.0428007359,0,5.0719461838,5.021400368,5.021400368,988.1041665316,80.4942664636,0,10.0260643191,0,10.1269874806,740.4868981676,65.5642930708,0,0,0,0,10.0933465518,0,0,0,0,0,5.0381927542,0,0,0,0,0,5.0046639511,0,0,0,0,0,10.1269874806,0,0,0,0,0,0,0,0,0,0,0,0,0,true
42001,Aboën,0,0,0,0,19.2018599685,0,4.6907638568,4.6058497932,0,0,4.9550149482,0,0,0,0,0,86.0096027724,0,0,0,0,0,114.4231040721,0,0,0,0,0,14.1603366081,0,0,0,0,0,0,0,0,0,0,0,0,0,0,0,0,0,0,0,0,0,0,0,0,0,0,0,0,0,0,0,true
42005,Andrézieux-Bouthéon,56.0264362861,62.6794425783,30.8797896671,5.0583039462,576.9928582139,10.647701691,83.2683569227,114.3015431144,5.0583039462,0,431.9460341167,21.2954033821,0,15.6293478159,26.1970557045,15.7804557577,1027.9560083294,51.6012881724,0,10.1910580129,5.2849577948,0,1025.1833786699,73.153989225,0,0,0,0,145.1724206245,31.0253698211,0,0,0,0,30.8020035655,5.1327540666,0,0,0,0,20.6832199947,0,0,0,0,0,0,10.4177118614,0,0,0,0,0,0,0,0,0,0,0,0,true
42031,Caloire,0,3.9122192897,0,0,11.4144801636,0,0,5.4008219015,0,0,0,0,0,0,0,0,49.9544065716,0,0,0,0,0,48.2848106339,0,0,0,0,0,0,0,0,0,0,0,5.4008219015,0,0,0,0,0,0,0,0,0,0,0,0,5.4008219015,0,0,0,0,0,0,0,0,0,0,0,0,true
42032,Cellieu,10.0738902683,0,0,10.0738902683,65.3812985821,0,9.7537005627,0,0,0,51.2649638506,0,5.0369451341,10.7980106846,0,0,190.6835729353,5.2148340039,0,0,0,0,265.8018170806,0,0,0,0,0,64.4792892961,4.6991648787,0,0,0,0,19.8102072787,4.8651244249,0,0,0,0,4.8651244249,0,0,0,0,0,0,0,0,0,0,0,5.0369451341,0,0,0,0,0,0,0,true
42036,Chagnon,9.6852479583,0,0,0,19.5273972924,0,4.8420179088,4.6911968707,0,0,14.6829357713,0,0,0,0,0,48.3502136883,0,0,0,0,0,82.2504000567,4.9192371252,0,0,4.9192371252,0,43.5045783849,4.8420179088,0,0,0,0,29.0545317342,0,0,0,0,0,0,0,0,0,0,0,0,0,0,0,0,0,0,0,0,0,0,0,0,0,true
42043,Chambœuf,20.9772768157,5.3702355076,0,0,31.905606305,0,0,10.7404710151,0,0,31.7162495959,0,0,0,0,0,369.7998198003,5.3066202042,5.2437584817,0,0,0,349.452676298,10.6162548389,0,0,0,0,26.3460140884,0,0,0,0,0,5.3702355076,0,0,0,0,0,5.3702355076,0,0,0,5.2437584817,0,5.2437584817,0,0,0,0,0,0,0,0,0,0,0,0,0,true
42044,Le Chambon-Feugerolles,21.4799271258,87.7575937163,18.6328231308,9.087255945,330.4514932487,16.1561210171,82.1516868722,91.6171827554,0,0,235.2460252488,27.5540684822,0,20.3658605452,15.6326833738,4.1268756291,1216.7473199576,122.5748020656,3.896760979,2.7873898439,2.8918682269,0,1003.4444528593,181.7371135191,3.2471199772,0,0,0,216.7877585971,22.2153223615,0,0,0,0,110.0484573289,40.2130020667,0,0,0,0,21.3288020007,0,0,0,0,0,1.0059362304,1.0340640871,0,0,0,0,0,2.8979585981,0,0,0,0,0,2.856617948,true
42053,Châteauneuf,5.3274022078,4.7701257667,0,0,36.8683582815,0,0,0,0,0,20.5917990757,0,0,4.7701257667,0,0,154.5501869813,5.0410691863,0,5.0410691863,0,0,188.8523277953,10.3684713941,0,0,0,10.0821383726,134.0917701919,36.3036040627,0,0,0,0,77.4790718991,10.5096607031,0,0,0,0,5.0410691863,10.5096607031,0,0,0,0,4.9037265439,0,0,0,0,0,0,0,0,0,0,0,0,0,true
42083,Dargoire,0,0,0,5.1724418793,0,0,0,0,0,0,10.0508755996,0,0,0,0,0,9.9101991166,0,0,0,0,0,10.1957291377,0,0,0,0,5.1724418793,75.2473458212,0,4.8784337203,0,0,0,76.1251932433,4.8784337203,0,0,0,0,4.8784337203,4.8784337203,0,0,0,0,0,0,0,0,0,0,0,0,0,0,0,0,0,0,true
42085,Doizieux,4.3846033923,4.3846033923,0,0,19.748457847,0,4.6215504565,10.2691018495,0,0,4.6215504565,0,0,4.8713023074,0,4.8713023074,137.205814143,0,0,0,4.6215504565,0,138.1806333277,9.7966290756,0,0,5.1345509248,0,38.5384359848,4.6215504565,0,0,0,0,15.4036527743,9.2559056998,0,0,0,0,0,0,0,0,0,0,0,0,0,0,0,0,0,0,0,0,0,0,0,0,true
42092,L'Étrat,0,0,0,10,45,0,5,0,0,0,55,5,0,5,0,0,475,10,0,10,0,0,390,45,0,0,0,0,50,0,0,0,0,0,10,15,0,0,0,0,30,0,0,0,0,0,5,0,0,0,0,0,0,0,0,0,0,0,0,0,true
42093,Farnay,15,0,0,0,35,0,10,10,0,0,5,0,0,0,0,0,180,0,0,0,0,5,180,5,0,0,0,0,85,5,0,0,0,0,50,5,0,0,0,0,0,0,0,0,0,0,5,0,0,0,0,0,0,0,0,0,0,0,0,0,true
42095,Firminy,50.1573474202,169.6151164417,7.674246446,11.4050669526,540.5355988563,21.9775620913,70.7844411426,331.843231662,0,3.577845259,555.2948193793,32.8248943134,0,24.3394528805,5.3281917185,3.539352801,1434.1760572504,132.8965997649,3.8386027629,7.9222878459,0,0,1175.1026284587,241.7070049382,0,4.8388822385,3.1670346804,1.3812347632,287.0503140765,13.6654048572,0,3.8384064458,0,0,144.3628695744,21.8167766049,3.7451840955,4.8162056267,0,0,41.1398079468,0,0,0,0,0,11.6242908377,7.1568400616,0,0,0,0,0,0,0,0,0,0,0,0,true
42096,Fontanès,0,15,5,0,15,0,10,0,0,0,10,0,0,0,0,0,140,10,0,0,0,0,90,10,0,0,0,5,10,5,0,0,0,0,20,0,0,0,0,0,5,0,0,0,0,0,0,0,0,0,0,0,0,0,0,0,0,0,0,0,true
42097,La Fouillouse,25.971490092,20.7588765439,0,5.301107713,72.6118597632,0,56.9801605731,47.3576007476,0,5.1225906221,119.9739425004,0,0,0,5.3926858098,0,756.1355070167,10.2451812442,0,0,0,0,720.0079621041,15.634783122,0,5.1225906221,0,0,67.846355694,15.724806048,0,0,0,0,21.0259401708,5.211084787,0,0,0,0,0,0,0,0,0,0,0,0,0,0,0,0,0,0,0,0,0,0,0,0,true
42099,Fraisses,0,10.435387212,0,0,94.6683551427,14.9066266514,34.5118610261,20.3362966329,0,0,45.1438327053,5.0034720904,0,15.120848167,9.907506091,0,483.837554004,19.9231552439,0,15.1186030269,0,0,565.68293832,15.1164044589,0,5.217693606,0,0,136.2928744585,4.8996824707,0,0,0,0,70.3886536191,0,0,0,0,0,5.0034720904,0,0,0,0,0,0,0,0,0,0,0,0,0,0,0,0,0,0,0,true
42100,La Gimond,5,0,0,0,5,0,5,0,0,0,5,0,0,0,5,0,60,0,0,0,0,0,40,0,0,0,0,0,5,0,0,0,0,0,15,0,0,0,0,0,0,0,0,0,0,0,0,0,0,0,0,0,0,0,0,0,0,0,0,0,true
42103,La Grand-Croix,20.999480824,10.7755865383,5.2489989328,0,88.1080889519,10.7720104796,51.8499139609,25.4506602607,5.1154777186,0,107.8765491121,5.3860052398,0,16.5797628164,19.9480318694,4.8585382161,466.0168688045,41.2078486368,5.1154777186,4.8585382161,0,0,479.7642665272,42.0691997031,0,0,0,0,278.4923644066,35.1744431778,5.2489989328,5.1154777186,0,0,190.4019016067,40.8140778761,0,0,0,0,5.2489989328,0,0,0,0,0,0,0,0,0,0,0,0,0,0,0,0,0,0,0,true
42110,L'Horme,5.0229383028,10.047087165,10.042246094,0,115.4961221671,5.0241488622,50.2063928977,35.1496768763,0,0,55.2281229731,5.0217280351,0,0,0,10.0398264333,456.9615474527,40.1052750339,0,0,0,0,522.2633674451,55.2050074628,0,0,5.0180989812,5.0180989812,271.1588075921,10.0458768973,0,0,0,0,75.3283442693,45.1955540653,0,0,0,0,15.0615544683,0,0,0,0,0,0,0,0,0,0,0,0,0,0,0,0,0,0,0,true
42123,Lorette,0,25.2952973014,10.1680971928,10.2243316422,86.3334649192,0,35.4624700177,60.9266214944,0,0,55.6328844915,5.1262632017,0,10.113094821,0,10.1680971928,339.4200116626,60.8417321638,0,5.042143284,0,5.0700287523,436.3105814688,55.7720084586,0,5.0700287523,0,5.042143284,293.5401496321,25.1832902238,0,0,0,0,152.105794253,30.4486757148,0,0,0,0,20.1409944115,5.0700287523,0,0,0,0,15.2942053215,5.0980684405,0,0,0,0,0,0,0,0,0,0,0,0,true
42133,Marcenod,5.0235784226,4.9007205557,0,0,25.1301366548,0,4.9007205557,4.7808673309,0,0,9.930383587,0,0,0,0,4.7808673309,94.7660656482,0,0,0,0,0,100.2567314848,0,0,0,0,0,55.4037821697,0,0,0,0,0,44.729938911,0,0,0,0,0,0,0,0,0,0,0,0,0,0,0,0,0,0,0,0,0,0,0,0,0,true
42167,Pavezin,10,0,0,0,10,0,0,0,0,0,5,0,5,0,0,0,40,0,0,0,0,0,55,5,0,0,0,0,15,0,0,0,0,0,15,0,0,0,0,0,5,0,0,0,0,0,0,0,0,0,0,0,0,0,0,0,0,0,0,0,true
42183,La Ricamarie,46.097873096,25.1344546337,0,0,191.6497355981,10.0302720522,50.270226501,45.0865735296,0,0,120.8315296583,14.9892381942,0,0,5.1307390302,4.9021377256,630.630777137,65.3809735469,0,0,0,0,532.7103078678,130.8161031319,0,0,0,0,122.1058799391,5.1307390302,0,0,0,0,34.8806067364,14.9350144814,0,0,0,0,5.1307390302,5.0726082197,0,0,0,0,0,0,0,0,0,0,10.0302720522,0,0,0,0,0,0,0,true
42186,Rive-de-Gier,23.4763560504,70.6354763438,3.0868769262,0,331.8877733875,11.7766251153,130.3076171948,174.2397541083,0,0,454.14741116,36.5761521092,0,13.0421582522,2.6395244868,17.8211966255,708.3879296182,64.9789267303,0,0,0.9999795446,0,680.6695352027,94.0154370403,0,8.2037052547,1.034935333,3.8923600676,1208.3771825071,164.999111649,0,6.2262952557,0,0,664.0556558157,144.1170090833,0,0,0,2.7135260998,56.6721345108,0.8058838803,0,0,0,0,13.0343214447,2.7756466322,0,0,0,0,5.2790489735,0,0,0,0,0,0,0,true
42189,Roche-la-Molière,29.6336079145,75.6281894658,5.156211608,3.170494496,294.8989233465,8.7077335822,70.1051622819,79.9851419874,2.6887066161,0,218.0751969376,17.4673287778,0,0,11.9864333967,26.1099461835,1268.9294560752,55.4025473625,3.6039406243,2.8600246153,2.9675581709,2.6097818424,1280.5512254911,146.3671061876,0,0,0,0,155.4075143333,13.8594322726,0,0,0,0,38.2132801611,21.346371325,0,0,0,0,16.7383831755,6.0286767483,0,0,0,0,1.1180729181,6.8389366618,0,0,0,0,2.5464297656,0,0,0,0,0,0,0,true
42192,Rozier-Côtes-d'Aurec,5.0052566371,0,0,0,4.8529254045,0,0,0,0,0,4.7052302587,0,0,0,0,0,64.6940186505,0,0,0,0,0,74.545120072,4.8529254045,0,0,0,0,14.9413881274,0,0,0,0,0,4.8529254045,0,0,0,0,0,0,0,0,0,0,0,0,0,0,0,0,0,0,0,0,0,0,0,0,0,true
42206,Saint-Bonnet-les-Oules,14.1344694647,4.7588959762,0,9.4466613032,18.8790880124,0,23.6520904643,0,0,4.7020427555,23.6235786984,0,0,0,0,0,316.7531086503,0,0,0,0,0,326.1426171483,4.7303839537,0,0,0,0,52.0060105385,0,0,0,0,0,9.4750880419,4.7303839537,0,0,0,0,0,0,0,0,0,0,4.7446185477,0,0,0,0,0,0,0,0,0,0,0,0,0,true
42207,Saint-Chamond,117.7438019348,290.7889707907,63.2363243668,28.8255582565,1461.2828394467,52.192693629,200.0619215204,583.7496078327,18.6722587015,0,1772.0753883025,181.0862002967,5.8363432972,5.3744114777,24.1550934234,9.2242913815,2526.4163805138,220.2289286041,2.5571856247,42.0533709895,0,2.7357602179,2281.6321136649,285.4554634291,0,11.6280142826,3.4496061366,6.2584440268,1150.6416012667,247.5224033026,2.8775227831,5.4069216104,0,0,446.5078950581,264.4999403308,0,3.3167422522,0,0,68.081684086,17.1661468118,0.9741335953,0,0,0,13.1217587218,13.0961421727,3.6846336846,0,0,0,3.1210048962,5.1375811486,0,0,0,0,0,0,true
42208,Saint-Christo-en-Jarez,10,5,0,0,55,0,15,30,0,0,35,0,0,0,0,0,355,0,0,0,0,0,305,10,0,0,0,5,65,5,0,0,0,0,40,0,0,0,0,0,10,0,0,0,0,0,5,0,0,0,0,0,0,0,0,0,0,0,0,0,true
42210,Sainte-Croix-en-Jarez,15,5,0,0,15,0,10,0,0,0,25,0,0,0,0,0,35,0,0,0,0,0,60,0,0,0,0,0,20,5,0,0,0,0,10,0,0,5,0,0,10,0,0,0,0,0,0,0,0,0,0,0,0,0,0,0,0,0,0,0,true
42218,Saint-Étienne,567.1302616493,3076.0690244173,728.4314215995,193.7541958596,11397.3247539828,2784.7290886987,933.1090257826,4139.4958540343,316.43542606,42.9658875907,8553.453912267,5616.563178042,13.7853592279,31.2733885038,73.5155379365,69.4445035475,6778.9647394766,1119.6654131292,13.5925585475,66.1047468004,17.9751926052,21.9412817035,4912.4898687106,1272.8467407273,26.0092504423,33.1555664076,7.5735745431,8.0181389058,2612.7983828756,965.5518176941,7.25387055,43.6783482559,9.7088895011,5.9523736507,904.8401310525,752.2047096805,14.5126814798,18.5176607766,5.8966848718,1.9323446205,417.709901654,192.1774710424,3.4860817568,21.3241313805,4.1092214872,0,96.109663782,92.2108444443,6.0687936095,4.5203756024,0,0,38.2734175811,23.5977555733,0,3.4877426993,0,0,17.2223710517,4.0613236076,true
42222,Saint-Galmier,26.5659283137,33.9145698758,0,5.3099160976,261.0568703256,4.4957761669,65.9695097197,39.7365930229,9.5191249438,0,171.6919236276,0,0,0,0,4.4957761669,874.0140045007,14.8144101314,0,0,0,5.3099160976,922.3833212052,31.0470735705,0,7.8333614338,3.333345291,0,136.4538921843,0,3.333345291,8.0855923078,0,0,50.2953500119,0,0,0,0,0,10.0621631145,8.9915523337,0,0,0,0,9.7755957938,0,0,0,0,0,0,0,0,0,0,0,0,0,true
42223,Saint-Genest-Lerpt,34.7967993652,30.5158806732,0,0,127.4925583894,4.4859869323,34.5917504118,65.3402699598,0,0,112.3730666661,9.8668836168,5.0186701959,0,5.209933832,5.0186701959,911.1838936467,48.4044286549,5.0186701959,0,0,5.209933832,878.790800184,85.5853882318,0,0,0,0,84.8138276841,15.0630321316,0,0,0,0,61.7827728032,25.6887417073,0,0,0,0,15.2615849055,0,0,0,0,0,0,0,0,0,0,0,0,5.0186701959,0,0,0,0,0,0,true
42225,Genilac,10.7825587712,0,0,0,65.8163056015,0,67.4261274108,15.0740175183,0,0,46.4003926562,5.7946783108,0,10.058054275,21.5932003253,10.7825587712,393.1598580983,14.7248291644,0,5.7946783108,0,0,451.0633095189,15.0740175183,0,0,0,0,371.9884060922,57.2409358899,0,0,0,4.6667748894,224.374028888,40.5814054539,0,0,0,0,10.058054275,14.399949702,0,0,0,0,0,0,0,0,0,0,0,0,0,0,0,0,0,0,true
42234,Saint-Héand,60,35,0,0,95,0,45,45,0,0,90,5,0,0,5,0,545,25,0,0,0,5,545,10,0,10,0,0,65,5,0,0,0,0,25,15,0,0,0,0,10,5,0,0,0,0,0,0,0,0,0,0,0,5,0,0,0,0,0,0,true
42237,Saint-Jean-Bonnefonds,15.0417848417,10.1278511296,0,0,170.5083363696,5.0471616309,25.1363293566,25.1700770172,0,0,95.5323401314,14.8778733767,0,20.0556398579,10.1278511296,0,1007.5242062683,65.1481259036,0,0,15.0086980199,0,1053.6388887613,140.260639751,0,0,0,0,135.4442197448,5.0471616309,0,0,0,0,40.3775143005,35.3641017904,0,0,0,0,10.0279298254,0,0,0,0,0,5.0806894987,0,0,0,0,0,0,0,0,0,0,0,0,0,true
42242,Saint-Joseph,10.1393442483,0,5.017630771,5.017630771,25.1714029326,0,15.1986426315,15.1363998324,0,0,10.1187690614,0,0,0,0,0,141.7219087149,0,0,0,5.0801320119,0,186.964004898,10.1393442483,0,0,5.017630771,0,247.6125673777,25.2962334756,0,0,0,0,146.5933584306,35.373076483,0,0,0,0,15.1361413906,5.0383786077,0,0,0,0,0,0,0,0,0,0,0,0,0,0,0,0,0,0,true
42259,Saint-Martin-la-Plaine,19.8646647393,14.0783916056,0,0,80.8183908393,5.562941449,31.7143869887,40.7980715462,0,0,101.462874727,0,0,5.0223347131,10.8486726138,0,294.8120380329,0,0,0,0,0,390.9490464245,15.5937970427,0,4.5342641483,0,5.2857311648,365.5996779844,61.9416845707,0,5.2857311648,0,0,295.2521893568,35.2607269685,0,0,0,0,9.0685282965,0,5.2857311648,0,0,0,5.2857311648,0,0,0,0,0,0,0,0,0,0,0,0,0,true
42262,Saint-Maurice-en-Gourgois,14.8291749152,9.7569397889,0,0,35.0240265062,0,4.8784698944,4.8784698944,0,0,15.2167053788,0,0,0,0,5.0722351263,280.39041576,0,0,0,0,0,359.8041410323,9.8566161066,0,0,0,0,39.7106549997,5.1719849366,0,0,0,0,25.0715082512,0,0,0,0,0,0,4.8784698944,0,0,0,0,0,0,0,0,0,0,4.9744091469,0,0,0,0,0,0,0,true
42266,Saint-Nizier-de-Fornas,5.0259914083,0,0,0,30.0409908752,0,10.0519828166,0,0,0,9.9941676286,0,0,0,0,0,109.0214343357,5.0259914083,0,5.0259914083,0,0,114.3943400907,0,0,0,0,0,4.8545333797,0,0,0,0,0,14.9630089108,0,0,0,0,0,4.9110260942,0,0,0,0,0,0,0,0,0,0,0,0,0,0,0,0,0,5.0259914083,0,true
42270,Saint-Paul-en-Cornillon,5,5,0,0,20,0,0,5,0,0,30,0,0,0,0,0,215,5,0,0,0,0,210,5,0,0,0,0,35,5,0,0,0,0,20,0,0,0,0,0,10,0,0,0,0,0,0,0,0,0,0,0,0,0,0,0,0,0,0,0,true
42271,Saint-Paul-en-Jarez,35.0626274898,14.9806199292,0,0,94.5511592888,0,34.7757229967,45.1431097532,0,0,124.3305214466,0,0,4.9794319831,4.9794319831,24.9804749503,501.9559884794,0,0,10.1234809455,4.9794319831,0,531.5624285363,19.8774115572,0,10.0821580251,0,5.0617404728,283.4351584195,19.6744858299,0,0,0,0,148.9444738492,14.8569940048,0,0,0,0,4.9387810109,5.0204175524,0,0,0,0,4.9387810109,5.0204175524,0,0,0,0,0,0,0,0,0,0,0,0,true
42275,Saint-Priest-en-Jarez,9.9471902851,80.0529100722,4.9685054682,0,124.6448403949,20.5615351593,24.8476163636,54.6014588235,0,0,149.9271407537,40.3319601779,0,25.1914312451,14.5744836213,0,805.8679631495,79.0970874995,5.0822234328,30.2736546779,4.857332015,4.857332015,740.0308445357,149.0237048174,0,0,0,0,55.571053877,24.51918633,0,5.1985441469,0,0,55.3410151983,15.0505420336,0,0,0,0,4.9685054682,0,0,0,0,0,5.1985441469,0,0,0,0,0,0,0,0,0,0,0,4.857332015,0,true
42283,Saint-Romain-en-Jarez,30,5,5,0,40,0,25,10,0,0,35,0,0,0,0,5,140,0,0,0,0,0,100,15,0,0,0,0,105,5,0,0,0,0,95,0,0,0,0,0,5,0,0,0,0,0,0,0,0,0,0,0,0,0,0,0,0,0,0,0,true
42302,Sorbiers,41.3066119625,41.4852414702,5.0979643077,5.0129837613,143.0238982506,0,40.875873983,66.4593200617,0,0,157.6449816862,0,0,5.0129837613,19.4739289362,10.1973692132,1284.0776167148,40.8831018001,10.110948069,9.8602325672,5.0979643077,0,1285.3668334256,51.076173234,4.9294197986,0,0,0,196.5532896935,20.3932978286,0,0,0,0,92.2113590847,15.2938929231,0,5.0129837613,0,0,15.2117695582,5.0129837613,0,0,0,0,0,10.2823497596,0,0,0,0,0,0,0,0,0,0,0,0,true
42305,La Talaudière,30.8837980309,36.8631024316,15.2303687399,0,201.7523338856,0,61.9172376426,60.9517209661,0,0,154.5647867482,4.717506665,5.4101326175,10.5317809543,10.3855629183,4.8485468915,700.2036529482,15.3765867759,0,5.1216483368,0,0,768.1653195919,103.4829864549,0,0,0,0,101.5114709001,5.2639145816,0,0,0,0,61.6174262348,15.5150080334,0,0,0,0,4.9832270792,5.1216483368,0,0,0,0,0,0,0,0,0,0,5.1216483368,0,0,0,0,0,0,0,true
42307,Tartaras,10,0,0,0,10,0,10,10,0,0,10,0,0,0,0,0,60,0,0,0,0,0,30,0,5,0,0,5,125,10,0,0,0,0,130,5,0,0,0,0,0,0,0,0,0,0,0,0,0,0,0,0,0,0,0,0,0,0,0,0,true
42308,La Terrasse-sur-Dorlay,5,5,0,0,20,0,15,10,0,0,0,0,0,5,0,5,100,0,0,0,0,0,120,0,0,0,0,0,35,0,0,0,0,0,10,5,0,0,0,0,0,0,0,0,0,0,0,0,0,0,0,0,0,0,0,0,0,0,0,0,true
42311,La Tour-en-Jarez,0,0,0,0,24.1965268021,0,0,4.9595717418,0,0,24.1789937167,0,0,9.506566822,4.5555754331,0,228.6786974465,4.753283411,0,0,0,0,252.7118531707,4.753283411,0,0,0,0,24.4285716801,9.506566822,0,0,0,0,10.3496256104,0,0,0,0,0,5.1748128052,0,0,0,0,0,0,0,0,0,0,0,0,0,0,0,0,0,0,0,true
42316,Unieux,10.0554233595,15.0613117268,0,0,165.6652572885,5.0408666899,75.3675876637,35.1458637011,10.0554538842,0,205.904714039,0,0,20.0612892423,30.0963438517,20.0583487769,1159.9114763489,35.111007185,0,0,5.0145871942,0,1104.8381125962,65.3208936558,25.1604579564,0,0,0,135.5164764909,20.1021174206,0,0,0,0,100.5718905888,10.0204450369,0,0,0,0,4.9971436871,0,0,5.0233317682,0,0,0,0,0,0,0,0,0,0,0,0,0,0,0,0,true
42320,Valfleury,10,5,0,0,25,0,5,0,0,0,15,0,0,0,0,0,115,0,0,0,0,0,120,0,0,0,0,0,35,0,0,0,0,0,25,5,0,0,0,0,0,0,0,0,0,0,5,0,0,0,0,0,0,0,0,0,0,0,0,5,true
42322,La Valla-en-Gier,0,5.1086950229,0,0,10.1480370103,0,15.1873789977,15.2567320332,0,0,10.1825950347,0,0,0,0,5.0739000118,182.9785404051,5.1437286459,0,0,0,0,172.7265858563,0,0,0,0,0,30.5132270798,10.0789193474,0,0,0,0,10.1132419992,5.0739000118,0,0,0,0,0,0,0,0,0,0,0,0,0,0,0,0,0,0,0,0,0,0,0,0,true
42330,Villars,4.8530215371,19.5406251183,4.9815605071,5.2489422165,105.8628133375,0,51.1990137408,40.279869092,0,4.8530215371,153.2330285251,15.3440067326,0,10.4978844331,25.5745094562,4.9815605071,1175.5489615406,56.5334918986,0,25.7240214369,15.0766250231,0,1073.916782068,153.624440966,0,0,0,0,108.1172555694,20.4575107415,0,0,0,0,70.828669506,20.4575107415,0,0,0,0,20.0684892997,10.3624462255,0,0,0,0,0,0,0,0,0,0,0,0,0,0,0,0,0,0,true
76005,Amfreville-la-Mi-Voie,5.1777948794,15.195979163,4.953684227,10.1290001134,44.3882010103,0,29.2038738765,9.8037738194,0,0,39.8632304136,4.7392737627,9.3794367805,4.953684227,5.1777948794,40.1884567076,463.9654483052,44.6001867243,0,0,0,5.0645000567,505.1128724126,95.5753173286,0,0,0,0,99.2257246849,0,0,0,0,0,95.4644484432,0,0,0,0,0,4.953684227,4.953684227,0,0,0,0,4.953684227,0,0,5.1777948794,0,0,5.0645000567,0,0,0,0,0,0,0,true
76020,Anneville-Ambourville,9.9298815199,0,0,0,55.3237502999,0,14.389533819,10.469051498,0,0,9.4095506982,4.788431726,0,0,0,0,146.0059089838,4.459652299,0,0,0,0,157.2796687504,8.9193045981,0,0,0,0,9.75023395,0,0,0,0,0,0,0,0,0,0,0,4.9618022241,0,0,0,0,0,5.141449794,0,0,0,0,0,4.9618022241,0,0,0,0,0,0,0,true
76039,Les Authieux-sur-le-Port-Saint-Ouen,0,0,0,0,24.4965543755,0,0,0,0,0,15.1770366677,0,0,0,0,0,223.6841353192,4.9796628171,0,0,0,0,193.7691847988,0,0,0,0,0,53.3530341126,0,0,0,0,0,58.5514707918,0,0,0,0,0,9.9685647531,0,0,0,0,0,5.1988261664,0,0,0,0,0,0,0,0,0,0,0,0,0,true
76056,Bardouville,0,0,0,0,15.1879376301,0,16.3520010074,0,5.1472159268,0,0,0,0,0,0,4.8606586654,99.2128030602,0,0,0,0,0,82.2717342329,0,0,0,0,0,10.0078745922,0,0,0,0,0,9.7372706277,0,0,0,0,0,0,0,0,0,0,0,0,5.1472159268,0,0,0,0,0,0,0,0,0,0,0,0,true
76069,Belbeuf,20.3256535538,0,0,0,35.6917953742,0,15.2775655282,10.2295752792,10.1404157346,5.1147387513,35.7364240348,0,0,0,0,10.2295752792,320.6492965688,5.0702078673,0,0,0,0,376.8436077226,25.3735473041,0,0,0,0,55.972820694,0,0,0,0,0,15.1886971879,0,0,0,0,0,25.3956671458,15.2106236019,0,0,0,0,10.1626325016,5.0702078673,0,0,0,0,0,0,0,0,0,0,0,0,true
76088,Berville-sur-Seine,14.8663680784,0,0,0,10.0021492879,0,14.9445470752,0,0,0,0,0,0,0,0,0,109.8540558565,0,0,0,0,0,59.9083954969,0,0,0,0,0,4.9945284094,0,0,0,0,0,14.9706639109,0,0,0,0,0,0,0,0,0,0,0,0,0,0,0,0,0,0,0,0,0,0,0,0,0,true
76095,Bihorel,25,50,0,0,170,25,45,35,0,0,90,30,0,15,50,35,790,140,5,50,50,0,955,255,0,0,0,0,80,0,0,0,0,0,45,5,0,0,5,0,45,50,0,0,0,0,15,20,0,0,5,0,0,0,0,0,0,0,0,0,true
76103,Bonsecours,30.0385971638,5.2083374941,14.9783399929,0,79.8592632254,14.6644945659,20.4300114046,45.0169371566,0,0,115.1931326312,20.024052261,4.9663138623,5.2083374941,20.5926366305,15.0577383987,749.9544627455,93.8913120079,0,4.9663138623,20.5106791838,0,816.8661773384,174.1203908438,4.8881648553,0,0,10.0965023494,141.486119836,0,0,0,0,0,85.4029465543,5.0457122682,0,0,0,0,65.4506758198,5.1263800474,0,0,0,0,39.9788014991,9.9338771235,0,0,0,0,0,0,0,0,0,0,0,0,true
76108,Bois-Guillaume,46.6375065805,67.8435749622,33.6677662202,1.0917108086,326.3272581019,35.0753891906,118.5696890689,109.1861351617,9.1191674183,0,390.0578353162,37.845039148,4.1933189675,32.0955030582,62.7213851536,76.743606236,1461.8152030379,135.4172501032,0,35.5976953842,38.3249006399,12.0696172286,1758.2241840418,353.3146326615,0,0,2.9509298751,3.446587008,123.8019292735,7.8770065353,0,0,0,0,52.6782291068,12.7798564593,0,9.6090469559,0,2.7441638013,153.9888222125,114.9092018734,0,10.1905912108,0,0,39.4421465736,50.0250012115,3.02944871,0,0,0,8.3149376196,3.6832284343,0,0,3.02944871,0,1.339611945,0,true
76116,Boos,30.969046504,15.280860534,0,0,71.1124486047,0,15.2818559899,10.0864560495,10.2888633008,0,91.9895218814,0,10.0884371454,0,0,15.3320913255,640.3068033045,20.2743583987,0,0,0,0,666.7795891297,61.4273006192,0,5.0934534466,0,0,132.6412054373,0,0,0,0,0,91.6861636413,0,0,0,0,0,25.6204494508,9.9869957294,9.9869957294,5.0432280248,0,0,15.3828169415,10.0864560495,0,0,0,0,0,0,0,0,0,0,0,0,true
76131,La Bouille,0,5,0,0,0,0,10,0,0,0,0,0,0,0,0,5,85,0,0,0,5,0,100,5,0,0,0,0,35,5,0,0,0,0,20,0,0,0,0,0,0,0,0,0,0,0,0,0,0,0,0,0,0,0,0,0,0,0,0,0,true
76157,Canteleu,34.5616215526,78.3243801811,8.8985614877,11.1054435572,198.4183588096,58.7945513731,59.0714450051,148.1922101559,9.0443225878,3.5573682698,291.1158394016,108.6262412293,3.5573682698,10.1272204515,23.6578514309,48.4969058687,1496.0089852461,314.2365964547,0,10.4366267571,17.6972660641,2.0297525731,1026.2185691456,486.6791353824,0,0,2.9890379494,0,116.0915443443,3.3640497118,0,0,0,0,31.3549865722,3.6344906889,0,0,0,0,72.9855308777,23.4754138944,0,0,0,0,27.9433476242,29.3791081465,0,0,0,0,0,0,0,0,0,0,3.467792985,0,true
76165,Caudebec-lès-Elbeuf,25.7494446814,17.1811431975,6.4488837476,0,144.671200174,16.1708024366,46.1320663541,81.0466734995,8.0658206677,7.007963353,203.0748331717,17.3329680237,3.7247282039,34.0455565075,71.3459238122,11.615983005,922.7269912526,93.1965303888,2.7454702793,44.2477788856,9.2566256007,4.3481282094,853.5330245605,115.7355910841,0,0,12.3590763647,14.1200491885,401.5257394533,6.9779555003,0,1.0004526534,0,0,348.0313335543,14.9098104731,0,1.0004526534,0,0,42.7605020584,12.6946800477,0,3.772368709,0,0,16.3772356,15.8380970209,0,0,0,0,2.7454702793,0,0,0,0,0,0,0,true
76178,Cléon,0,74.9469324013,20.072509782,5.0687959027,154.8053396357,0,24.7792175581,54.5897865055,0,0,109.7001071936,29.8079928542,0,4.947776227,5.0281306394,4.8687059562,278.7290139363,75.0307415793,0,0,0,0,359.0628208435,45.0114652643,0,0,0,0,114.1250993888,4.9877916199,0,0,0,0,60.0561680334,0,0,0,0,0,19.7914259382,9.8958734842,0,0,0,0,0,9.9362125037,0,0,0,0,0,0,0,0,0,0,0,0,true
76212,Darnétal,35.3008654445,56.1456645589,0,0,196.8668584612,25.2276218151,84.9295248419,116.0261890007,5.0928555729,0,172.5175607331,81.3732701696,0,10.1857111458,24.9343861988,65.2632636786,992.7449723092,196.628007489,0,20.3721217747,20.3134762624,0,914.549968654,419.1923434776,0,0,5.0928555729,0,65.6192929026,0,0,0,0,0,56.1456645589,10.3057838035,0,5.1528919017,0,0,30.3225676876,10.069802883,0,0,0,0,10.2457474746,5.0335187272,0,0,0,0,0,5.0335187272,0,0,0,0,0,0,true
76216,Déville-lès-Rouen,53.3399506885,62.0617397596,8.9307674123,7.5739412388,144.8736066681,7.8395887634,73.1501102182,76.341163459,0,0,121.5052030994,42.3559188858,3.297333113,14.0831340673,55.6751558469,63.6109095917,1281.7022610847,295.5216481485,0,16.5154483627,13.9188894402,3.7335036302,1323.2541748734,649.7124455889,0,0,0,6.9044776577,71.7851367107,8.9829058078,0,0,0,0,49.9053628135,0,0,0,2.7947843712,0,54.1293839908,51.44050736,0,1.1862702842,0,0,23.7156595596,17.5946757328,0,0,0,0,2.960989205,0,0,0,0,0,0,0,true
76222,Duclair,25,15,5,5,55,0,45,30,10,0,65,0,0,0,0,10,545,25,0,0,0,0,510,50,0,0,0,0,25,0,0,0,0,0,15,0,5,0,0,0,30,0,0,0,0,0,5,0,0,0,0,0,0,0,0,0,0,0,0,0,true
76231,Elbeuf,51.7987731816,175.9742862783,15.7579485215,6.2001101642,375.6338850852,54.2146040092,60.5721147196,223.2285441013,10.3942793175,8.2685057021,340.2508976011,102.3716122692,0,26.0752058431,23.1244098392,33.7281248044,1241.7106933416,177.1173479563,5.7641398119,38.6167012478,5.3556999446,0,924.1959056857,303.7143651673,0,3.420380226,5.3874271699,10.7691012425,460.1887133695,24.2665160345,0,0,0,3.627092359,315.5179470217,4.0542199443,0,2.6552528845,0.9658221036,0,139.966975537,51.2346318241,0,2.8681703369,0,0,45.0489738637,32.5837583031,0,0,0,0,0,0,0,0,0,0,0,0,true
76237,Épinay-sur-Duclair,0,0,0,0,5.022448634,0,4.9447921249,0,0,0,0,0,0,0,0,9.8131284564,105.569792294,0,0,0,0,0,110.192962779,5.1013247158,0,0,0,0,5.022448634,0,0,0,0,0,0,10.2026494316,0,0,0,0,9.8895842497,0,0,0,0,0,0,0,0,0,0,0,0,0,0,0,0,0,0,0,true
76273,Fontaine-sous-Préaux,5,0,0,0,5,0,0,0,0,0,5,0,0,0,0,5,110,0,0,0,0,0,110,5,0,0,0,0,5,0,0,0,0,0,10,0,0,0,0,0,5,0,0,0,0,0,5,0,0,0,0,0,5,0,0,0,0,0,0,0,true
76282,Freneuse,0,0,0,0,10.0711061349,0,0,5.0593418667,0,0,10.1107666271,0,0,0,0,9.9984205441,116.206221299,0,0,0,0,0,151.3539441286,0,0,0,0,5.0355530674,25.264978513,0,0,0,0,0,15.1542118859,5.0593418667,0,0,0,0,10.0948700192,5.0593418667,0,0,0,0,5.043470213,5.0513998062,0,0,0,0,0,0,0,0,0,0,0,0,true
76313,Gouy,0,0,0,0,0,0,0,0,5,0,10,0,0,0,0,10,145,0,0,0,0,5,170,0,0,0,0,0,55,0,0,0,0,0,30,5,0,0,0,0,10,10,0,0,0,0,5,0,0,0,0,0,0,0,0,0,0,0,0,0,true
76319,Grand-Couronne,29.8042544339,34.7359070233,4.989869537,0,229.5831959942,24.749653804,93.1782757228,134.2042296148,9.7116386916,0,219.652295966,29.8097927399,0,4.989869537,24.749653804,30.013225272,1029.3511840748,64.0770570131,0,4.8558193458,0,4.922388143,936.8631928823,100.3033720568,0,5.1276203299,0,0,236.3454140534,0,0,5.1276203299,0,0,95.0997515093,0,0,0,0,0,74.9978080779,20.1646976524,0,0,0,0,0,4.922388143,0,0,0,0,0,5.0582760385,0,0,0,0,0,0,true
76322,Le Grand-Quevilly,59.4897044714,143.404767362,26.1118197947,18.0990793011,744.4313226473,64.7973435864,178.1428564982,259.4187596209,11.3976855521,0,721.0487878126,141.4749012053,1.0742696178,25.5586723018,73.2801222349,77.8784059495,2624.066481325,444.6024789257,4.4910028177,22.5198644807,38.9618570062,18.8563416929,2561.7589428442,936.2515099646,0,0,0,3.6823684341,378.9509507552,11.5579233936,0,0,3.2760795636,3.0661864659,217.4820872192,12.324616576,0,0,0,0,114.5399251697,58.3614046075,0,0,0,0,29.4641058573,32.2390522067,0,0,0,0,6.3263191176,0,0,0,0,0,0,0,true
76350,Hautot-sur-Seine,0,0,0,0,0,0,4.9126119828,0,0,0,0,0,0,0,0,0,84.4584588008,0,0,0,0,0,74.3178025082,4.9645407379,0,0,0,0,9.8252239655,0,0,0,0,0,4.9645407379,0,0,0,0,0,5.0170184058,0,0,0,0,0,0,0,0,0,0,0,0,0,0,0,0,0,0,0,true
76354,Hénouville,5.2276599547,0,0,0,15.9775480533,0,20.9420656912,10.7498880986,0,0,11.3556228055,0,0,0,0,0,279.9260288745,0,0,0,0,0,234.4890453829,5.2276599547,0,0,0,0,10.7498880986,0,0,0,0,0,5.2276599547,0,0,0,0,0,10.4710328456,0,0,0,0,0,0,0,0,0,0,0,0,0,0,0,0,0,0,0,true
76366,Le Houlme,10.2775130075,15.4740612669,0,0,36.0284222759,5.1972132654,20.554361009,41.5803889718,0,0,66.7467003625,0,0,5.2566751443,0,20.6131502736,595.9524658069,61.842118539,5.1972132654,5.1384240008,5.0802997421,0,551.5139577853,139.3359585378,0,0,0,0,25.7509092685,0,0,0,0,0,0,0,0,0,0,0,5.1384240008,10.2768480015,0,0,0,0,5.1972132654,5.0802997421,0,0,0,0,0,0,0,0,0,0,0,0,true
76367,Houppeville,10.4490549487,5.3475421337,0,0,41.7980325018,0,20.995880815,31.6909650823,0,0,36.6960686203,5.248856382,0,0,0,0,482.0907694468,31.2025404182,5.1519918179,0,0,0,460.8466291882,36.8429357574,0,0,0,0,20.9481293532,0,0,0,0,0,0,0,0,0,0,0,36.499156664,0,0,0,0,0,5.2979694843,0,0,0,0,0,0,0,0,5.248856382,0,0,0,0,true
76377,Isneauville,10.2439270801,17.9992937799,4.4900900734,0,67.8037662564,4.7956311,15.0617644047,14.4076847135,0,0,47.4076031871,9.6120536134,0,0,5.12196354,10.2439270801,497.1351275779,33.3457176569,0,0,4.4900900734,5.12196354,553.1360066119,58.9166920117,0,0,0,0,40.7175056403,0,0,0,0,0,33.3054595003,0,0,0,0,0,39.7133761982,14.0813522734,0,0,0,0,0,19.6185694269,0,0,0,0,0,0,0,0,0,0,0,0,true
76378,Jumièges,29.9251051357,10.911784255,5.1625876163,5.1625876163,37.5644344139,0,24.4550949479,14.3925362483,0,0,19.5700440208,5.1625876163,0,0,0,0,251.6502251493,10.0476385433,0,0,0,0,214.319780875,29.6027624079,0,0,0,0,9.7701018542,0,0,0,0,0,0,0,0,0,0,0,10.0476385433,0,0,0,0,0,14.699111154,0,0,0,0,0,0,0,0,0,0,0,0,0,true
76391,La Londe,5.0090788798,0,0,0,40.4686927798,0,0,5.0870839271,0,0,55.1838719759,5.0090788798,0,0,0,14.9528016252,395.8395126518,4.7821674028,5.0090788798,0,0,0,414.9800009867,4.8566388183,0,0,0,0,78.7813670686,0,0,0,0,0,80.4656740521,0,0,0,0,0,9.941348837,0,0,0,0,0,5.0870839271,0,0,0,0,0,0,0,0,0,0,0,0,0,true
76402,Malaunay,5.0709855708,14.9919641842,0,9.9209786134,115.3594059096,0,30.1498274277,34.9435098624,4.9601867025,0,95.2413559637,5.0152801713,4.9601867025,20.006639147,0,25.1878116554,940.5841744542,30.2606398149,0,4.9601867025,0,0,893.292796445,125.3348660612,0,0,0,0,45.0854945228,0,0,4.9601867025,0,0,24.9668258494,5.0709855708,0,0,0,0,30.1504461552,10.0862657421,0,0,0,0,15.1572513128,5.1273096977,5.0152801713,0,0,0,0,0,0,0,0,0,0,0,true
76410,Maromme,11.7114150029,48.3409720364,3.1205014635,0,111.3955110071,19.0112151497,61.1706751082,117.2914989159,0,0,121.259469468,15.2719172243,4.1084447037,28.4339234576,8.8219176787,54.4333072519,1188.2335602925,185.4519313982,0,26.7338012796,2.0842179968,7.6160270887,1082.3897483442,312.7621571963,0,0,0,0,94.3003217353,1.1381633121,0,0,0,0,21.1672239618,0,0,2.6617421154,0,0,65.1369020267,21.5799435848,0,0,0,0,15.6007457595,10.3744579035,0,0,0,0,2.7342256186,3.3040088821,0,0,0,0,0,0,true
76429,Le Mesnil-Esnard,29.9218965912,40.8532943467,10.0273768955,10.0260319927,85.4830544905,5.0958010006,55.6493228755,50.7137341212,5.0130159964,0,170.641781956,10.3599062348,0,0,24.9075356921,25.075774373,877.2504961284,84.5909880194,0,5.1799531174,4.8514588473,5.0958010006,890.0971054471,165.7114850563,0,0,0,0,180.5115715797,0,0,0,0,0,109.9819802964,0,0,5.0958010006,0,0,60.004115395,14.8761677861,0,0,0,0,20.3031310135,9.9445918912,0,0,0,0,5.0958010006,0,0,0,0,0,0,0,true
76436,Le Mesnil-sous-Jumièges,0,4.9539480372,0,0,5.0416715795,0,9.9373065135,0,0,0,0,0,0,4.9539480372,0,0,134.4291315349,5.0122591442,0,0,0,0,109.6002292905,0,0,0,0,0,10.0246898766,0,0,0,0,0,4.9830182971,0,0,0,0,0,5.0122591442,0,0,0,0,0,0,0,0,0,0,0,0,0,0,0,0,0,0,0,true
76448,Montmain,0,0,0,0,36.4732022644,0,14.797432325,9.7077106439,4.0229861565,0,17.0295799791,0,0,0,0,0,228.3809167624,0,0,0,0,0,277.9277274989,5.0353526743,0,0,0,0,32.8092913927,0,0,0,0,0,13.393870105,0,4.6723579696,0,0,0,17.4168562614,0,0,0,0,0,4.0229861565,0,0,0,0,0,0,0,0,0,0,0,0,0,true
76451,Mont-Saint-Aignan,117.3618693247,157.3130892738,36.3208382815,6.6347313088,430.5041934398,105.77576414,132.5423824126,233.2734042337,21.2805957557,4.6759798259,470.5332697153,149.3134898127,5.0000374497,65.471269117,62.6741437439,74.3386989133,1621.8844310824,349.1514908754,3.0781379502,51.8804121618,57.4971021644,11.1213714296,1705.1057931973,572.1527239128,0,0,0,0,199.9310133171,9.1507006207,0,8.1787907408,0,0,109.366808274,11.8081633346,6.2805743221,15.3985590255,0,3.7421598675,91.2096072447,150.6398566803,0,0.9324793431,0,0,43.6080844015,63.4469495906,0,0,0,0,6.215982606,7.7659258956,0,0,0,0,0,0,true
76457,Moulineaux,0,4.7148972388,0,0,0,0,4.8800193695,19.3780934086,0,4.8800193695,0,9.4297944776,0,0,0,0,161.3839281724,4.7148972388,0,0,0,0,132.347827196,19.696765213,0,0,0,0,24.7419067132,0,0,0,0,0,19.1898332166,0,0,0,0,0,10.2787388614,0,0,0,0,0,0,0,0,0,0,0,0,0,0,0,0,0,0,0,true
76464,La Neuville-Chant-d'Oisel,0,0,0,0,43.9847010565,0,20.3076763641,5.1892100656,4.7395739313,0,39.7049496235,0,0,0,5.4297799148,9.4791478626,344.0010564768,10.3784201312,4.9592988165,0,0,0,391.215538871,9.4888829132,0,0,0,0,101.7969841403,0,1.0001688615,0,0,0,109.9161136865,0,0,0,0,0,34.9653756923,0,0,0,0,0,4.9592988165,0,0,0,0,0,0,0,0,0,0,0,0,0,true
76474,Notre-Dame-de-Bondeville,30,10,5,0,70,25,45,60,0,0,70,20,0,5,45,40,950,145,0,10,0,5,860,315,0,0,0,0,45,0,0,0,0,0,15,5,0,0,0,0,25,15,0,0,0,0,5,15,0,0,0,0,0,0,0,0,0,0,0,0,true
76475,Franqueville-Saint-Pierre,15,10,15,0,125,0,40,30,0,0,40,20,0,0,10,45,740,50,0,10,5,20,825,80,0,0,0,0,180,0,0,0,0,0,140,5,0,0,0,0,35,10,0,0,0,0,20,0,0,0,0,0,0,0,0,0,0,0,0,0,true
76484,Oissel,66.4604754254,31.861918749,3.7043136024,0,697.5235580782,98.8498801061,80.5252287854,66.8784781429,5.1239932294,4.2076771698,472.3070003951,68.784324216,0,7.8240124329,10.4695477538,18.9027722213,1166.0475614242,158.3714353001,2.8228402846,15.1471483878,6.5188201642,2.7364798938,1158.697825645,218.8958057645,0,3.1536278815,2.9975904949,2.7970941398,203.3389332252,18.6059043393,0,0,0,0,150.5659124167,0.9690604148,0,0,0,8.3912824195,80.8366668798,37.9703913868,0,3.1341007173,3.1341007173,0,20.2388653916,19.8090295686,0,0,0,0,3.1767199723,0,0,0,0,0,0,0,true
76486,Orival,5.0337012686,4.8294804831,0,0,14.1681956173,0,9.8631817518,9.6589609663,0,0,18.3461941431,0,0,0,4.8294804831,4.0921573418,176.282812736,13.3592474977,0,0,0,0,121.7083882159,4.4455589093,0,0,0,5.0337012686,18.9343365024,0,0,0,0,0,19.3344926931,0,0,0,0,0,5.0337012686,0,0,0,0,0,5.0337012686,10.0674025373,0,0,0,0,0,0,0,0,0,0,0,0,true
76497,Petit-Couronne,45,50,10,5,210,10,55,60,0,0,130,20,5,0,15,45,1075,75,5,0,5,0,1005,160,0,0,0,0,135,0,0,0,0,0,70,0,0,0,0,0,115,15,0,0,0,0,10,10,0,0,0,0,0,0,0,0,0,0,0,5,true
76498,Le Petit-Quevilly,61.662971803,121.5529142242,26.2708546828,11.2102826434,571.5539992327,71.039163901,149.3704862694,233.6950481399,26.2772973577,2.1301875812,386.5023240051,152.2774900093,8.8876002062,103.1825587024,117.035047351,53.3157907369,1989.0974816347,446.7907672182,19.8459516836,84.632504689,59.3406047987,16.5232892965,1819.6887911105,964.4133345864,2.0329560866,0,2.0025107909,0,334.4043440044,18.236634721,2.6635028967,0,0,0,171.597790396,10.0086216345,0,7.2045800559,7.1934853653,0,195.965626014,64.2811904264,0,7.638361053,1.9546715833,0,41.3505597969,71.2477355617,0,0,0,0,0,2.9021153058,0,0,0,0,0,0,true
76513,Quevillon,10.0768089374,0,0,0,9.6515607413,0,4.8662515744,4.9515799174,0,0,0,0,0,0,0,0,90.619680784,0,0,0,0,0,105.3065744105,5.0384044687,0,0,0,0,0,0,0,0,0,0,10.2535029277,0,0,0,0,0,4.8662515744,0,0,0,0,0,0,0,0,0,0,0,0,0,0,0,0,0,0,0,true
76514,Quévreville-la-Poterie,0,0,0,0,5.007532055,0,25.1238868743,0,0,0,0,0,0,0,4.9967912848,0,190.8035312127,0,0,0,0,0,145.5957202148,5.0507265092,0,0,0,0,30.1530162062,0,0,0,0,0,25.102289697,0,0,0,0,0,5.0290829081,5.007532055,0,0,0,0,10.0581658161,0,0,0,0,0,5.0398930902,0,0,0,0,0,0,0,true
76536,Roncherolles-sur-le-Vivier,5.0284838054,0,0,5.0444138425,15.0537421023,0,5.0126040747,5.0126040747,0,0,10.0252081494,0,0,0,0,10.0410878801,155.1699632333,15.0220327884,0,0,0,0,235.6417849175,5.0444138425,0,0,0,0,20.0505665829,0,0,0,0,0,0,5.0284838054,0,0,0,0,5.0126040747,5.0126040747,0,0,0,0,0,0,0,0,0,0,0,0,0,0,0,0,0,0,true
76540,Rouen,561.6341614766,3453.6878442952,875.5721303477,261.1130501113,4072.9095781382,2603.4001580915,673.4456041947,4524.841853284,698.8193308298,57.7327621671,3250.3876238647,4292.5335260794,17.9227490641,116.1246578607,201.2237262759,199.4441349815,6075.4367372871,1756.1937738437,6.1040571402,102.5365337658,93.3408188315,6.1503355318,5034.0360867597,1990.2413429969,4.069379003,4.0163735653,7.7566516678,21.271584813,1407.8799695867,255.8524792178,0,36.9605268166,3.4991225069,7.6615996758,946.6789101929,213.5947743916,11.9632310189,45.2394582056,15.85456194,21.2672737566,775.0339833583,1003.7004160517,3.6022720409,25.3190107715,0.9614772663,4.464261754,280.467393205,586.4662374574,0,0,0,4.2683555525,17.6832886992,27.1045495903,0,2.9208646234,0,0,7.0076120594,18.1960095151,true
76550,Sahurs,0,0,0,0,19.4130341665,0,0,14.9424101826,4.940217993,0,25.0663585758,0,0,0,0,0,208.5397172027,0,0,0,0,0,173.9378318316,4.8213904044,0,0,0,0,15.0671671795,0,0,0,0,0,19.5261454099,0,0,0,0,0,14.7018263905,4.8213904044,0,0,0,0,4.8213904044,4.940217993,0,0,0,0,0,0,0,0,0,0,0,0,true
76558,Saint-Aubin-Celloville,0,0,0,0,5.0062919913,0,5.0154778066,10.0309724678,0,0,0,0,0,10.0309724678,0,5.033900032,205.6995147384,10.0309724678,0,0,0,0,210.7608710576,0,0,0,0,0,45.1117933462,0,0,0,0,0,45.1301987479,0,0,0,0,0,15.0464839527,5.0246804765,0,0,0,0,0,0,0,0,0,0,0,0,0,0,0,0,0,0,true
76560,Saint-Aubin-Épinay,4.9877036688,0,0,0,20.0878130532,0,0,0,0,0,14.8331504722,0,0,0,4.9877036688,0,149.0515691435,9.8436961072,0,0,0,5.0544404493,183.9672337307,4.9877036688,0,0,0,0,19.8858402253,0,0,0,0,0,4.9218480536,0,5.0544404493,0,0,0,9.8445656381,0,0,0,0,0,0,4.9877036688,0,0,0,0,0,0,0,0,0,0,0,0,true
76561,Saint-Aubin-lès-Elbeuf,29.5290249041,55.111940547,15.2343095059,10.3398438132,129.7070201731,9.8069206938,49.7729938495,69.8065911901,9.9151835166,0,303.2553509834,24.6277206305,0,9.809076767,19.3085946412,29.7455505497,752.8143136746,55.1140023204,0,0,4.9034603469,4.8017114314,752.6547052089,125.8969132931,0,4.9034603469,0,5.0073653356,302.2572235827,15.4577660756,0,5.1134720851,0,0,163.186745471,9.809076767,0,0,0,0,45.2940557687,10.016932432,0,0,0,0,24.7251117119,14.9225488522,0,0,0,0,0,0,0,0,0,0,0,0,true
76575,Saint-Étienne-du-Rouvray,81.3773303739,159.6787419254,56.561580404,30.7703271838,1046.993988806,127.4406031242,140.126929708,192.2159984275,22.82609962,0,736.1490649172,231.5156535316,1.295461987,23.3183462248,70.3255528576,53.6755422297,2178.172254083,342.8018273441,0,11.2242324581,23.3051224081,7.0446194352,1941.3674078939,606.3188394911,0,0,0,0,434.1181271126,29.3893951185,0,0,0,0,203.1268605024,12.7309812644,0,4.8900628102,0,3.4442012002,212.5010136104,49.7557229764,0,3.8074822656,0,0,27.5694104652,72.4260911305,0,0,0,0,0,0,0,0,0,0,0,0,true
76591,Saint-Jacques-sur-Darnétal,20.9950939977,5.234740736,0,0,26.2857006486,0,21.0885804524,15.8165521357,0,0,57.9001616048,0,0,0,5.234740736,21.0323158853,431.117862629,10.5254799563,0,0,0,0,452.0004931822,31.6139273672,0,0,0,0,52.6463098915,0,0,0,0,0,31.557928883,0,0,0,0,0,26.3233880647,15.7228662354,0,0,0,0,10.5254799563,0,0,0,0,0,0,0,0,0,0,0,0,0,true
76599,Saint-Léger-du-Bourg-Denis,20.4824193818,4.9595564134,0,0,47.0007270439,0,35.0816909677,18.8169323602,0,0,63.7614900772,4.9595564134,0,5.8374972681,34.7315371145,25.6903651424,484.3329955997,69.0875664299,0,9.9337550476,24.8270665086,10.4729118673,556.1661687934,149.618823324,0,0,0,0,44.6652921621,0,0,0,0,0,14.105765294,0,0,0,0,0,47.4359223595,10.4729118673,0,0,0,0,9.6853657004,4.9595564134,0,0,0,0,0,0,0,0,0,0,0,0,true
76608,Sainte-Marguerite-sur-Duclair,5,5,5,0,15,0,20,0,5,0,30,0,0,0,5,5,405,5,0,0,0,5,350,5,0,0,0,0,15,0,0,0,0,0,5,0,0,0,0,0,0,0,0,0,0,0,10,0,0,0,0,0,0,0,0,0,0,0,0,0,true
76614,Saint-Martin-de-Boscherville,5.0376901749,15.1131112929,0,0,30.1405617271,5.0376901749,10.0182191387,10.0753803498,5.0091095693,0,35.1209687334,0,0,0,5.0233795459,10.0753803498,220.901245197,5.0091095693,0,0,0,0,225.9676382815,5.0091095693,0,0,0,0,20.0792888595,0,0,0,0,0,5.0091095693,0,0,0,0,0,10.0610697209,10.003989699,0,0,0,0,0,0,0,0,0,0,0,0,0,0,0,0,0,0,true
76617,Saint-Martin-du-Vivier,10,0,0,0,35,0,20,5,0,0,10,0,0,0,5,10,245,5,0,0,0,0,240,15,0,0,0,0,15,0,0,0,0,0,0,0,0,0,0,0,20,5,0,0,0,0,5,5,0,0,0,0,0,0,0,0,0,0,0,0,true
76631,Saint-Paër,9.9177836504,9.9179251397,0,0,29.9396916703,0,14.9567803978,9.9976033166,0,0,24.9275393187,0,0,0,0,4.9854509649,239.199817163,4.9588918252,0,0,0,0,184.3051712662,0,0,0,0,0,5.0389967474,0,0,0,0,0,0,0,0,0,0,0,4.9854509649,5.0121523517,0,0,0,0,5.0121523517,0,0,0,0,0,0,0,0,0,0,0,0,0,true
76634,Saint-Pierre-de-Manneville,5,0,0,0,20,0,5,5,0,0,10,0,0,0,0,10,130,0,0,0,0,0,120,10,0,0,0,0,15,0,0,0,0,0,20,0,0,0,0,0,15,0,0,0,0,0,0,0,0,0,0,0,0,0,0,0,0,0,0,0,true
76636,Saint-Pierre-de-Varengeville,0,5,0,5,70,0,20,20,0,0,105,5,0,0,0,15,400,5,0,0,0,5,350,10,0,0,0,0,15,0,0,0,0,0,5,0,5,0,0,0,20,0,0,0,0,0,0,0,0,0,0,0,0,0,0,0,0,0,0,0,true
76640,Saint-Pierre-lès-Elbeuf,20.0811896885,24.7252874516,9.7897678036,0,194.8478515053,0,75.1921069435,70.7035697098,0,0,220.1684346439,4.8932977887,0,5.2817021702,5.2817021702,0,822.4415220592,10.5634043403,5.0194839146,10.1684079852,4.6503624681,5.1489240706,794.9603555909,59.8810354266,0,0,0,0,416.5825966929,0,0,0,5.1489240706,0,270.4363473348,5.0194839146,5.2817021702,0,0,0,44.6900552141,16.0617258283,0,0,0,0,20.9581958432,9.7992865387,0,0,0,0,0,0,0,0,0,0,0,0,true
76681,Sotteville-lès-Rouen,123.4844333881,155.477707524,49.682299317,11.589108602,614.4178970138,93.8700225373,235.6750415086,336.0136340975,44.1649501931,10.8108105788,651.082212658,202.3996816624,8.7542202408,121.3829377513,207.9342280333,90.399896444,2438.565902906,642.6561878599,9.2353646989,152.7666319641,132.6377047707,24.2127559596,2262.3717981091,1197.7859106552,0,0,2.8139288328,9.8285157496,366.2748344057,26.7822808428,0,0,0,0,196.5179223857,10.8153283902,9.7745004326,2.547709041,2.6328170469,0,162.8196004227,127.7421881184,0,0,0,0,32.773032901,43.5565622827,1.1273886569,0,0,0,0,0,0,0,0,0,0,0,true
76682,Sotteville-sous-le-Val,0,0,0,0,19.8703977499,0,0,5.0339925732,0,0,0,0,0,0,9.867725077,0,94.4306446928,4.8357241682,0,0,0,0,88.8294035251,5.136154692,0,0,0,0,49.0501456515,0,0,0,0,0,54.1823162107,0,0,4.8357241682,0,0,24.2767592113,0,0,0,0,0,0,0,0,0,0,0,0,0,0,0,0,0,0,0,true
76705,Tourville-la-Rivière,9.7908573339,29.0679106308,0,0,79.6985976581,10.1101158284,19.896005991,10.100333681,9.4908634072,0,54.3973176641,4.671600083,0,0,10.2624465138,0,282.8124791256,14.7672663197,0,0,0,0,292.9227424859,24.8627850246,0,0,0,0,105.1393942763,4.8192633242,0,0,0,0,74.4903877509,4.671600083,0,0,0,0,4.8192633242,14.9293791526,0,0,0,0,10.1296895971,4.8192633242,0,0,0,0,0,0,0,0,0,0,0,0,true
76709,Le Trait,15.7170061992,39.9589339529,9.4554764208,24.6911379634,212.9880725972,0,13.6536383431,73.5806616529,0,0,238.5532079308,4.8397827828,0,5.3211274393,5.0747513206,4.8397827828,472.5367314831,20.0977312994,4.615693638,0,0,9.9145341034,407.846325783,24.2206726999,0,0,0,0,20.0863237184,0,0,0,0,0,5.3211274393,0,0,0,0,0,39.2426207586,0,0,0,0,0,0,4.615693638,0,0,0,0,0,0,0,0,0,0,0,0,true
76717,Val-de-la-Haye,0,10.1195301631,0,0,5.0634948313,10.1119363064,10.1194629845,0,0,0,10.1119474945,0,0,0,0,10.1119474945,121.3133415211,5.0484526632,0,0,0,0,80.9031290266,10.1269896626,0,0,0,0,0,0,0,0,0,0,20.2238838008,0,0,0,0,0,0,0,0,0,0,0,0,0,0,0,0,0,0,0,0,0,0,0,0,0,true
76750,Yainville,0,0,0,0,34.9155379241,0,9.8663285253,10.0370047976,0,0,45.0797007678,0,0,0,0,0,154.1976687424,0,0,0,0,0,154.1541824266,0,0,0,0,0,0,0,0,0,0,0,4.9751870614,0,0,0,0,0,5.0618177362,0,0,0,0,0,0,0,0,0,0,0,0,0,0,0,0,0,0,0,true
76753,Ymare,5.2449658808,5.2449658808,5.2449658808,0,5.2449658808,0,10.2944586336,15.2489639201,0,0,15.4407599466,0,0,0,0,0,168.8967703926,0,0,0,0,0,189.9588032412,5.0494927528,0,0,0,0,61.9585129145,0,0,0,0,0,51.2840701582,0,0,0,0,0,15.3420953788,0,0,0,0,0,0,0,0,0,0,0,0,0,0,0,0,0,0,0,true
76759,Yville-sur-Seine,4.864507764,10.0903265106,0,0,14.593523292,0,4.864507764,0,0,0,9.729015528,0,0,0,0,0,47.3894638206,0,0,0,0,0,57.7817875711,0,0,0,0,0,27.0151996728,0,0,0,0,0,40.6012094519,0,0,0,0,0,5.1849148407,0,0,0,0,0,0,0,0,0,0,0,0,0,0,0,0,0,0,0,true
