Code du département,Libellé du département,Code de la commune,Libellé de la commune,Code B.Vote,Inscrits,Abstentions,% Abs/Ins,Votants,% Vot/Ins,Blancs,% Blancs/Ins,% Blancs/Vot,Nuls,% Nuls/Ins,% Nuls/Vot,Exprimés,% Exp/Ins,% Exp/Vot,N.Pan.,Code Nuance,Sexe
35,Ille-et-Vilaine,1,Acigné,1,906,542,59.82,364,40.18,20,2.21,5.49,16,1.77,4.4,328,36.2,90.11,1,LDVG,M
35,Ille-et-Vilaine,1,Acigné,2,917,544,59.32,373,40.68,17,1.85,4.56,22,2.4,5.9,334,36.42,89.54,1,LDVG,M
35,Ille-et-Vilaine,1,Acigné,3,932,577,61.91,355,38.09,21,2.25,5.92,13,1.39,3.66,321,34.44,90.42,1,LDVG,M
35,Ille-et-Vilaine,1,Acigné,4,830,548,66.02,282,33.98,8,0.96,2.84,9,1.08,3.19,265,31.93,93.97,1,LDVG,M
35,Ille-et-Vilaine,1,Acigné,5,781,493,63.12,288,36.88,15,1.92,5.21,16,2.05,5.56,257,32.91,89.24,1,LDVG,M
35,Ille-et-Vilaine,1,Acigné,6,813,509,62.61,304,37.39,6,0.74,1.97,7,0.86,2.3,291,35.79,95.72,1,LDVG,M
35,Ille-et-Vilaine,22,Bécherel,1,521,223,42.8,298,57.2,4,0.77,1.34,4,0.77,1.34,290,55.66,97.32,2,NC,F
35,Ille-et-Vilaine,24,Betton,1,951,540,56.78,411,43.22,16,1.68,3.89,4,0.42,0.97,391,41.11,95.13,1,LDVG,M
35,Ille-et-Vilaine,24,Betton,2,992,612,61.69,380,38.31,26,2.62,6.84,11,1.11,2.89,343,34.58,90.26,1,LDVG,M
35,Ille-et-Vilaine,24,Betton,3,1093,676,61.85,417,38.15,6,0.55,1.44,11,1.01,2.64,400,36.6,95.92,1,LDVG,M
35,Ille-et-Vilaine,24,Betton,4,940,489,52.02,451,47.98,9,0.96,2.0,15,1.6,3.33,427,45.43,94.68,1,LDVG,M
35,Ille-et-Vilaine,24,Betton,5,985,523,53.1,462,46.9,7,0.71,1.52,6,0.61,1.3,449,45.58,97.19,1,LDVG,M
35,Ille-et-Vilaine,24,Betton,6,1015,526,51.82,489,48.18,17,1.67,3.48,5,0.49,1.02,467,46.01,95.5,1,LDVG,M
35,Ille-et-Vilaine,24,Betton,7,1010,588,58.22,422,41.78,7,0.69,1.66,7,0.69,1.66,408,40.4,96.68,1,LDVG,M
35,Ille-et-Vilaine,24,Betton,8,1113,657,59.03,456,40.97,12,1.08,2.63,13,1.17,2.85,431,38.72,94.52,1,LDVG,M
35,Ille-et-Vilaine,24,Betton,9,1119,626,55.94,493,44.06,5,0.45,1.01,3,0.27,0.61,485,43.34,98.38,1,LDVG,M
35,Ille-et-Vilaine,32,Bourgbarré,1,985,522,52.99,463,47.01,4,0.41,0.86,5,0.51,1.08,454,46.09,98.06,1,LDIV,M
35,Ille-et-Vilaine,32,Bourgbarré,2,1088,613,56.34,475,43.66,10,0.92,2.11,7,0.64,1.47,458,42.1,96.42,1,LDIV,M
35,Ille-et-Vilaine,32,Bourgbarré,3,1008,545,54.07,463,45.93,9,0.89,1.94,9,0.89,1.94,445,44.15,96.11,1,LDIV,M
35,Ille-et-Vilaine,39,Brécé,1,660,444,67.27,216,32.73,5,0.76,2.31,16,2.42,7.41,195,29.55,90.28,1,LNC,M
35,Ille-et-Vilaine,39,Brécé,2,822,516,62.77,306,37.23,11,1.34,3.59,19,2.31,6.21,276,33.58,90.2,1,LNC,M
35,Ille-et-Vilaine,47,Bruz,1,696,384,55.17,312,44.83,1,0.14,0.32,5,0.72,1.6,306,43.97,98.08,1,LDVG,M
35,Ille-et-Vilaine,47,Bruz,2,641,383,59.75,258,40.25,7,1.09,2.71,5,0.78,1.94,246,38.38,95.35,1,LDVG,M
35,Ille-et-Vilaine,47,Bruz,3,624,403,64.58,221,35.42,3,0.48,1.36,2,0.32,0.9,216,34.62,97.74,1,LDVG,M
35,Ille-et-Vilaine,47,Bruz,4,879,469,53.36,410,46.64,7,0.8,1.71,15,1.71,3.66,388,44.14,94.63,1,LDVG,M
35,Ille-et-Vilaine,47,Bruz,5,893,549,61.48,344,38.52,3,0.34,0.87,4,0.45,1.16,337,37.74,97.97,1,LDVG,M
35,Ille-et-Vilaine,47,Bruz,6,827,513,62.03,314,37.97,8,0.97,2.55,5,0.6,1.59,301,36.4,95.86,1,LDVG,M
35,Ille-et-Vilaine,47,Bruz,7,760,488,64.21,272,35.79,4,0.53,1.47,7,0.92,2.57,261,34.34,95.96,1,LDVG,M
35,Ille-et-Vilaine,47,Bruz,8,858,488,56.88,370,43.12,4,0.47,1.08,5,0.58,1.35,361,42.07,97.57,1,LDVG,M
35,Ille-et-Vilaine,47,Bruz,9,804,427,53.11,377,46.89,8,1.0,2.12,8,1.0,2.12,361,44.9,95.76,1,LDVG,M
35,Ille-et-Vilaine,47,Bruz,10,773,394,50.97,379,49.03,9,1.16,2.37,11,1.42,2.9,359,46.44,94.72,1,LDVG,M
35,Ille-et-Vilaine,47,Bruz,11,666,414,62.16,252,37.84,10,1.5,3.97,7,1.05,2.78,235,35.29,93.25,1,LDVG,M
35,Ille-et-Vilaine,47,Bruz,12,936,576,61.54,360,38.46,8,0.85,2.22,8,0.85,2.22,344,36.75,95.56,1,LDVG,M
35,Ille-et-Vilaine,47,Bruz,13,862,601,69.72,261,30.28,3,0.35,1.15,4,0.46,1.53,254,29.47,97.32,1,LDVG,M
35,Ille-et-Vilaine,47,Bruz,14,937,654,69.8,283,30.2,7,0.75,2.47,7,0.75,2.47,269,28.71,95.05,1,LDVG,M
35,Ille-et-Vilaine,47,Bruz,15,895,571,63.8,324,36.2,5,0.56,1.54,0,0.0,0.0,319,35.64,98.46,1,LDVG,M
35,Ille-et-Vilaine,47,Bruz,16,837,510,60.93,327,39.07,3,0.36,0.92,2,0.24,0.61,322,38.47,98.47,1,LDVG,M
35,Ille-et-Vilaine,51,Cesson-Sévigné,1,779,388,49.81,391,50.19,3,0.39,0.77,3,0.39,0.77,385,49.42,98.47,1,LDVG,F
35,Ille-et-Vilaine,51,Cesson-Sévigné,2,864,447,51.74,417,48.26,3,0.35,0.72,5,0.58,1.2,409,47.34,98.08,1,LDVG,F
35,Ille-et-Vilaine,51,Cesson-Sévigné,3,836,394,47.13,442,52.87,4,0.48,0.9,7,0.84,1.58,431,51.56,97.51,1,LDVG,F
35,Ille-et-Vilaine,51,Cesson-Sévigné,4,797,387,48.56,410,51.44,2,0.25,0.49,7,0.88,1.71,401,50.31,97.8,1,LDVG,F
35,Ille-et-Vilaine,51,Cesson-Sévigné,5,836,446,53.35,390,46.65,2,0.24,0.51,0,0.0,0.0,388,46.41,99.49,1,LDVG,F
35,Ille-et-Vilaine,51,Cesson-Sévigné,6,663,329,49.62,334,50.38,2,0.3,0.6,5,0.75,1.5,327,49.32,97.9,1,LDVG,F
35,Ille-et-Vilaine,51,Cesson-Sévigné,7,958,568,59.29,390,40.71,6,0.63,1.54,6,0.63,1.54,378,39.46,96.92,1,LDVG,F
35,Ille-et-Vilaine,51,Cesson-Sévigné,8,703,356,50.64,347,49.36,2,0.28,0.58,5,0.71,1.44,340,48.36,97.98,1,LDVG,F
35,Ille-et-Vilaine,51,Cesson-Sévigné,9,482,254,52.7,228,47.3,4,0.83,1.75,1,0.21,0.44,223,46.27,97.81,1,LDVG,F
35,Ille-et-Vilaine,51,Cesson-Sévigné,10,854,436,51.05,418,48.95,9,1.05,2.15,3,0.35,0.72,406,47.54,97.13,1,LDVG,F
35,Ille-et-Vilaine,51,Cesson-Sévigné,11,725,325,44.83,400,55.17,5,0.69,1.25,7,0.97,1.75,388,53.52,97.0,1,LDVG,F
35,Ille-et-Vilaine,51,Cesson-Sévigné,12,712,421,59.13,291,40.87,3,0.42,1.03,3,0.42,1.03,285,40.03,97.94,1,LDVG,F
35,Ille-et-Vilaine,51,Cesson-Sévigné,13,710,459,64.65,251,35.35,6,0.85,2.39,6,0.85,2.39,239,33.66,95.22,1,LDVG,F
35,Ille-et-Vilaine,51,Cesson-Sévigné,14,957,500,52.25,457,47.75,8,0.84,1.75,5,0.52,1.09,444,46.39,97.16,1,LDVG,F
35,Ille-et-Vilaine,51,Cesson-Sévigné,15,610,342,56.07,268,43.93,4,0.66,1.49,2,0.33,0.75,262,42.95,97.76,1,LDVG,F
35,Ille-et-Vilaine,51,Cesson-Sévigné,16,704,494,70.17,210,29.83,0,0.0,0.0,2,0.28,0.95,208,29.55,99.05,1,LDVG,F
35,Ille-et-Vilaine,51,Cesson-Sévigné,17,730,529,72.47,201,27.53,1,0.14,0.5,7,0.96,3.48,193,26.44,96.02,1,LDVG,F
35,Ille-et-Vilaine,55,Chantepie,1,819,445,54.33,374,45.67,3,0.37,0.8,8,0.98,2.14,363,44.32,97.06,1,LUG,M
35,Ille-et-Vilaine,55,Chantepie,2,721,371,51.46,350,48.54,6,0.83,1.71,8,1.11,2.29,336,46.6,96.0,1,LUG,M
35,Ille-et-Vilaine,55,Chantepie,3,816,426,52.21,390,47.79,6,0.74,1.54,4,0.49,1.03,380,46.57,97.44,1,LUG,M
35,Ille-et-Vilaine,55,Chantepie,4,651,332,51.0,319,49.0,4,0.61,1.25,2,0.31,0.63,313,48.08,98.12,1,LUG,M
35,Ille-et-Vilaine,55,Chantepie,5,777,374,48.13,403,51.87,5,0.64,1.24,6,0.77,1.49,392,50.45,97.27,1,LUG,M
35,Ille-et-Vilaine,55,Chantepie,6,757,402,53.1,355,46.9,4,0.53,1.13,7,0.92,1.97,344,45.44,96.9,1,LUG,M
35,Ille-et-Vilaine,55,Chantepie,7,849,465,54.77,384,45.23,2,0.24,0.52,6,0.71,1.56,376,44.29,97.92,1,LUG,M
35,Ille-et-Vilaine,55,Chantepie,8,997,637,63.89,360,36.11,8,0.8,2.22,10,1.0,2.78,342,34.3,95.0,1,LUG,M
35,Ille-et-Vilaine,55,Chantepie,9,856,588,68.69,268,31.31,8,0.93,2.99,3,0.35,1.12,257,30.02,95.9,1,LUG,M
35,Ille-et-Vilaine,58,La Chapelle-Chaussée,1,917,471,51.36,446,48.64,12,1.31,2.69,38,4.14,8.52,396,43.18,88.79,1,LNC,M
35,Ille-et-Vilaine,59,La Chapelle-des-Fougeretz,1,827,351,42.44,476,57.56,7,0.85,1.47,7,0.85,1.47,462,55.86,97.06,1,LDVD,M
35,Ille-et-Vilaine,59,La Chapelle-des-Fougeretz,2,959,488,50.89,471,49.11,1,0.1,0.21,2,0.21,0.42,468,48.8,99.36,1,LDVD,M
35,Ille-et-Vilaine,59,La Chapelle-des-Fougeretz,3,830,381,45.9,449,54.1,3,0.36,0.67,3,0.36,0.67,443,53.37,98.66,1,LDVD,M
35,Ille-et-Vilaine,59,La Chapelle-des-Fougeretz,4,771,373,48.38,398,51.62,1,0.13,0.25,5,0.65,1.26,392,50.84,98.49,1,LDVD,M
35,Ille-et-Vilaine,65,La Chapelle-Thouarault,1,838,500,59.67,338,40.33,22,2.63,6.51,29,3.46,8.58,287,34.25,84.91,1,LNC,F
35,Ille-et-Vilaine,65,La Chapelle-Thouarault,2,794,486,61.21,308,38.79,20,2.52,6.49,19,2.39,6.17,269,33.88,87.34,1,LNC,F
35,Ille-et-Vilaine,66,Chartres-de-Bretagne,1,858,671,78.21,187,21.79,14,1.63,7.49,16,1.86,8.56,157,18.3,83.96,1,LDVG,M
35,Ille-et-Vilaine,66,Chartres-de-Bretagne,2,927,675,72.82,252,27.18,24,2.59,9.52,25,2.7,9.92,203,21.9,80.56,1,LDVG,M
35,Ille-et-Vilaine,66,Chartres-de-Bretagne,3,1024,755,73.73,269,26.27,25,2.44,9.29,18,1.76,6.69,226,22.07,84.01,1,LDVG,M
35,Ille-et-Vilaine,66,Chartres-de-Bretagne,4,988,706,71.46,282,28.54,20,2.02,7.09,22,2.23,7.8,240,24.29,85.11,1,LDVG,M
35,Ille-et-Vilaine,66,Chartres-de-Bretagne,5,1042,768,73.7,274,26.3,19,1.82,6.93,15,1.44,5.47,240,23.03,87.59,1,LDVG,M
35,Ille-et-Vilaine,66,Chartres-de-Bretagne,6,1017,760,74.73,257,25.27,18,1.77,7.0,17,1.67,6.61,222,21.83,86.38,1,LDVG,M
35,Ille-et-Vilaine,76,Chavagne,1,1057,694,65.66,363,34.34,32,3.03,8.82,24,2.27,6.61,307,29.04,84.57,1,LDVG,M
35,Ille-et-Vilaine,76,Chavagne,2,907,639,70.45,268,29.55,15,1.65,5.6,20,2.21,7.46,233,25.69,86.94,1,LDVG,M
35,Ille-et-Vilaine,76,Chavagne,3,1144,789,68.97,355,31.03,16,1.4,4.51,29,2.53,8.17,310,27.1,87.32,1,LDVG,M
35,Ille-et-Vilaine,79,Chevaigné,1,998,657,65.83,341,34.17,18,1.8,5.28,23,2.3,6.74,300,30.06,87.98,1,LNC,F
35,Ille-et-Vilaine,79,Chevaigné,2,773,543,70.25,230,29.75,11,1.42,4.78,15,1.94,6.52,204,26.39,88.7,1,LNC,F
35,Ille-et-Vilaine,80,Cintré,1,790,363,45.95,427,54.05,5,0.63,1.17,8,1.01,1.87,414,52.41,96.96,1,LNC,M
35,Ille-et-Vilaine,80,Cintré,2,804,377,46.89,427,53.11,11,1.37,2.58,6,0.75,1.41,410,51.0,96.02,1,LNC,M
35,Ille-et-Vilaine,81,Clayes,1,613,288,46.98,325,53.02,1,0.16,0.31,4,0.65,1.23,320,52.2,98.46,2,NC,M
35,Ille-et-Vilaine,88,Corps-Nuds,1,634,374,58.99,260,41.01,23,3.63,8.85,27,4.26,10.38,210,33.12,80.77,1,LNC,M
35,Ille-et-Vilaine,88,Corps-Nuds,2,781,519,66.45,262,33.55,17,2.18,6.49,25,3.2,9.54,220,28.17,83.97,1,LNC,M
35,Ille-et-Vilaine,88,Corps-Nuds,3,953,626,65.69,327,34.31,25,2.62,7.65,14,1.47,4.28,288,30.22,88.07,1,LNC,M
35,Ille-et-Vilaine,120,Gévezé,1,933,610,65.38,323,34.62,20,2.14,6.19,43,4.61,13.31,260,27.87,80.5,1,LDVD,M
35,Ille-et-Vilaine,120,Gévezé,2,846,528,62.41,318,37.59,12,1.42,3.77,44,5.2,13.84,262,30.97,82.39,1,LDVD,M
35,Ille-et-Vilaine,120,Gévezé,3,1111,768,69.13,343,30.87,16,1.44,4.66,28,2.52,8.16,299,26.91,87.17,1,LDVD,M
35,Ille-et-Vilaine,120,Gévezé,4,1061,729,68.71,332,31.29,8,0.75,2.41,19,1.79,5.72,305,28.75,91.87,1,LDVD,M
35,Ille-et-Vilaine,131,L'Hermitage,1,1165,684,58.71,481,41.29,7,0.6,1.46,11,0.94,2.29,463,39.74,96.26,1,LDVG,M
35,Ille-et-Vilaine,131,L'Hermitage,2,933,511,54.77,422,45.23,10,1.07,2.37,9,0.96,2.13,403,43.19,95.5,1,LDVG,M
35,Ille-et-Vilaine,131,L'Hermitage,3,1029,573,55.69,456,44.31,21,2.04,4.61,10,0.97,2.19,425,41.3,93.2,1,LDVG,M
35,Ille-et-Vilaine,139,Laillé,1,1006,708,70.38,298,29.62,17,1.69,5.7,23,2.29,7.72,258,25.65,86.58,1,LDVG,F
35,Ille-et-Vilaine,139,Laillé,2,973,740,76.05,233,23.95,9,0.92,3.86,22,2.26,9.44,202,20.76,86.7,1,LDVG,F
35,Ille-et-Vilaine,139,Laillé,3,1012,687,67.89,325,32.11,9,0.89,2.77,23,2.27,7.08,293,28.95,90.15,1,LDVG,F
35,Ille-et-Vilaine,139,Laillé,4,1055,746,70.71,309,29.29,17,1.61,5.5,16,1.52,5.18,276,26.16,89.32,1,LDVG,F
35,Ille-et-Vilaine,144,Langan,1,756,417,55.16,339,44.84,4,0.53,1.18,2,0.26,0.59,333,44.05,98.23,2,NC,M
35,Ille-et-Vilaine,180,Miniac-sous-Bécherel,1,546,209,38.28,337,61.72,1,0.18,0.3,8,1.47,2.37,328,60.07,97.33,2,NC,M
35,Ille-et-Vilaine,189,Montgermont,1,841,485,57.67,356,42.33,20,2.38,5.62,17,2.02,4.78,319,37.93,89.61,1,LNC,M
35,Ille-et-Vilaine,189,Montgermont,2,856,600,70.09,256,29.91,13,1.52,5.08,11,1.29,4.3,232,27.1,90.63,1,LNC,M
35,Ille-et-Vilaine,189,Montgermont,3,773,507,65.59,266,34.41,30,3.88,11.28,19,2.46,7.14,217,28.07,81.58,1,LNC,M
35,Ille-et-Vilaine,196,Mordelles,1,969,476,49.12,493,50.88,6,0.62,1.22,9,0.93,1.83,478,49.33,96.96,1,LDVG,F
35,Ille-et-Vilaine,196,Mordelles,2,833,414,49.7,419,50.3,2,0.24,0.48,7,0.84,1.67,410,49.22,97.85,1,LDVG,F
35,Ille-et-Vilaine,196,Mordelles,3,965,473,49.02,492,50.98,2,0.21,0.41,3,0.31,0.61,487,50.47,98.98,1,LDVG,F
35,Ille-et-Vilaine,196,Mordelles,4,950,513,54.0,437,46.0,2,0.21,0.46,8,0.84,1.83,427,44.95,97.71,1,LDVG,F
35,Ille-et-Vilaine,196,Mordelles,5,1096,548,50.0,548,50.0,4,0.36,0.73,8,0.73,1.46,536,48.91,97.81,1,LDVG,F
35,Ille-et-Vilaine,196,Mordelles,6,1056,552,52.27,504,47.73,5,0.47,0.99,11,1.04,2.18,488,46.21,96.83,1,LDVG,F
35,Ille-et-Vilaine,204,Nouvoitou,1,792,519,65.53,273,34.47,24,3.03,8.79,20,2.53,7.33,229,28.91,83.88,1,LNC,M
35,Ille-et-Vilaine,204,Nouvoitou,2,824,582,70.63,242,29.37,23,2.79,9.5,28,3.4,11.57,191,23.18,78.93,1,LNC,M
35,Ille-et-Vilaine,204,Nouvoitou,3,900,621,69.0,279,31.0,24,2.67,8.6,23,2.56,8.24,232,25.78,83.15,1,LNC,M
35,Ille-et-Vilaine,206,Noyal-Châtillon-sur-Seiche,1,853,413,48.42,440,51.58,3,0.35,0.68,7,0.82,1.59,430,50.41,97.73,1,LDVC,M
35,Ille-et-Vilaine,206,Noyal-Châtillon-sur-Seiche,2,788,372,47.21,416,52.79,2,0.25,0.48,7,0.89,1.68,407,51.65,97.84,1,LDVC,M
35,Ille-et-Vilaine,206,Noyal-Châtillon-sur-Seiche,3,809,401,49.57,408,50.43,4,0.49,0.98,4,0.49,0.98,400,49.44,98.04,1,LDVC,M
35,Ille-et-Vilaine,206,Noyal-Châtillon-sur-Seiche,4,902,468,51.88,434,48.12,4,0.44,0.92,9,1.0,2.07,421,46.67,97.0,1,LDVC,M
35,Ille-et-Vilaine,206,Noyal-Châtillon-sur-Seiche,5,811,413,50.92,398,49.08,2,0.25,0.5,6,0.74,1.51,390,48.09,97.99,1,LDVC,M
35,Ille-et-Vilaine,206,Noyal-Châtillon-sur-Seiche,6,809,422,52.16,387,47.84,0,0.0,0.0,8,0.99,2.07,379,46.85,97.93,1,LDVC,M
35,Ille-et-Vilaine,208,Orgères,1,758,383,50.53,375,49.47,11,1.45,2.93,8,1.06,2.13,356,46.97,94.93,1,LDIV,M
35,Ille-et-Vilaine,208,Orgères,2,721,327,45.35,394,54.65,6,0.83,1.52,17,2.36,4.31,371,51.46,94.16,1,LDIV,M
35,Ille-et-Vilaine,208,Orgères,3,723,321,44.4,402,55.6,3,0.41,0.75,6,0.83,1.49,393,54.36,97.76,1,LDIV,M
35,Ille-et-Vilaine,208,Orgères,4,759,340,44.8,419,55.2,2,0.26,0.48,10,1.32,2.39,407,53.62,97.14,1,LDIV,M
35,Ille-et-Vilaine,208,Orgères,5,454,221,48.68,233,51.32,2,0.44,0.86,7,1.54,3.0,224,49.34,96.14,1,LDIV,M
35,Ille-et-Vilaine,210,Pacé,1,928,456,49.14,472,50.86,9,0.97,1.91,8,0.86,1.69,455,49.03,96.4,1,LDVD,M
35,Ille-et-Vilaine,210,Pacé,2,1048,518,49.43,530,50.57,6,0.57,1.13,1,0.1,0.19,523,49.9,98.68,1,LDVD,M
35,Ille-et-Vilaine,210,Pacé,3,920,410,44.57,510,55.43,7,0.76,1.37,9,0.98,1.76,494,53.7,96.86,1,LDVD,M
35,Ille-et-Vilaine,210,Pacé,4,1095,545,49.77,550,50.23,7,0.64,1.27,9,0.82,1.64,534,48.77,97.09,1,LDVD,M
35,Ille-et-Vilaine,210,Pacé,5,1282,648,50.55,634,49.45,8,0.62,1.26,5,0.39,0.79,621,48.44,97.95,1,LDVD,M
35,Ille-et-Vilaine,210,Pacé,6,1102,589,53.45,513,46.55,9,0.82,1.75,7,0.64,1.36,497,45.1,96.88,1,LDVD,M
35,Ille-et-Vilaine,210,Pacé,7,1220,652,53.44,568,46.56,7,0.57,1.23,6,0.49,1.06,555,45.49,97.71,1,LDVD,M
35,Ille-et-Vilaine,210,Pacé,8,854,467,54.68,387,45.32,3,0.35,0.78,2,0.23,0.52,382,44.73,98.71,1,LDVD,M
35,Ille-et-Vilaine,216,Parthenay-de-Bretagne,1,1192,727,60.99,465,39.01,50,4.19,10.75,63,5.29,13.55,352,29.53,75.7,1,LNC,M
35,Ille-et-Vilaine,238,Rennes,111,1123,612,54.5,511,45.5,2,0.18,0.39,5,0.45,0.98,504,44.88,98.63,1,LREM,F
35,Ille-et-Vilaine,238,Rennes,112,983,555,56.46,428,43.54,2,0.2,0.47,3,0.31,0.7,423,43.03,98.83,1,LREM,F
35,Ille-et-Vilaine,238,Rennes,113,1198,687,57.35,511,42.65,2,0.17,0.39,6,0.5,1.17,503,41.99,98.43,1,LREM,F
35,Ille-et-Vilaine,238,Rennes,114,1196,656,54.85,540,45.15,5,0.42,0.93,2,0.17,0.37,533,44.57,98.7,1,LREM,F
35,Ille-et-Vilaine,238,Rennes,121,1188,662,55.72,526,44.28,1,0.08,0.19,6,0.51,1.14,519,43.69,98.67,1,LREM,F
35,Ille-et-Vilaine,238,Rennes,122,1213,647,53.34,566,46.66,1,0.08,0.18,6,0.49,1.06,559,46.08,98.76,1,LREM,F
35,Ille-et-Vilaine,238,Rennes,123,1182,742,62.77,440,37.23,2,0.17,0.45,6,0.51,1.36,432,36.55,98.18,1,LREM,F
35,Ille-et-Vilaine,238,Rennes,131,1229,804,65.42,425,34.58,1,0.08,0.24,6,0.49,1.41,418,34.01,98.35,1,LREM,F
35,Ille-et-Vilaine,238,Rennes,132,1186,720,60.71,466,39.29,4,0.34,0.86,5,0.42,1.07,457,38.53,98.07,1,LREM,F
35,Ille-et-Vilaine,238,Rennes,133,1162,715,61.53,447,38.47,0,0.0,0.0,9,0.77,2.01,438,37.69,97.99,1,LREM,F
35,Ille-et-Vilaine,238,Rennes,134,1140,722,63.33,418,36.67,3,0.26,0.72,4,0.35,0.96,411,36.05,98.33,1,LREM,F
35,Ille-et-Vilaine,238,Rennes,135,1178,652,55.35,526,44.65,4,0.34,0.76,6,0.51,1.14,516,43.8,98.1,1,LREM,F
35,Ille-et-Vilaine,238,Rennes,141,1142,620,54.29,522,45.71,3,0.26,0.57,5,0.44,0.96,514,45.01,98.47,1,LREM,F
35,Ille-et-Vilaine,238,Rennes,142,934,531,56.85,403,43.15,3,0.32,0.74,2,0.21,0.5,398,42.61,98.76,1,LREM,F
35,Ille-et-Vilaine,238,Rennes,151,1140,616,54.04,524,45.96,1,0.09,0.19,3,0.26,0.57,520,45.61,99.24,1,LREM,F
35,Ille-et-Vilaine,238,Rennes,152,1097,635,57.89,462,42.11,0,0.0,0.0,3,0.27,0.65,459,41.84,99.35,1,LREM,F
35,Ille-et-Vilaine,238,Rennes,153,1020,634,62.16,386,37.84,1,0.1,0.26,4,0.39,1.04,381,37.35,98.7,1,LREM,F
35,Ille-et-Vilaine,238,Rennes,154,1006,707,70.28,299,29.72,4,0.4,1.34,9,0.89,3.01,286,28.43,95.65,1,LREM,F
35,Ille-et-Vilaine,238,Rennes,155,1102,829,75.23,273,24.77,6,0.54,2.2,9,0.82,3.3,258,23.41,94.51,1,LREM,F
35,Ille-et-Vilaine,238,Rennes,156,1087,765,70.38,322,29.62,5,0.46,1.55,7,0.64,2.17,310,28.52,96.27,1,LREM,F
35,Ille-et-Vilaine,238,Rennes,211,1283,766,59.7,517,40.3,3,0.23,0.58,8,0.62,1.55,506,39.44,97.87,1,LREM,F
35,Ille-et-Vilaine,238,Rennes,212,1245,655,52.61,590,47.39,3,0.24,0.51,9,0.72,1.53,578,46.43,97.97,1,LREM,F
35,Ille-et-Vilaine,238,Rennes,213,1192,698,58.56,494,41.44,4,0.34,0.81,2,0.17,0.4,488,40.94,98.79,1,LREM,F
35,Ille-et-Vilaine,238,Rennes,214,1229,702,57.12,527,42.88,5,0.41,0.95,7,0.57,1.33,515,41.9,97.72,1,LREM,F
35,Ille-et-Vilaine,238,Rennes,221,977,545,55.78,432,44.22,1,0.1,0.23,2,0.2,0.46,429,43.91,99.31,1,LREM,F
35,Ille-et-Vilaine,238,Rennes,222,1069,583,54.54,486,45.46,1,0.09,0.21,7,0.65,1.44,478,44.71,98.35,1,LREM,F
35,Ille-et-Vilaine,238,Rennes,231,1216,759,62.42,457,37.58,3,0.25,0.66,8,0.66,1.75,446,36.68,97.59,1,LREM,F
35,Ille-et-Vilaine,238,Rennes,232,1147,707,61.64,440,38.36,5,0.44,1.14,10,0.87,2.27,425,37.05,96.59,1,LREM,F
35,Ille-et-Vilaine,238,Rennes,233,1171,681,58.16,490,41.84,8,0.68,1.63,4,0.34,0.82,478,40.82,97.55,1,LREM,F
35,Ille-et-Vilaine,238,Rennes,241,1197,727,60.74,470,39.26,3,0.25,0.64,3,0.25,0.64,464,38.76,98.72,1,LREM,F
35,Ille-et-Vilaine,238,Rennes,242,1205,747,61.99,458,38.01,6,0.5,1.31,4,0.33,0.87,448,37.18,97.82,1,LREM,F
35,Ille-et-Vilaine,238,Rennes,243,1206,752,62.35,454,37.65,3,0.25,0.66,8,0.66,1.76,443,36.73,97.58,1,LREM,F
35,Ille-et-Vilaine,238,Rennes,251,658,391,59.42,267,40.58,0,0.0,0.0,4,0.61,1.5,263,39.97,98.5,1,LREM,F
35,Ille-et-Vilaine,238,Rennes,252,1088,616,56.62,472,43.38,3,0.28,0.64,7,0.64,1.48,462,42.46,97.88,1,LREM,F
35,Ille-et-Vilaine,238,Rennes,253,1099,615,55.96,484,44.04,2,0.18,0.41,0,0.0,0.0,482,43.86,99.59,1,LREM,F
35,Ille-et-Vilaine,238,Rennes,254,670,421,62.84,249,37.16,1,0.15,0.4,2,0.3,0.8,246,36.72,98.8,1,LREM,F
35,Ille-et-Vilaine,238,Rennes,261,1204,601,49.92,603,50.08,2,0.17,0.33,6,0.5,1.0,595,49.42,98.67,1,LREM,F
35,Ille-et-Vilaine,238,Rennes,262,1176,639,54.34,537,45.66,5,0.43,0.93,7,0.6,1.3,525,44.64,97.77,1,LREM,F
35,Ille-et-Vilaine,238,Rennes,311,1162,622,53.53,540,46.47,7,0.6,1.3,8,0.69,1.48,525,45.18,97.22,1,LREM,F
35,Ille-et-Vilaine,238,Rennes,312,1098,639,58.2,459,41.8,6,0.55,1.31,9,0.82,1.96,444,40.44,96.73,1,LREM,F
35,Ille-et-Vilaine,238,Rennes,313,1122,708,63.1,414,36.9,3,0.27,0.72,5,0.45,1.21,406,36.19,98.07,1,LREM,F
35,Ille-et-Vilaine,238,Rennes,314,1132,614,54.24,518,45.76,2,0.18,0.39,11,0.97,2.12,505,44.61,97.49,1,LREM,F
35,Ille-et-Vilaine,238,Rennes,321,1145,622,54.32,523,45.68,4,0.35,0.76,7,0.61,1.34,512,44.72,97.9,1,LREM,F
35,Ille-et-Vilaine,238,Rennes,322,1096,681,62.14,415,37.86,2,0.18,0.48,4,0.36,0.96,409,37.32,98.55,1,LREM,F
35,Ille-et-Vilaine,238,Rennes,323,1084,661,60.98,423,39.02,3,0.28,0.71,4,0.37,0.95,416,38.38,98.35,1,LREM,F
35,Ille-et-Vilaine,238,Rennes,324,1125,652,57.96,473,42.04,2,0.18,0.42,4,0.36,0.85,467,41.51,98.73,1,LREM,F
35,Ille-et-Vilaine,238,Rennes,331,1156,845,73.1,311,26.9,7,0.61,2.25,10,0.87,3.22,294,25.43,94.53,1,LREM,F
35,Ille-et-Vilaine,238,Rennes,332,1098,810,73.77,288,26.23,2,0.18,0.69,6,0.55,2.08,280,25.5,97.22,1,LREM,F
35,Ille-et-Vilaine,238,Rennes,333,1200,697,58.08,503,41.92,2,0.17,0.4,10,0.83,1.99,491,40.92,97.61,1,LREM,F
35,Ille-et-Vilaine,238,Rennes,334,1189,925,77.8,264,22.2,1,0.08,0.38,3,0.25,1.14,260,21.87,98.48,1,LREM,F
35,Ille-et-Vilaine,238,Rennes,341,970,601,61.96,369,38.04,3,0.31,0.81,5,0.52,1.36,361,37.22,97.83,1,LREM,F
35,Ille-et-Vilaine,238,Rennes,342,927,686,74.0,241,26.0,3,0.32,1.24,2,0.22,0.83,236,25.46,97.93,1,LREM,F
35,Ille-et-Vilaine,238,Rennes,343,945,713,75.45,232,24.55,2,0.21,0.86,9,0.95,3.88,221,23.39,95.26,1,LREM,F
35,Ille-et-Vilaine,238,Rennes,344,875,499,57.03,376,42.97,0,0.0,0.0,9,1.03,2.39,367,41.94,97.61,1,LREM,F
35,Ille-et-Vilaine,238,Rennes,351,1079,592,54.87,487,45.13,3,0.28,0.62,9,0.83,1.85,475,44.02,97.54,1,LREM,F
35,Ille-et-Vilaine,238,Rennes,352,905,442,48.84,463,51.16,2,0.22,0.43,10,1.1,2.16,451,49.83,97.41,1,LREM,F
35,Ille-et-Vilaine,238,Rennes,411,1132,667,58.92,465,41.08,3,0.27,0.65,2,0.18,0.43,460,40.64,98.92,1,LREM,F
35,Ille-et-Vilaine,238,Rennes,412,1095,670,61.19,425,38.81,7,0.64,1.65,2,0.18,0.47,416,37.99,97.88,1,LREM,F
35,Ille-et-Vilaine,238,Rennes,413,1164,679,58.33,485,41.67,0,0.0,0.0,4,0.34,0.82,481,41.32,99.18,1,LREM,F
35,Ille-et-Vilaine,238,Rennes,414,1144,651,56.91,493,43.09,1,0.09,0.2,6,0.52,1.22,486,42.48,98.58,1,LREM,F
35,Ille-et-Vilaine,238,Rennes,421,980,550,56.12,430,43.88,2,0.2,0.47,7,0.71,1.63,421,42.96,97.91,1,LREM,F
35,Ille-et-Vilaine,238,Rennes,422,1197,771,64.41,426,35.59,3,0.25,0.7,5,0.42,1.17,418,34.92,98.12,1,LREM,F
35,Ille-et-Vilaine,238,Rennes,431,1118,659,58.94,459,41.06,2,0.18,0.44,6,0.54,1.31,451,40.34,98.26,1,LREM,F
35,Ille-et-Vilaine,238,Rennes,432,1105,677,61.27,428,38.73,0,0.0,0.0,2,0.18,0.47,426,38.55,99.53,1,LREM,F
35,Ille-et-Vilaine,238,Rennes,433,838,462,55.13,376,44.87,4,0.48,1.06,5,0.6,1.33,367,43.79,97.61,1,LREM,F
35,Ille-et-Vilaine,238,Rennes,434,1151,687,59.69,464,40.31,2,0.17,0.43,5,0.43,1.08,457,39.7,98.49,1,LREM,F
35,Ille-et-Vilaine,238,Rennes,435,1111,628,56.53,483,43.47,1,0.09,0.21,9,0.81,1.86,473,42.57,97.93,1,LREM,F
35,Ille-et-Vilaine,238,Rennes,441,1087,590,54.28,497,45.72,3,0.28,0.6,3,0.28,0.6,491,45.17,98.79,1,LREM,F
35,Ille-et-Vilaine,238,Rennes,442,990,598,60.4,392,39.6,3,0.3,0.77,7,0.71,1.79,382,38.59,97.45,1,LREM,F
35,Ille-et-Vilaine,238,Rennes,443,1071,638,59.57,433,40.43,3,0.28,0.69,6,0.56,1.39,424,39.59,97.92,1,LREM,F
35,Ille-et-Vilaine,238,Rennes,444,1104,596,53.99,508,46.01,5,0.45,0.98,6,0.54,1.18,497,45.02,97.83,1,LREM,F
35,Ille-et-Vilaine,238,Rennes,451,1081,613,56.71,468,43.29,3,0.28,0.64,8,0.74,1.71,457,42.28,97.65,1,LREM,F
35,Ille-et-Vilaine,238,Rennes,452,1099,522,47.5,577,52.5,0,0.0,0.0,8,0.73,1.39,569,51.77,98.61,1,LREM,F
35,Ille-et-Vilaine,238,Rennes,453,1142,620,54.29,522,45.71,1,0.09,0.19,3,0.26,0.57,518,45.36,99.23,1,LREM,F
35,Ille-et-Vilaine,238,Rennes,454,964,507,52.59,457,47.41,1,0.1,0.22,3,0.31,0.66,453,46.99,99.12,1,LREM,F
35,Ille-et-Vilaine,238,Rennes,455,1095,560,51.14,535,48.86,2,0.18,0.37,5,0.46,0.93,528,48.22,98.69,1,LREM,F
35,Ille-et-Vilaine,238,Rennes,511,1233,656,53.2,577,46.8,4,0.32,0.69,7,0.57,1.21,566,45.9,98.09,1,LREM,F
35,Ille-et-Vilaine,238,Rennes,512,1106,659,59.58,447,40.42,2,0.18,0.45,12,1.08,2.68,433,39.15,96.87,1,LREM,F
35,Ille-et-Vilaine,238,Rennes,513,1188,710,59.76,478,40.24,2,0.17,0.42,6,0.51,1.26,470,39.56,98.33,1,LREM,F
35,Ille-et-Vilaine,238,Rennes,521,955,646,67.64,309,32.36,1,0.1,0.32,10,1.05,3.24,298,31.2,96.44,1,LREM,F
35,Ille-et-Vilaine,238,Rennes,522,1093,697,63.77,396,36.23,3,0.27,0.76,5,0.46,1.26,388,35.5,97.98,1,LREM,F
35,Ille-et-Vilaine,238,Rennes,523,976,542,55.53,434,44.47,2,0.2,0.46,4,0.41,0.92,428,43.85,98.62,1,LREM,F
35,Ille-et-Vilaine,238,Rennes,524,1088,794,72.98,294,27.02,3,0.28,1.02,1,0.09,0.34,290,26.65,98.64,1,LREM,F
35,Ille-et-Vilaine,238,Rennes,525,913,611,66.92,302,33.08,3,0.33,0.99,5,0.55,1.66,294,32.2,97.35,1,LREM,F
35,Ille-et-Vilaine,238,Rennes,526,1089,770,70.71,319,29.29,3,0.28,0.94,5,0.46,1.57,311,28.56,97.49,1,LREM,F
35,Ille-et-Vilaine,238,Rennes,531,865,601,69.48,264,30.52,4,0.46,1.52,6,0.69,2.27,254,29.36,96.21,1,LREM,F
35,Ille-et-Vilaine,238,Rennes,532,983,632,64.29,351,35.71,6,0.61,1.71,12,1.22,3.42,333,33.88,94.87,1,LREM,F
35,Ille-et-Vilaine,238,Rennes,541,1069,638,59.68,431,40.32,4,0.37,0.93,1,0.09,0.23,426,39.85,98.84,1,LREM,F
35,Ille-et-Vilaine,238,Rennes,542,1115,691,61.97,424,38.03,5,0.45,1.18,5,0.45,1.18,414,37.13,97.64,1,LREM,F
35,Ille-et-Vilaine,238,Rennes,543,1098,646,58.83,452,41.17,3,0.27,0.66,5,0.46,1.11,444,40.44,98.23,1,LREM,F
35,Ille-et-Vilaine,238,Rennes,544,1000,552,55.2,448,44.8,0,0.0,0.0,5,0.5,1.12,443,44.3,98.88,1,LREM,F
35,Ille-et-Vilaine,238,Rennes,545,1146,703,61.34,443,38.66,3,0.26,0.68,1,0.09,0.23,439,38.31,99.1,1,LREM,F
35,Ille-et-Vilaine,238,Rennes,546,747,442,59.17,305,40.83,2,0.27,0.66,7,0.94,2.3,296,39.63,97.05,1,LREM,F
35,Ille-et-Vilaine,238,Rennes,611,1118,700,62.61,418,37.39,3,0.27,0.72,4,0.36,0.96,411,36.76,98.33,1,LREM,F
35,Ille-et-Vilaine,238,Rennes,612,1162,660,56.8,502,43.2,0,0.0,0.0,7,0.6,1.39,495,42.6,98.61,1,LREM,F
35,Ille-et-Vilaine,238,Rennes,613,1171,669,57.13,502,42.87,4,0.34,0.8,8,0.68,1.59,490,41.84,97.61,1,LREM,F
35,Ille-et-Vilaine,238,Rennes,614,1181,682,57.75,499,42.25,1,0.08,0.2,6,0.51,1.2,492,41.66,98.6,1,LREM,F
35,Ille-et-Vilaine,238,Rennes,615,1169,661,56.54,508,43.46,6,0.51,1.18,4,0.34,0.79,498,42.6,98.03,1,LREM,F
35,Ille-et-Vilaine,238,Rennes,616,1167,704,60.33,463,39.67,8,0.69,1.73,4,0.34,0.86,451,38.65,97.41,1,LREM,F
35,Ille-et-Vilaine,238,Rennes,621,1161,743,64.0,418,36.0,2,0.17,0.48,7,0.6,1.67,409,35.23,97.85,1,LREM,F
35,Ille-et-Vilaine,238,Rennes,622,1188,888,74.75,300,25.25,3,0.25,1.0,6,0.51,2.0,291,24.49,97.0,1,LREM,F
35,Ille-et-Vilaine,238,Rennes,623,1020,792,77.65,228,22.35,2,0.2,0.88,4,0.39,1.75,222,21.76,97.37,1,LREM,F
35,Ille-et-Vilaine,238,Rennes,624,1124,876,77.94,248,22.06,0,0.0,0.0,3,0.27,1.21,245,21.8,98.79,1,LREM,F
35,Ille-et-Vilaine,238,Rennes,625,1134,780,68.78,354,31.22,1,0.09,0.28,5,0.44,1.41,348,30.69,98.31,1,LREM,F
35,Ille-et-Vilaine,238,Rennes,631,1024,641,62.6,383,37.4,1,0.1,0.26,4,0.39,1.04,378,36.91,98.69,1,LREM,F
35,Ille-et-Vilaine,238,Rennes,632,962,612,63.62,350,36.38,2,0.21,0.57,9,0.94,2.57,339,35.24,96.86,1,LREM,F
35,Ille-et-Vilaine,238,Rennes,633,702,426,60.68,276,39.32,1,0.14,0.36,2,0.28,0.72,273,38.89,98.91,1,LREM,F
35,Ille-et-Vilaine,240,Le Rheu,1,689,387,56.17,302,43.83,3,0.44,0.99,4,0.58,1.32,295,42.82,97.68,1,LDVG,F
35,Ille-et-Vilaine,240,Le Rheu,2,915,488,53.33,427,46.67,3,0.33,0.7,7,0.77,1.64,417,45.57,97.66,1,LDVG,F
35,Ille-et-Vilaine,240,Le Rheu,3,735,415,56.46,320,43.54,4,0.54,1.25,4,0.54,1.25,312,42.45,97.5,1,LDVG,F
35,Ille-et-Vilaine,240,Le Rheu,4,858,468,54.55,390,45.45,2,0.23,0.51,6,0.7,1.54,382,44.52,97.95,1,LDVG,F
35,Ille-et-Vilaine,240,Le Rheu,5,964,601,62.34,363,37.66,6,0.62,1.65,6,0.62,1.65,351,36.41,96.69,1,LDVG,F
35,Ille-et-Vilaine,240,Le Rheu,6,847,519,61.28,328,38.72,5,0.59,1.52,8,0.94,2.44,315,37.19,96.04,1,LDVG,F
35,Ille-et-Vilaine,240,Le Rheu,7,786,463,58.91,323,41.09,3,0.38,0.93,1,0.13,0.31,319,40.59,98.76,1,LDVG,F
35,Ille-et-Vilaine,245,Romillé,1,983,389,39.57,594,60.43,5,0.51,0.84,8,0.81,1.35,581,59.1,97.81,1,LDIV,M
35,Ille-et-Vilaine,245,Romillé,2,950,377,39.68,573,60.32,4,0.42,0.7,15,1.58,2.62,554,58.32,96.68,1,LDIV,M
35,Ille-et-Vilaine,245,Romillé,3,899,366,40.71,533,59.29,6,0.67,1.13,8,0.89,1.5,519,57.73,97.37,1,LDIV,M
35,Ille-et-Vilaine,250,Saint-Armel,1,787,326,41.42,461,58.58,4,0.51,0.87,10,1.27,2.17,447,56.8,96.96,1,LNC,F
35,Ille-et-Vilaine,250,Saint-Armel,2,708,285,40.25,423,59.75,5,0.71,1.18,3,0.42,0.71,415,58.62,98.11,1,LNC,F
35,Ille-et-Vilaine,266,Saint-Erblon,1,836,412,49.28,424,50.72,10,1.2,2.36,4,0.48,0.94,410,49.04,96.7,1,LNC,M
35,Ille-et-Vilaine,266,Saint-Erblon,2,809,356,44.0,453,56.0,3,0.37,0.66,8,0.99,1.77,442,54.64,97.57,1,LNC,M
35,Ille-et-Vilaine,266,Saint-Erblon,3,653,351,53.75,302,46.25,2,0.31,0.66,1,0.15,0.33,299,45.79,99.01,1,LNC,M
35,Ille-et-Vilaine,275,Saint-Gilles,1,638,291,45.61,347,54.39,2,0.31,0.58,10,1.57,2.88,335,52.51,96.54,1,LDVG,M
35,Ille-et-Vilaine,275,Saint-Gilles,2,931,374,40.17,557,59.83,7,0.75,1.26,8,0.86,1.44,542,58.22,97.31,1,LDVG,M
35,Ille-et-Vilaine,275,Saint-Gilles,3,1015,480,47.29,535,52.71,2,0.2,0.37,4,0.39,0.75,529,52.12,98.88,1,LDVG,M
35,Ille-et-Vilaine,275,Saint-Gilles,4,727,375,51.58,352,48.42,4,0.55,1.14,8,1.1,2.27,340,46.77,96.59,1,LDVG,M
35,Ille-et-Vilaine,278,Saint-Grégoire,1,794,532,67.0,262,33.0,21,2.64,8.02,7,0.88,2.67,234,29.47,89.31,1,LMDM,M
35,Ille-et-Vilaine,278,Saint-Grégoire,2,915,630,68.85,285,31.15,33,3.61,11.58,7,0.77,2.46,245,26.78,85.96,1,LMDM,M
35,Ille-et-Vilaine,278,Saint-Grégoire,3,810,528,65.19,282,34.81,30,3.7,10.64,11,1.36,3.9,241,29.75,85.46,1,LMDM,M
35,Ille-et-Vilaine,278,Saint-Grégoire,4,1018,745,73.18,273,26.82,18,1.77,6.59,8,0.79,2.93,247,24.26,90.48,1,LMDM,M
35,Ille-et-Vilaine,278,Saint-Grégoire,5,569,413,72.58,156,27.42,14,2.46,8.97,6,1.05,3.85,136,23.9,87.18,1,LMDM,M
35,Ille-et-Vilaine,278,Saint-Grégoire,6,863,598,69.29,265,30.71,15,1.74,5.66,10,1.16,3.77,240,27.81,90.57,1,LMDM,M
35,Ille-et-Vilaine,278,Saint-Grégoire,7,704,478,67.9,226,32.1,18,2.56,7.96,7,0.99,3.1,201,28.55,88.94,1,LMDM,M
35,Ille-et-Vilaine,278,Saint-Grégoire,8,811,626,77.19,185,22.81,33,4.07,17.84,8,0.99,4.32,144,17.76,77.84,1,LMDM,M
35,Ille-et-Vilaine,278,Saint-Grégoire,9,1188,803,67.59,385,32.41,34,2.86,8.83,19,1.6,4.94,332,27.95,86.23,1,LMDM,M
35,Ille-et-Vilaine,281,Saint-Jacques-de-la-Lande,1,1113,790,70.98,323,29.02,7,0.63,2.17,4,0.36,1.24,312,28.03,96.59,1,LDIV,M
35,Ille-et-Vilaine,281,Saint-Jacques-de-la-Lande,2,1217,783,64.34,434,35.66,9,0.74,2.07,8,0.66,1.84,417,34.26,96.08,1,LDIV,M
35,Ille-et-Vilaine,281,Saint-Jacques-de-la-Lande,3,1045,682,65.26,363,34.74,5,0.48,1.38,3,0.29,0.83,355,33.97,97.8,1,LDIV,M
35,Ille-et-Vilaine,281,Saint-Jacques-de-la-Lande,4,1023,670,65.49,353,34.51,6,0.59,1.7,9,0.88,2.55,338,33.04,95.75,1,LDIV,M
35,Ille-et-Vilaine,281,Saint-Jacques-de-la-Lande,5,1071,702,65.55,369,34.45,16,1.49,4.34,6,0.56,1.63,347,32.4,94.04,1,LDIV,M
35,Ille-et-Vilaine,281,Saint-Jacques-de-la-Lande,6,844,534,63.27,310,36.73,7,0.83,2.26,4,0.47,1.29,299,35.43,96.45,1,LDIV,M
35,Ille-et-Vilaine,281,Saint-Jacques-de-la-Lande,7,1315,856,65.1,459,34.9,8,0.61,1.74,9,0.68,1.96,442,33.61,96.3,1,LDIV,M
35,Ille-et-Vilaine,315,Saint-Sulpice-la-Forêt,1,1113,719,64.6,394,35.4,7,0.63,1.78,31,2.79,7.87,356,31.99,90.36,1,LNC,M
35,Ille-et-Vilaine,334,Thorigné-Fouillard,1,844,442,52.37,402,47.63,10,1.18,2.49,7,0.83,1.74,385,45.62,95.77,1,LECO,M
35,Ille-et-Vilaine,334,Thorigné-Fouillard,2,811,484,59.68,327,40.32,4,0.49,1.22,7,0.86,2.14,316,38.96,96.64,1,LECO,M
35,Ille-et-Vilaine,334,Thorigné-Fouillard,3,887,483,54.45,404,45.55,6,0.68,1.49,7,0.79,1.73,391,44.08,96.78,1,LECO,M
35,Ille-et-Vilaine,334,Thorigné-Fouillard,4,859,478,55.65,381,44.35,7,0.81,1.84,8,0.93,2.1,366,42.61,96.06,1,LECO,M
35,Ille-et-Vilaine,334,Thorigné-Fouillard,5,899,533,59.29,366,40.71,6,0.67,1.64,10,1.11,2.73,350,38.93,95.63,1,LECO,M
35,Ille-et-Vilaine,334,Thorigné-Fouillard,6,751,369,49.13,382,50.87,4,0.53,1.05,6,0.8,1.57,372,49.53,97.38,1,LECO,M
35,Ille-et-Vilaine,334,Thorigné-Fouillard,7,728,441,60.58,287,39.42,6,0.82,2.09,3,0.41,1.05,278,38.19,96.86,1,LECO,M
35,Ille-et-Vilaine,334,Thorigné-Fouillard,8,526,295,56.08,231,43.92,1,0.19,0.43,4,0.76,1.73,226,42.97,97.84,1,LECO,M
35,Ille-et-Vilaine,351,Le Verger,1,1056,638,60.42,418,39.58,6,0.57,1.44,37,3.5,8.85,375,35.51,89.71,1,LNC,F
35,Ille-et-Vilaine,352,Vern-sur-Seiche,1,1094,626,57.22,468,42.78,3,0.27,0.64,11,1.01,2.35,454,41.5,97.01,1,LDIV,M
35,Ille-et-Vilaine,352,Vern-sur-Seiche,2,1221,698,57.17,523,42.83,9,0.74,1.72,12,0.98,2.29,502,41.11,95.98,1,LDIV,M
35,Ille-et-Vilaine,352,Vern-sur-Seiche,3,839,417,49.7,422,50.3,8,0.95,1.9,18,2.15,4.27,396,47.2,93.84,1,LDIV,M
35,Ille-et-Vilaine,352,Vern-sur-Seiche,4,1038,631,60.79,407,39.21,12,1.16,2.95,5,0.48,1.23,390,37.57,95.82,1,LDIV,M
35,Ille-et-Vilaine,352,Vern-sur-Seiche,5,1187,751,63.27,436,36.73,14,1.18,3.21,10,0.84,2.29,412,34.71,94.5,1,LDIV,M
35,Ille-et-Vilaine,352,Vern-sur-Seiche,6,1213,687,56.64,526,43.36,9,0.74,1.71,8,0.66,1.52,509,41.96,96.77,1,LDIV,M
35,Ille-et-Vilaine,353,Vezin-le-Coquet,1,763,396,51.9,367,48.1,8,1.05,2.18,6,0.79,1.63,353,46.26,96.19,1,LDIV,M
35,Ille-et-Vilaine,353,Vezin-le-Coquet,2,825,433,52.48,392,47.52,9,1.09,2.3,4,0.48,1.02,379,45.94,96.68,1,LDIV,M
35,Ille-et-Vilaine,353,Vezin-le-Coquet,3,876,507,57.88,369,42.12,9,1.03,2.44,10,1.14,2.71,350,39.95,94.85,1,LDIV,M
35,Ille-et-Vilaine,353,Vezin-le-Coquet,4,931,521,55.96,410,44.04,5,0.54,1.22,8,0.86,1.95,397,42.64,96.83,1,LDIV,M
35,Ille-et-Vilaine,363,Pont-Péan,1,826,470,56.9,356,43.1,5,0.61,1.4,6,0.73,1.69,345,41.77,96.91,1,LDVG,M
35,Ille-et-Vilaine,363,Pont-Péan,2,758,374,49.34,384,50.66,2,0.26,0.52,0,0.0,0.0,382,50.4,99.48,1,LDVG,M
35,Ille-et-Vilaine,363,Pont-Péan,3,925,499,53.95,426,46.05,7,0.76,1.64,6,0.65,1.41,413,44.65,96.95,1,LDVG,M
35,Ille-et-Vilaine,363,Pont-Péan,4,842,430,51.07,412,48.93,5,0.59,1.21,1,0.12,0.24,406,48.22,98.54,1,LDVG,M
38,Isère,57,Bresson,1,621,167,26.89,454,73.11,2,0.32,0.44,7,1.13,1.54,445,71.66,98.02,2,NC,M
38,Isère,59,Brié-et-Angonnes,1,994,384,38.63,610,61.37,10,1.01,1.64,5,0.5,0.82,595,59.86,97.54,1,LNC,M
38,Isère,59,Brié-et-Angonnes,2,1098,426,38.8,672,61.2,19,1.73,2.83,0,0.0,0.0,653,59.47,97.17,1,LNC,M
38,Isère,68,Champagnier,1,893,267,29.9,626,70.1,6,0.67,0.96,5,0.56,0.8,615,68.87,98.24,1,LNC,M
38,Isère,71,Champ-sur-Drac,1,637,334,52.43,303,47.57,2,0.31,0.66,3,0.47,0.99,298,46.78,98.35,1,LNC,M
38,Isère,71,Champ-sur-Drac,2,980,575,58.67,405,41.33,2,0.2,0.49,3,0.31,0.74,400,40.82,98.77,1,LNC,M
38,Isère,71,Champ-sur-Drac,3,766,370,48.3,396,51.7,3,0.39,0.76,3,0.39,0.76,390,50.91,98.48,1,LNC,M
38,Isère,111,Claix,1,1136,523,46.04,613,53.96,7,0.62,1.14,5,0.44,0.82,601,52.9,98.04,1,LDVG,F
38,Isère,111,Claix,2,876,539,61.53,337,38.47,3,0.34,0.89,7,0.8,2.08,327,37.33,97.03,1,LDVG,F
38,Isère,111,Claix,3,1232,595,48.3,637,51.7,3,0.24,0.47,2,0.16,0.31,632,51.3,99.22,1,LDVG,F
38,Isère,111,Claix,4,1051,507,48.24,544,51.76,0,0.0,0.0,7,0.67,1.29,537,51.09,98.71,1,LDVG,F
38,Isère,111,Claix,5,1381,694,50.25,687,49.75,5,0.36,0.73,7,0.51,1.02,675,48.88,98.25,1,LDVG,F
38,Isère,111,Claix,6,1011,619,61.23,392,38.77,0,0.0,0.0,8,0.79,2.04,384,37.98,97.96,1,LDVG,F
38,Isère,126,Corenc,1,1079,561,51.99,518,48.01,2,0.19,0.39,7,0.65,1.35,509,47.17,98.26,1,LDVG,M
38,Isère,126,Corenc,2,1196,651,54.43,545,45.57,21,1.76,3.85,18,1.51,3.3,506,42.31,92.84,1,LDVG,M
38,Isère,126,Corenc,3,1027,546,53.16,481,46.84,4,0.39,0.83,9,0.88,1.87,468,45.57,97.3,1,LDVG,M
38,Isère,150,Domène,1,1107,547,49.41,560,50.59,2,0.18,0.36,2,0.18,0.36,556,50.23,99.29,1,LDVG,F
38,Isère,150,Domène,2,949,569,59.96,380,40.04,4,0.42,1.05,4,0.42,1.05,372,39.2,97.89,1,LDVG,F
38,Isère,150,Domène,3,868,453,52.19,415,47.81,11,1.27,2.65,0,0.0,0.0,404,46.54,97.35,1,LDVG,F
38,Isère,150,Domène,4,918,559,60.89,359,39.11,3,0.33,0.84,3,0.33,0.84,353,38.45,98.33,1,LDVG,F
38,Isère,150,Domène,5,1069,605,56.59,464,43.41,4,0.37,0.86,3,0.28,0.65,457,42.75,98.49,1,LDVG,F
38,Isère,151,Echirolles,1,943,584,61.93,359,38.07,3,0.32,0.84,3,0.32,0.84,353,37.43,98.33,1,LECO,M
38,Isère,151,Echirolles,2,950,532,56.0,418,44.0,2,0.21,0.48,6,0.63,1.44,410,43.16,98.09,1,LECO,M
38,Isère,151,Echirolles,3,847,516,60.92,331,39.08,3,0.35,0.91,7,0.83,2.11,321,37.9,96.98,1,LECO,M
38,Isère,151,Echirolles,4,1147,682,59.46,465,40.54,3,0.26,0.65,9,0.78,1.94,453,39.49,97.42,1,LECO,M
38,Isère,151,Echirolles,5,1209,688,56.91,521,43.09,4,0.33,0.77,10,0.83,1.92,507,41.94,97.31,1,LECO,M
38,Isère,151,Echirolles,6,980,578,58.98,402,41.02,5,0.51,1.24,10,1.02,2.49,387,39.49,96.27,1,LECO,M
38,Isère,151,Echirolles,7,795,527,66.29,268,33.71,3,0.38,1.12,4,0.5,1.49,261,32.83,97.39,1,LECO,M
38,Isère,151,Echirolles,8,1133,712,62.84,421,37.16,7,0.62,1.66,11,0.97,2.61,403,35.57,95.72,1,LECO,M
38,Isère,151,Echirolles,9,812,525,64.66,287,35.34,8,0.99,2.79,13,1.6,4.53,266,32.76,92.68,1,LECO,M
38,Isère,151,Echirolles,10,932,624,66.95,308,33.05,4,0.43,1.3,9,0.97,2.92,295,31.65,95.78,1,LECO,M
38,Isère,151,Echirolles,11,879,666,75.77,213,24.23,4,0.46,1.88,4,0.46,1.88,205,23.32,96.24,1,LECO,M
38,Isère,151,Echirolles,12,941,653,69.39,288,30.61,4,0.43,1.39,9,0.96,3.13,275,29.22,95.49,1,LECO,M
38,Isère,151,Echirolles,13,723,477,65.98,246,34.02,5,0.69,2.03,9,1.24,3.66,232,32.09,94.31,1,LECO,M
38,Isère,151,Echirolles,14,983,624,63.48,359,36.52,2,0.2,0.56,10,1.02,2.79,347,35.3,96.66,1,LECO,M
38,Isère,151,Echirolles,15,758,581,76.65,177,23.35,2,0.26,1.13,4,0.53,2.26,171,22.56,96.61,1,LECO,M
38,Isère,151,Echirolles,16,817,645,78.95,172,21.05,0,0.0,0.0,4,0.49,2.33,168,20.56,97.67,1,LECO,M
38,Isère,151,Echirolles,17,829,581,70.08,248,29.92,1,0.12,0.4,6,0.72,2.42,241,29.07,97.18,1,LECO,M
38,Isère,151,Echirolles,18,1005,734,73.03,271,26.97,1,0.1,0.37,14,1.39,5.17,256,25.47,94.46,1,LECO,M
38,Isère,151,Echirolles,19,1101,679,61.67,422,38.33,1,0.09,0.24,14,1.27,3.32,407,36.97,96.45,1,LECO,M
38,Isère,151,Echirolles,20,1087,657,60.44,430,39.56,3,0.28,0.7,10,0.92,2.33,417,38.36,96.98,1,LECO,M
38,Isère,151,Echirolles,21,947,619,65.36,328,34.64,3,0.32,0.91,6,0.63,1.83,319,33.69,97.26,1,LECO,M
38,Isère,151,Echirolles,22,953,552,57.92,401,42.08,1,0.1,0.25,8,0.84,2.0,392,41.13,97.76,1,LECO,M
38,Isère,158,Eybens,1,1026,606,59.06,420,40.94,3,0.29,0.71,5,0.49,1.19,412,40.16,98.1,1,LUG,F
38,Isère,158,Eybens,2,934,514,55.03,420,44.97,2,0.21,0.48,4,0.43,0.95,414,44.33,98.57,1,LUG,F
38,Isère,158,Eybens,3,943,557,59.07,386,40.93,5,0.53,1.3,6,0.64,1.55,375,39.77,97.15,1,LUG,F
38,Isère,158,Eybens,4,951,643,67.61,308,32.39,6,0.63,1.95,3,0.32,0.97,299,31.44,97.08,1,LUG,F
38,Isère,158,Eybens,5,834,542,64.99,292,35.01,5,0.6,1.71,6,0.72,2.05,281,33.69,96.23,1,LUG,F
38,Isère,158,Eybens,6,1128,755,66.93,373,33.07,7,0.62,1.88,5,0.44,1.34,361,32.0,96.78,1,LUG,F
38,Isère,158,Eybens,7,1049,594,56.63,455,43.37,5,0.48,1.1,3,0.29,0.66,447,42.61,98.24,1,LUG,F
38,Isère,169,Fontaine,1,1195,704,58.91,491,41.09,4,0.33,0.81,11,0.92,2.24,476,39.83,96.95,1,LDVC,F
38,Isère,169,Fontaine,2,1008,640,63.49,368,36.51,7,0.69,1.9,5,0.5,1.36,356,35.32,96.74,1,LDVC,F
38,Isère,169,Fontaine,3,1078,706,65.49,372,34.51,5,0.46,1.34,7,0.65,1.88,360,33.4,96.77,1,LDVC,F
38,Isère,169,Fontaine,4,1114,776,69.66,338,30.34,4,0.36,1.18,15,1.35,4.44,319,28.64,94.38,1,LDVC,F
38,Isère,169,Fontaine,5,870,505,58.05,365,41.95,4,0.46,1.1,8,0.92,2.19,353,40.57,96.71,1,LDVC,F
38,Isère,169,Fontaine,6,927,580,62.57,347,37.43,0,0.0,0.0,16,1.73,4.61,331,35.71,95.39,1,LDVC,F
38,Isère,169,Fontaine,7,1382,846,61.22,536,38.78,3,0.22,0.56,12,0.87,2.24,521,37.7,97.2,1,LDVC,F
38,Isère,169,Fontaine,8,624,323,51.76,301,48.24,1,0.16,0.33,7,1.12,2.33,293,46.96,97.34,1,LDVC,F
38,Isère,169,Fontaine,9,1050,608,57.9,442,42.1,2,0.19,0.45,10,0.95,2.26,430,40.95,97.29,1,LDVC,F
38,Isère,169,Fontaine,10,1146,716,62.48,430,37.52,7,0.61,1.63,9,0.79,2.09,414,36.13,96.28,1,LDVC,F
38,Isère,169,Fontaine,11,1203,700,58.19,503,41.81,10,0.83,1.99,10,0.83,1.99,483,40.15,96.02,1,LDVC,F
38,Isère,169,Fontaine,12,1361,920,67.6,441,32.4,7,0.51,1.59,12,0.88,2.72,422,31.01,95.69,1,LDVC,F
38,Isère,170,Fontanil-Cornillon,1,1402,701,50.0,701,50.0,8,0.57,1.14,16,1.14,2.28,677,48.29,96.58,1,LNC,M
38,Isère,170,Fontanil-Cornillon,2,1008,500,49.6,508,50.4,5,0.5,0.98,7,0.69,1.38,496,49.21,97.64,1,LNC,M
38,Isère,179,Gières,1,1173,673,57.37,500,42.63,2,0.17,0.4,13,1.11,2.6,485,41.35,97.0,1,LSOC,M
38,Isère,179,Gières,2,780,488,62.56,292,37.44,5,0.64,1.71,2,0.26,0.68,285,36.54,97.6,1,LSOC,M
38,Isère,179,Gières,3,1186,557,46.96,629,53.04,10,0.84,1.59,6,0.51,0.95,613,51.69,97.46,1,LSOC,M
38,Isère,179,Gières,4,1122,638,56.86,484,43.14,8,0.71,1.65,13,1.16,2.69,463,41.27,95.66,1,LSOC,M
38,Isère,185,Grenoble,1,644,337,52.33,307,47.67,3,0.47,0.98,4,0.62,1.3,300,46.58,97.72,1,LEXD,F
38,Isère,185,Grenoble,2,870,456,52.41,414,47.59,4,0.46,0.97,4,0.46,0.97,406,46.67,98.07,1,LEXD,F
38,Isère,185,Grenoble,3,1187,611,51.47,576,48.53,1,0.08,0.17,3,0.25,0.52,572,48.19,99.31,1,LEXD,F
38,Isère,185,Grenoble,4,958,507,52.92,451,47.08,3,0.31,0.67,1,0.1,0.22,447,46.66,99.11,1,LEXD,F
38,Isère,185,Grenoble,5,1288,668,51.86,620,48.14,4,0.31,0.65,0,0.0,0.0,616,47.83,99.35,1,LEXD,F
38,Isère,185,Grenoble,6,1196,629,52.59,567,47.41,5,0.42,0.88,6,0.5,1.06,556,46.49,98.06,1,LEXD,F
38,Isère,185,Grenoble,7,1158,569,49.14,589,50.86,2,0.17,0.34,4,0.35,0.68,583,50.35,98.98,1,LEXD,F
38,Isère,185,Grenoble,8,1203,600,49.88,603,50.12,3,0.25,0.5,2,0.17,0.33,598,49.71,99.17,1,LEXD,F
38,Isère,185,Grenoble,9,1351,684,50.63,667,49.37,2,0.15,0.3,3,0.22,0.45,662,49.0,99.25,1,LEXD,F
38,Isère,185,Grenoble,10,1322,703,53.18,619,46.82,3,0.23,0.48,5,0.38,0.81,611,46.22,98.71,1,LEXD,F
38,Isère,185,Grenoble,11,1222,716,58.59,506,41.41,2,0.16,0.4,4,0.33,0.79,500,40.92,98.81,1,LEXD,F
38,Isère,185,Grenoble,12,988,640,64.78,348,35.22,7,0.71,2.01,2,0.2,0.57,339,34.31,97.41,1,LEXD,F
38,Isère,185,Grenoble,13,996,559,56.12,437,43.88,9,0.9,2.06,6,0.6,1.37,422,42.37,96.57,1,LEXD,F
38,Isère,185,Grenoble,14,1293,749,57.93,544,42.07,3,0.23,0.55,2,0.15,0.37,539,41.69,99.08,1,LEXD,F
38,Isère,185,Grenoble,15,1193,668,55.99,525,44.01,6,0.5,1.14,2,0.17,0.38,517,43.34,98.48,1,LEXD,F
38,Isère,185,Grenoble,16,740,472,63.78,268,36.22,1,0.14,0.37,5,0.68,1.87,262,35.41,97.76,1,LEXD,F
38,Isère,185,Grenoble,17,828,682,82.37,146,17.63,1,0.12,0.68,0,0.0,0.0,145,17.51,99.32,1,LEXD,F
38,Isère,185,Grenoble,18,1080,671,62.13,409,37.87,3,0.28,0.73,4,0.37,0.98,402,37.22,98.29,1,LEXD,F
38,Isère,185,Grenoble,19,1210,742,61.32,468,38.68,7,0.58,1.5,6,0.5,1.28,455,37.6,97.22,1,LEXD,F
38,Isère,185,Grenoble,20,1121,662,59.05,459,40.95,5,0.45,1.09,4,0.36,0.87,450,40.14,98.04,1,LEXD,F
38,Isère,185,Grenoble,21,555,296,53.33,259,46.67,1,0.18,0.39,1,0.18,0.39,257,46.31,99.23,1,LEXD,F
38,Isère,185,Grenoble,22,910,539,59.23,371,40.77,4,0.44,1.08,4,0.44,1.08,363,39.89,97.84,1,LEXD,F
38,Isère,185,Grenoble,23,1017,565,55.56,452,44.44,5,0.49,1.11,5,0.49,1.11,442,43.46,97.79,1,LEXD,F
38,Isère,185,Grenoble,24,569,262,46.05,307,53.95,0,0.0,0.0,8,1.41,2.61,299,52.55,97.39,1,LEXD,F
38,Isère,185,Grenoble,25,1351,652,48.26,699,51.74,11,0.81,1.57,6,0.44,0.86,682,50.48,97.57,1,LEXD,F
38,Isère,185,Grenoble,26,1276,627,49.14,649,50.86,3,0.24,0.46,2,0.16,0.31,644,50.47,99.23,1,LEXD,F
38,Isère,185,Grenoble,27,698,327,46.85,371,53.15,2,0.29,0.54,0,0.0,0.0,369,52.87,99.46,1,LEXD,F
38,Isère,185,Grenoble,28,1143,527,46.11,616,53.89,2,0.17,0.32,6,0.52,0.97,608,53.19,98.7,1,LEXD,F
38,Isère,185,Grenoble,29,970,441,45.46,529,54.54,3,0.31,0.57,1,0.1,0.19,525,54.12,99.24,1,LEXD,F
38,Isère,185,Grenoble,30,1026,449,43.76,577,56.24,2,0.19,0.35,6,0.58,1.04,569,55.46,98.61,1,LEXD,F
38,Isère,185,Grenoble,31,1292,728,56.35,564,43.65,1,0.08,0.18,2,0.15,0.35,561,43.42,99.47,1,LEXD,F
38,Isère,185,Grenoble,32,952,455,47.79,497,52.21,3,0.32,0.6,4,0.42,0.8,490,51.47,98.59,1,LEXD,F
38,Isère,185,Grenoble,33,856,425,49.65,431,50.35,2,0.23,0.46,4,0.47,0.93,425,49.65,98.61,1,LEXD,F
38,Isère,185,Grenoble,34,1035,516,49.86,519,50.14,2,0.19,0.39,3,0.29,0.58,514,49.66,99.04,1,LEXD,F
38,Isère,185,Grenoble,35,818,441,53.91,377,46.09,6,0.73,1.59,3,0.37,0.8,368,44.99,97.61,1,LEXD,F
38,Isère,185,Grenoble,36,789,436,55.26,353,44.74,4,0.51,1.13,5,0.63,1.42,344,43.6,97.45,1,LEXD,F
38,Isère,185,Grenoble,37,986,627,63.59,359,36.41,3,0.3,0.84,2,0.2,0.56,354,35.9,98.61,1,LEXD,F
38,Isère,185,Grenoble,38,769,408,53.06,361,46.94,4,0.52,1.11,3,0.39,0.83,354,46.03,98.06,1,LEXD,F
38,Isère,185,Grenoble,39,922,501,54.34,421,45.66,0,0.0,0.0,1,0.11,0.24,420,45.55,99.76,1,LEXD,F
38,Isère,185,Grenoble,40,951,678,71.29,273,28.71,3,0.32,1.1,7,0.74,2.56,263,27.66,96.34,1,LEXD,F
38,Isère,185,Grenoble,41,896,599,66.85,297,33.15,5,0.56,1.68,1,0.11,0.34,291,32.48,97.98,1,LEXD,F
38,Isère,185,Grenoble,42,1234,829,67.18,405,32.82,5,0.41,1.23,2,0.16,0.49,398,32.25,98.27,1,LEXD,F
38,Isère,185,Grenoble,43,844,657,77.84,187,22.16,1,0.12,0.53,1,0.12,0.53,185,21.92,98.93,1,LEXD,F
38,Isère,185,Grenoble,44,1195,722,60.42,473,39.58,1,0.08,0.21,8,0.67,1.69,464,38.83,98.1,1,LEXD,F
38,Isère,185,Grenoble,45,890,672,75.51,218,24.49,3,0.34,1.38,1,0.11,0.46,214,24.04,98.17,1,LEXD,F
38,Isère,185,Grenoble,46,725,541,74.62,184,25.38,5,0.69,2.72,2,0.28,1.09,177,24.41,96.2,1,LEXD,F
38,Isère,185,Grenoble,47,1181,677,57.32,504,42.68,5,0.42,0.99,2,0.17,0.4,497,42.08,98.61,1,LEXD,F
38,Isère,185,Grenoble,48,1105,599,54.21,506,45.79,7,0.63,1.38,3,0.27,0.59,496,44.89,98.02,1,LEXD,F
38,Isère,185,Grenoble,49,1047,621,59.31,426,40.69,5,0.48,1.17,5,0.48,1.17,416,39.73,97.65,1,LEXD,F
38,Isère,185,Grenoble,50,801,531,66.29,270,33.71,1,0.12,0.37,2,0.25,0.74,267,33.33,98.89,1,LEXD,F
38,Isère,185,Grenoble,51,1074,602,56.05,472,43.95,4,0.37,0.85,5,0.47,1.06,463,43.11,98.09,1,LEXD,F
38,Isère,185,Grenoble,52,1335,742,55.58,593,44.42,1,0.07,0.17,4,0.3,0.67,588,44.04,99.16,1,LEXD,F
38,Isère,185,Grenoble,53,1243,712,57.28,531,42.72,4,0.32,0.75,9,0.72,1.69,518,41.67,97.55,1,LEXD,F
38,Isère,185,Grenoble,54,1224,763,62.34,461,37.66,3,0.25,0.65,2,0.16,0.43,456,37.25,98.92,1,LEXD,F
38,Isère,185,Grenoble,55,1062,538,50.66,524,49.34,1,0.09,0.19,5,0.47,0.95,518,48.78,98.85,1,LEXD,F
38,Isère,185,Grenoble,56,691,469,67.87,222,32.13,1,0.14,0.45,1,0.14,0.45,220,31.84,99.1,1,LEXD,F
38,Isère,185,Grenoble,57,1119,677,60.5,442,39.5,6,0.54,1.36,2,0.18,0.45,434,38.78,98.19,1,LEXD,F
38,Isère,185,Grenoble,58,953,511,53.62,442,46.38,2,0.21,0.45,5,0.52,1.13,435,45.65,98.42,1,LEXD,F
38,Isère,185,Grenoble,59,988,526,53.24,462,46.76,5,0.51,1.08,4,0.4,0.87,453,45.85,98.05,1,LEXD,F
38,Isère,185,Grenoble,60,828,378,45.65,450,54.35,9,1.09,2.0,5,0.6,1.11,436,52.66,96.89,1,LEXD,F
38,Isère,185,Grenoble,61,1234,633,51.3,601,48.7,8,0.65,1.33,6,0.49,1.0,587,47.57,97.67,1,LEXD,F
38,Isère,185,Grenoble,62,1181,805,68.16,376,31.84,10,0.85,2.66,2,0.17,0.53,364,30.82,96.81,1,LEXD,F
38,Isère,185,Grenoble,63,735,469,63.81,266,36.19,4,0.54,1.5,3,0.41,1.13,259,35.24,97.37,1,LEXD,F
38,Isère,185,Grenoble,64,1499,847,56.5,652,43.5,3,0.2,0.46,7,0.47,1.07,642,42.83,98.47,1,LEXD,F
38,Isère,185,Grenoble,65,1216,627,51.56,589,48.44,3,0.25,0.51,3,0.25,0.51,583,47.94,98.98,1,LEXD,F
38,Isère,185,Grenoble,66,1362,689,50.59,673,49.41,4,0.29,0.59,5,0.37,0.74,664,48.75,98.66,1,LEXD,F
38,Isère,185,Grenoble,67,1127,566,50.22,561,49.78,3,0.27,0.53,8,0.71,1.43,550,48.8,98.04,1,LEXD,F
38,Isère,185,Grenoble,68,1319,657,49.81,662,50.19,6,0.45,0.91,2,0.15,0.3,654,49.58,98.79,1,LEXD,F
38,Isère,185,Grenoble,69,756,478,63.23,278,36.77,7,0.93,2.52,7,0.93,2.52,264,34.92,94.96,1,LEXD,F
38,Isère,185,Grenoble,70,861,534,62.02,327,37.98,1,0.12,0.31,3,0.35,0.92,323,37.51,98.78,1,LEXD,F
38,Isère,185,Grenoble,71,837,457,54.6,380,45.4,2,0.24,0.53,12,1.43,3.16,366,43.73,96.32,1,LEXD,F
38,Isère,185,Grenoble,72,1077,622,57.75,455,42.25,6,0.56,1.32,5,0.46,1.1,444,41.23,97.58,1,LEXD,F
38,Isère,185,Grenoble,73,865,517,59.77,348,40.23,3,0.35,0.86,5,0.58,1.44,340,39.31,97.7,1,LEXD,F
38,Isère,185,Grenoble,74,810,420,51.85,390,48.15,1,0.12,0.26,5,0.62,1.28,384,47.41,98.46,1,LEXD,F
38,Isère,185,Grenoble,75,1042,595,57.1,447,42.9,4,0.38,0.89,3,0.29,0.67,440,42.23,98.43,1,LEXD,F
38,Isère,185,Grenoble,76,767,436,56.84,331,43.16,2,0.26,0.6,2,0.26,0.6,327,42.63,98.79,1,LEXD,F
38,Isère,185,Grenoble,77,1387,932,67.2,455,32.8,7,0.5,1.54,7,0.5,1.54,441,31.8,96.92,1,LEXD,F
38,Isère,185,Grenoble,78,750,487,64.93,263,35.07,3,0.4,1.14,6,0.8,2.28,254,33.87,96.58,1,LEXD,F
38,Isère,185,Grenoble,79,841,566,67.3,275,32.7,2,0.24,0.73,3,0.36,1.09,270,32.1,98.18,1,LEXD,F
38,Isère,185,Grenoble,80,849,510,60.07,339,39.93,3,0.35,0.88,3,0.35,0.88,333,39.22,98.23,1,LEXD,F
38,Isère,185,Grenoble,81,868,670,77.19,198,22.81,1,0.12,0.51,2,0.23,1.01,195,22.47,98.48,1,LEXD,F
38,Isère,185,Grenoble,82,823,550,66.83,273,33.17,2,0.24,0.73,5,0.61,1.83,266,32.32,97.44,1,LEXD,F
38,Isère,185,Grenoble,83,625,434,69.44,191,30.56,5,0.8,2.62,8,1.28,4.19,178,28.48,93.19,1,LEXD,F
38,Isère,185,Grenoble,84,743,578,77.79,165,22.21,2,0.27,1.21,2,0.27,1.21,161,21.67,97.58,1,LEXD,F
38,Isère,185,Grenoble,85,847,684,80.76,163,19.24,6,0.71,3.68,0,0.0,0.0,157,18.54,96.32,1,LEXD,F
38,Isère,185,Grenoble,86,927,606,65.37,321,34.63,6,0.65,1.87,3,0.32,0.93,312,33.66,97.2,1,LEXD,F
38,Isère,187,Le Gua,1,1025,513,50.05,512,49.95,12,1.17,2.34,3,0.29,0.59,497,48.49,97.07,1,LNC,M
38,Isère,187,Le Gua,2,260,114,43.85,146,56.15,2,0.77,1.37,0,0.0,0.0,144,55.38,98.63,1,LNC,M
38,Isère,187,Le Gua,3,206,92,44.66,114,55.34,1,0.49,0.88,2,0.97,1.75,111,53.88,97.37,1,LNC,M
38,Isère,188,Herbeys,1,1132,666,58.83,466,41.17,34,3.0,7.3,28,2.47,6.01,404,35.69,86.7,1,LNC,M
38,Isère,200,Jarrie,1,1039,573,55.15,466,44.85,7,0.67,1.5,2,0.19,0.43,457,43.98,98.07,1,LECO,M
38,Isère,200,Jarrie,2,728,379,52.06,349,47.94,5,0.69,1.43,6,0.82,1.72,338,46.43,96.85,1,LECO,M
38,Isère,200,Jarrie,3,490,242,49.39,248,50.61,5,1.02,2.02,2,0.41,0.81,241,49.18,97.18,1,LECO,M
38,Isère,200,Jarrie,4,717,297,41.42,420,58.58,2,0.28,0.48,4,0.56,0.95,414,57.74,98.57,1,LECO,M
38,Isère,229,Meylan,1,1021,530,51.91,491,48.09,14,1.37,2.85,0,0.0,0.0,477,46.72,97.15,1,LDVG,M
38,Isère,229,Meylan,2,898,440,49.0,458,51.0,5,0.56,1.09,0,0.0,0.0,453,50.45,98.91,1,LDVG,M
38,Isère,229,Meylan,3,985,538,54.62,447,45.38,7,0.71,1.57,0,0.0,0.0,440,44.67,98.43,1,LDVG,M
38,Isère,229,Meylan,4,781,458,58.64,323,41.36,11,1.41,3.41,0,0.0,0.0,312,39.95,96.59,1,LDVG,M
38,Isère,229,Meylan,5,798,456,57.14,342,42.86,2,0.25,0.58,0,0.0,0.0,340,42.61,99.42,1,LDVG,M
38,Isère,229,Meylan,6,868,495,57.03,373,42.97,6,0.69,1.61,0,0.0,0.0,367,42.28,98.39,1,LDVG,M
38,Isère,229,Meylan,7,708,404,57.06,304,42.94,14,1.98,4.61,0,0.0,0.0,290,40.96,95.39,1,LDVG,M
38,Isère,229,Meylan,8,1032,537,52.03,495,47.97,7,0.68,1.41,0,0.0,0.0,488,47.29,98.59,1,LDVG,M
38,Isère,229,Meylan,9,798,349,43.73,449,56.27,8,1.0,1.78,0,0.0,0.0,441,55.26,98.22,1,LDVG,M
38,Isère,229,Meylan,10,821,437,53.23,384,46.77,5,0.61,1.3,0,0.0,0.0,379,46.16,98.7,1,LDVG,M
38,Isère,229,Meylan,11,866,468,54.04,398,45.96,8,0.92,2.01,0,0.0,0.0,390,45.03,97.99,1,LDVG,M
38,Isère,229,Meylan,12,941,472,50.16,469,49.84,5,0.53,1.07,0,0.0,0.0,464,49.31,98.93,1,LDVG,M
38,Isère,229,Meylan,13,765,372,48.63,393,51.37,5,0.65,1.27,0,0.0,0.0,388,50.72,98.73,1,LDVG,M
38,Isère,229,Meylan,14,952,527,55.36,425,44.64,9,0.95,2.12,0,0.0,0.0,416,43.7,97.88,1,LDVG,M
38,Isère,229,Meylan,15,751,431,57.39,320,42.61,3,0.4,0.94,0,0.0,0.0,317,42.21,99.06,1,LDVG,M
38,Isère,229,Meylan,16,988,526,53.24,462,46.76,9,0.91,1.95,0,0.0,0.0,453,45.85,98.05,1,LDVG,M
38,Isère,235,Miribel-Lanchâtre,1,294,120,40.82,174,59.18,3,1.02,1.72,1,0.34,0.57,170,57.82,97.7,2,NC,M
38,Isère,252,Montchaboud,1,280,133,47.5,147,52.5,2,0.71,1.36,3,1.07,2.04,142,50.71,96.6,2,NC,M
38,Isère,258,Mont-Saint-Martin,1,88,30,34.09,58,65.91,0,0.0,0.0,1,1.14,1.72,57,64.77,98.28,2,NC,M
38,Isère,271,Murianette,1,690,350,50.72,340,49.28,5,0.72,1.47,5,0.72,1.47,330,47.83,97.06,2,NC,M
38,Isère,277,Notre-Dame-de-Commiers,1,445,145,32.58,300,67.42,1,0.22,0.33,5,1.12,1.67,294,66.07,98.0,2,NC,M
38,Isère,279,Notre-Dame-de-Mésage,1,924,601,65.04,323,34.96,10,1.08,3.1,32,3.46,9.91,281,30.41,87.0,1,LNC,M
38,Isère,281,Noyarey,1,704,278,39.49,426,60.51,2,0.28,0.47,4,0.57,0.94,420,59.66,98.59,1,LNC,M
38,Isère,281,Noyarey,2,936,481,51.39,455,48.61,3,0.32,0.66,4,0.43,0.88,448,47.86,98.46,1,LNC,M
38,Isère,309,Poisat,1,785,479,61.02,306,38.98,15,1.91,4.9,18,2.29,5.88,273,34.78,89.22,1,LNC,M
38,Isère,309,Poisat,2,837,561,67.03,276,32.97,7,0.84,2.54,12,1.43,4.35,257,30.7,93.12,1,LNC,M
38,Isère,317,Le Pont-de-Claix,1,1021,590,57.79,431,42.21,5,0.49,1.16,5,0.49,1.16,421,41.23,97.68,1,LDVC,M
38,Isère,317,Le Pont-de-Claix,2,712,440,61.8,272,38.2,6,0.84,2.21,3,0.42,1.1,263,36.94,96.69,1,LDVC,M
38,Isère,317,Le Pont-de-Claix,3,1435,868,60.49,567,39.51,6,0.42,1.06,4,0.28,0.71,557,38.82,98.24,1,LDVC,M
38,Isère,317,Le Pont-de-Claix,4,873,492,56.36,381,43.64,5,0.57,1.31,1,0.11,0.26,375,42.96,98.43,1,LDVC,M
38,Isère,317,Le Pont-de-Claix,5,845,542,64.14,303,35.86,7,0.83,2.31,4,0.47,1.32,292,34.56,96.37,1,LDVC,M
38,Isère,317,Le Pont-de-Claix,6,888,554,62.39,334,37.61,4,0.45,1.2,4,0.45,1.2,326,36.71,97.6,1,LDVC,M
38,Isère,317,Le Pont-de-Claix,7,791,541,68.39,250,31.61,4,0.51,1.6,0,0.0,0.0,246,31.1,98.4,1,LDVC,M
38,Isère,325,Proveysieux,1,405,150,37.04,255,62.96,0,0.0,0.0,1,0.25,0.39,254,62.72,99.61,2,NC,M
38,Isère,328,Quaix-en-Chartreuse,1,762,439,57.61,323,42.39,3,0.39,0.93,3,0.39,0.93,317,41.6,98.14,2,NC,M
38,Isère,364,Saint-Barthélemy-de-Séchilienne,1,254,153,60.24,101,39.76,1,0.39,0.99,1,0.39,0.99,99,38.98,98.02,2,NC,M
38,Isère,364,Saint-Barthélemy-de-Séchilienne,2,85,48,56.47,37,43.53,3,3.53,8.11,0,0.0,0.0,34,40.0,91.89,2,NC,M
38,Isère,382,Saint-Egrève,1,833,465,55.82,368,44.18,6,0.72,1.63,3,0.36,0.82,359,43.1,97.55,1,LDVG,M
38,Isère,382,Saint-Egrève,2,926,561,60.58,365,39.42,6,0.65,1.64,7,0.76,1.92,352,38.01,96.44,1,LDVG,M
38,Isère,382,Saint-Egrève,3,879,583,66.33,296,33.67,6,0.68,2.03,3,0.34,1.01,287,32.65,96.96,1,LDVG,M
38,Isère,382,Saint-Egrève,4,623,313,50.24,310,49.76,2,0.32,0.65,3,0.48,0.97,305,48.96,98.39,1,LDVG,M
38,Isère,382,Saint-Egrève,5,717,441,61.51,276,38.49,1,0.14,0.36,1,0.14,0.36,274,38.21,99.28,1,LDVG,M
38,Isère,382,Saint-Egrève,6,862,463,53.71,399,46.29,2,0.23,0.5,4,0.46,1.0,393,45.59,98.5,1,LDVG,M
38,Isère,382,Saint-Egrève,7,630,422,66.98,208,33.02,5,0.79,2.4,6,0.95,2.88,197,31.27,94.71,1,LDVG,M
38,Isère,382,Saint-Egrève,8,863,557,64.54,306,35.46,3,0.35,0.98,1,0.12,0.33,302,34.99,98.69,1,LDVG,M
38,Isère,382,Saint-Egrève,9,927,616,66.45,311,33.55,9,0.97,2.89,3,0.32,0.96,299,32.25,96.14,1,LDVG,M
38,Isère,382,Saint-Egrève,10,825,463,56.12,362,43.88,5,0.61,1.38,3,0.36,0.83,354,42.91,97.79,1,LDVG,M
38,Isère,382,Saint-Egrève,11,865,487,56.3,378,43.7,5,0.58,1.32,5,0.58,1.32,368,42.54,97.35,1,LDVG,M
38,Isère,382,Saint-Egrève,12,742,391,52.7,351,47.3,4,0.54,1.14,5,0.67,1.42,342,46.09,97.44,1,LDVG,M
38,Isère,382,Saint-Egrève,13,831,570,68.59,261,31.41,2,0.24,0.77,1,0.12,0.38,258,31.05,98.85,1,LDVG,M
38,Isère,382,Saint-Egrève,14,864,459,53.13,405,46.88,3,0.35,0.74,5,0.58,1.23,397,45.95,98.02,1,LDVG,M
38,Isère,388,Saint-Georges-de-Commiers,1,983,715,72.74,268,27.26,12,1.22,4.48,32,3.26,11.94,224,22.79,83.58,1,LNC,F
38,Isère,388,Saint-Georges-de-Commiers,2,792,611,77.15,181,22.85,11,1.39,6.08,22,2.78,12.15,148,18.69,81.77,1,LNC,F
38,Isère,421,Saint-Martin-d'Hères,1,912,590,64.69,322,35.31,6,0.66,1.86,8,0.88,2.48,308,33.77,95.65,1,LUC,M
38,Isère,421,Saint-Martin-d'Hères,2,563,413,73.36,150,26.64,2,0.36,1.33,4,0.71,2.67,144,25.58,96.0,1,LUC,M
38,Isère,421,Saint-Martin-d'Hères,3,746,558,74.8,188,25.2,2,0.27,1.06,0,0.0,0.0,186,24.93,98.94,1,LUC,M
38,Isère,421,Saint-Martin-d'Hères,4,939,649,69.12,290,30.88,9,0.96,3.1,8,0.85,2.76,273,29.07,94.14,1,LUC,M
38,Isère,421,Saint-Martin-d'Hères,5,819,548,66.91,271,33.09,6,0.73,2.21,8,0.98,2.95,257,31.38,94.83,1,LUC,M
38,Isère,421,Saint-Martin-d'Hères,6,585,407,69.57,178,30.43,2,0.34,1.12,3,0.51,1.69,173,29.57,97.19,1,LUC,M
38,Isère,421,Saint-Martin-d'Hères,7,840,593,70.6,247,29.4,2,0.24,0.81,3,0.36,1.21,242,28.81,97.98,1,LUC,M
38,Isère,421,Saint-Martin-d'Hères,8,1097,750,68.37,347,31.63,4,0.36,1.15,10,0.91,2.88,333,30.36,95.97,1,LUC,M
38,Isère,421,Saint-Martin-d'Hères,9,682,452,66.28,230,33.72,0,0.0,0.0,9,1.32,3.91,221,32.4,96.09,1,LUC,M
38,Isère,421,Saint-Martin-d'Hères,10,673,450,66.86,223,33.14,5,0.74,2.24,3,0.45,1.35,215,31.95,96.41,1,LUC,M
38,Isère,421,Saint-Martin-d'Hères,11,889,588,66.14,301,33.86,2,0.22,0.66,5,0.56,1.66,294,33.07,97.67,1,LUC,M
38,Isère,421,Saint-Martin-d'Hères,12,842,614,72.92,228,27.08,6,0.71,2.63,2,0.24,0.88,220,26.13,96.49,1,LUC,M
38,Isère,421,Saint-Martin-d'Hères,13,635,416,65.51,219,34.49,2,0.31,0.91,6,0.94,2.74,211,33.23,96.35,1,LUC,M
38,Isère,421,Saint-Martin-d'Hères,14,855,603,70.53,252,29.47,2,0.23,0.79,5,0.58,1.98,245,28.65,97.22,1,LUC,M
38,Isère,421,Saint-Martin-d'Hères,15,820,496,60.49,324,39.51,3,0.37,0.93,9,1.1,2.78,312,38.05,96.3,1,LUC,M
38,Isère,421,Saint-Martin-d'Hères,16,543,415,76.43,128,23.57,2,0.37,1.56,2,0.37,1.56,124,22.84,96.88,1,LUC,M
38,Isère,421,Saint-Martin-d'Hères,17,967,672,69.49,295,30.51,3,0.31,1.02,1,0.1,0.34,291,30.09,98.64,1,LUC,M
38,Isère,421,Saint-Martin-d'Hères,18,769,540,70.22,229,29.78,0,0.0,0.0,5,0.65,2.18,224,29.13,97.82,1,LUC,M
38,Isère,421,Saint-Martin-d'Hères,19,936,698,74.57,238,25.43,0,0.0,0.0,11,1.18,4.62,227,24.25,95.38,1,LUC,M
38,Isère,421,Saint-Martin-d'Hères,20,855,605,70.76,250,29.24,1,0.12,0.4,6,0.7,2.4,243,28.42,97.2,1,LUC,M
38,Isère,421,Saint-Martin-d'Hères,21,1135,831,73.22,304,26.78,4,0.35,1.32,6,0.53,1.97,294,25.9,96.71,1,LUC,M
38,Isère,421,Saint-Martin-d'Hères,22,672,442,65.77,230,34.23,6,0.89,2.61,4,0.6,1.74,220,32.74,95.65,1,LUC,M
38,Isère,423,Saint-Martin-le-Vinoux,1,836,513,61.36,323,38.64,11,1.32,3.41,1,0.12,0.31,311,37.2,96.28,1,LDVG,M
38,Isère,423,Saint-Martin-le-Vinoux,2,825,526,63.76,299,36.24,7,0.85,2.34,4,0.48,1.34,288,34.91,96.32,1,LDVG,M
38,Isère,423,Saint-Martin-le-Vinoux,3,897,579,64.55,318,35.45,5,0.56,1.57,8,0.89,2.52,305,34.0,95.91,1,LDVG,M
38,Isère,423,Saint-Martin-le-Vinoux,4,897,463,51.62,434,48.38,11,1.23,2.53,1,0.11,0.23,422,47.05,97.24,1,LDVG,M
38,Isère,436,Saint-Paul-de-Varces,1,1014,401,39.55,613,60.45,11,1.08,1.79,4,0.39,0.65,598,58.97,97.55,1,LNC,M
38,Isère,436,Saint-Paul-de-Varces,2,947,328,34.64,619,65.36,11,1.16,1.78,4,0.42,0.65,604,63.78,97.58,1,LNC,M
38,Isère,445,Saint-Pierre-de-Mésage,1,555,316,56.94,239,43.06,6,1.08,2.51,7,1.26,2.93,226,40.72,94.56,2,NC,M
38,Isère,471,Le Sappey-en-Chartreuse,1,945,282,29.84,663,70.16,6,0.63,0.9,6,0.63,0.9,651,68.89,98.19,1,LNC,M
38,Isère,472,Sarcenas,1,193,21,10.88,172,89.12,0,0.0,0.0,6,3.11,3.49,166,86.01,96.51,2,NC,M
38,Isère,474,Sassenage,1,1335,691,51.76,644,48.24,11,0.82,1.71,8,0.6,1.24,625,46.82,97.05,1,LVEC,M
38,Isère,474,Sassenage,2,897,507,56.52,390,43.48,3,0.33,0.77,3,0.33,0.77,384,42.81,98.46,1,LVEC,M
38,Isère,474,Sassenage,3,901,373,41.4,528,58.6,5,0.55,0.95,4,0.44,0.76,519,57.6,98.3,1,LVEC,M
38,Isère,474,Sassenage,4,961,468,48.7,493,51.3,3,0.31,0.61,6,0.62,1.22,484,50.36,98.17,1,LVEC,M
38,Isère,474,Sassenage,5,936,550,58.76,386,41.24,2,0.21,0.52,4,0.43,1.04,380,40.6,98.45,1,LVEC,M
38,Isère,474,Sassenage,6,864,427,49.42,437,50.58,0,0.0,0.0,3,0.35,0.69,434,50.23,99.31,1,LVEC,M
38,Isère,474,Sassenage,7,894,458,51.23,436,48.77,3,0.34,0.69,3,0.34,0.69,430,48.1,98.62,1,LVEC,M
38,Isère,474,Sassenage,8,1181,647,54.78,534,45.22,5,0.42,0.94,7,0.59,1.31,522,44.2,97.75,1,LVEC,M
38,Isère,478,Séchilienne,1,776,497,64.05,279,35.95,14,1.8,5.02,32,4.12,11.47,233,30.03,83.51,1,LNC,F
38,Isère,485,Seyssinet-Pariset,1,812,480,59.11,332,40.89,1,0.12,0.3,4,0.49,1.2,327,40.27,98.49,1,LDVD,M
38,Isère,485,Seyssinet-Pariset,2,1006,534,53.08,472,46.92,3,0.3,0.64,10,0.99,2.12,459,45.63,97.25,1,LDVD,M
38,Isère,485,Seyssinet-Pariset,3,798,500,62.66,298,37.34,3,0.38,1.01,7,0.88,2.35,288,36.09,96.64,1,LDVD,M
38,Isère,485,Seyssinet-Pariset,4,1004,562,55.98,442,44.02,3,0.3,0.68,6,0.6,1.36,433,43.13,97.96,1,LDVD,M
38,Isère,485,Seyssinet-Pariset,5,983,478,48.63,505,51.37,2,0.2,0.4,4,0.41,0.79,499,50.76,98.81,1,LDVD,M
38,Isère,485,Seyssinet-Pariset,6,199,83,41.71,116,58.29,1,0.5,0.86,0,0.0,0.0,115,57.79,99.14,1,LDVD,M
38,Isère,485,Seyssinet-Pariset,7,1211,666,55.0,545,45.0,2,0.17,0.37,4,0.33,0.73,539,44.51,98.9,1,LDVD,M
38,Isère,485,Seyssinet-Pariset,8,842,481,57.13,361,42.87,3,0.36,0.83,8,0.95,2.22,350,41.57,96.95,1,LDVD,M
38,Isère,485,Seyssinet-Pariset,9,640,350,54.69,290,45.31,2,0.31,0.69,5,0.78,1.72,283,44.22,97.59,1,LDVD,M
38,Isère,485,Seyssinet-Pariset,10,702,311,44.3,391,55.7,1,0.14,0.26,3,0.43,0.77,387,55.13,98.98,1,LDVD,M
38,Isère,486,Seyssins,1,871,464,53.27,407,46.73,6,0.69,1.47,10,1.15,2.46,391,44.89,96.07,1,LLR,F
38,Isère,486,Seyssins,2,1044,506,48.47,538,51.53,2,0.19,0.37,3,0.29,0.56,533,51.05,99.07,1,LLR,F
38,Isère,486,Seyssins,3,911,576,63.23,335,36.77,2,0.22,0.6,2,0.22,0.6,331,36.33,98.81,1,LLR,F
38,Isère,486,Seyssins,4,1149,647,56.31,502,43.69,10,0.87,1.99,10,0.87,1.99,482,41.95,96.02,1,LLR,F
38,Isère,486,Seyssins,5,1025,527,51.41,498,48.59,4,0.39,0.8,4,0.39,0.8,490,47.8,98.39,1,LLR,F
38,Isère,486,Seyssins,6,692,356,51.45,336,48.55,1,0.14,0.3,3,0.43,0.89,332,47.98,98.81,1,LLR,F
38,Isère,516,La Tronche,1,1014,509,50.2,505,49.8,2,0.2,0.4,5,0.49,0.99,498,49.11,98.61,1,LDVG,M
38,Isère,516,La Tronche,2,1046,510,48.76,536,51.24,3,0.29,0.56,6,0.57,1.12,527,50.38,98.32,1,LDVG,M
38,Isère,516,La Tronche,3,1027,588,57.25,439,42.75,9,0.88,2.05,5,0.49,1.14,425,41.38,96.81,1,LDVG,M
38,Isère,516,La Tronche,4,896,458,51.12,438,48.88,3,0.33,0.68,2,0.22,0.46,433,48.33,98.86,1,LDVG,M
38,Isère,524,Varces-Allières-et-Risset,1,1035,512,49.47,523,50.53,3,0.29,0.57,6,0.58,1.15,514,49.66,98.28,1,LDVG,M
38,Isère,524,Varces-Allières-et-Risset,2,1136,601,52.9,535,47.1,10,0.88,1.87,4,0.35,0.75,521,45.86,97.38,1,LDVG,M
38,Isère,524,Varces-Allières-et-Risset,3,1042,536,51.44,506,48.56,4,0.38,0.79,8,0.77,1.58,494,47.41,97.63,1,LDVG,M
38,Isère,524,Varces-Allières-et-Risset,4,1086,609,56.08,477,43.92,9,0.83,1.89,9,0.83,1.89,459,42.27,96.23,1,LDVG,M
38,Isère,524,Varces-Allières-et-Risset,5,833,540,64.83,293,35.17,1,0.12,0.34,1,0.12,0.34,291,34.93,99.32,1,LDVG,M
38,Isère,528,Vaulnaveys-le-Bas,1,871,564,64.75,307,35.25,35,4.02,11.4,19,2.18,6.19,253,29.05,82.41,1,LNC,M
38,Isère,528,Vaulnaveys-le-Bas,2,72,45,62.5,27,37.5,5,6.94,18.52,2,2.78,7.41,20,27.78,74.07,1,LNC,M
38,Isère,529,Vaulnaveys-le-Haut,1,1517,1041,68.62,476,31.38,14,0.92,2.94,24,1.58,5.04,438,28.87,92.02,1,LDVC,M
38,Isère,529,Vaulnaveys-le-Haut,2,711,478,67.23,233,32.77,1,0.14,0.43,15,2.11,6.44,217,30.52,93.13,1,LDVC,M
38,Isère,529,Vaulnaveys-le-Haut,3,850,634,74.59,216,25.41,11,1.29,5.09,12,1.41,5.56,193,22.71,89.35,1,LDVC,M
38,Isère,533,Venon,1,593,284,47.89,309,52.11,3,0.51,0.97,5,0.84,1.62,301,50.76,97.41,2,NC,M
38,Isère,540,Veurey-Voroize,1,1084,454,41.88,630,58.12,6,0.55,0.95,5,0.46,0.79,619,57.1,98.25,1,LNC,M
38,Isère,545,Vif,1,1249,721,57.73,528,42.27,7,0.56,1.33,6,0.48,1.14,515,41.23,97.54,1,LUG,F
38,Isère,545,Vif,2,1207,720,59.65,487,40.35,7,0.58,1.44,3,0.25,0.62,477,39.52,97.95,1,LUG,F
38,Isère,545,Vif,3,1109,670,60.41,439,39.59,4,0.36,0.91,1,0.09,0.23,434,39.13,98.86,1,LUG,F
38,Isère,545,Vif,4,1169,669,57.23,500,42.77,7,0.6,1.4,0,0.0,0.0,493,42.17,98.6,1,LUG,F
38,Isère,545,Vif,5,633,327,51.66,306,48.34,2,0.32,0.65,1,0.16,0.33,303,47.87,99.02,1,LUG,F
38,Isère,545,Vif,6,1211,707,58.38,504,41.62,4,0.33,0.79,9,0.74,1.79,491,40.55,97.42,1,LUG,F
38,Isère,562,Vizille,1,1329,817,61.47,512,38.53,13,0.98,2.54,9,0.68,1.76,490,36.87,95.7,1,LCOM,M
38,Isère,562,Vizille,2,1336,796,59.58,540,40.42,5,0.37,0.93,13,0.97,2.41,522,39.07,96.67,1,LCOM,M
38,Isère,562,Vizille,3,689,428,62.12,261,37.88,7,1.02,2.68,4,0.58,1.53,250,36.28,95.79,1,LCOM,M
38,Isère,562,Vizille,4,1496,923,61.7,573,38.3,13,0.87,2.27,14,0.94,2.44,546,36.5,95.29,1,LCOM,M
