Code du département,Libellé du département,Code de la commune,Libellé de la commune,Inscrits,Abstentions,% Abs/Ins,Votants,% Vot/Ins,Non-Exprimés,% Non-Exp/Ins,% Non-Exp/Vot,Exprimés,% Exp/Ins,% Exp/Vot,Année,Numéro de tour
34,Hérault,022,Baillargues,5191,1497,28.84,3694,71.16,106,2.04,2.87,3588,69.12,97.13,2014,1
34,Hérault,027,Beaulieu,1307,424,32.44,883,67.56,135,10.33,15.29,748,57.23,84.71,2014,1
34,Hérault,057,Castelnau-le-Lez,13677,5355,39.15,8322,60.85,376,2.75,4.52,7946,58.1,95.48,2014,1
34,Hérault,058,Castries,4626,1318,28.49,3308,71.51,100,2.16,3.02,3208,69.35,96.98,2014,1
34,Hérault,077,Clapiers,4062,1100,27.08,2962,72.92,237,5.83,8.0,2725,67.09,92.0,2014,1
34,Hérault,087,Cournonsec,2048,788,38.48,1260,61.52,266,12.99,21.11,994,48.54,78.89,2014,1
34,Hérault,088,Cournonterral,4516,1422,31.49,3094,68.51,222,4.92,7.18,2872,63.6,92.82,2014,1
34,Hérault,090,Le Crès,6855,2332,34.02,4523,65.98,196,2.86,4.33,4327,63.12,95.67,2014,1
34,Hérault,095,Fabrègues,5477,1769,32.3,3708,67.7,113,2.06,3.05,3595,65.64,96.95,2014,1
34,Hérault,116,Grabels,4813,1520,31.58,3293,68.42,99,2.06,3.01,3194,66.36,96.99,2014,1
34,Hérault,120,Jacou,4417,1270,28.75,3147,71.25,208,4.71,6.61,2939,66.54,93.39,2014,1
34,Hérault,123,Juvignac,6368,2134,33.51,4234,66.49,145,2.28,3.42,4089,64.21,96.58,2014,1
34,Hérault,129,Lattes,13051,4739,36.31,8312,63.69,277,2.12,3.33,8035,61.57,96.67,2014,1
34,Hérault,134,Lavérune,2223,809,36.39,1414,63.61,365,16.42,25.81,1049,47.19,74.19,2014,1
34,Hérault,169,Montferrier-sur-Lez,3214,986,30.68,2228,69.32,57,1.77,2.56,2171,67.55,97.44,2014,1
34,Hérault,172,Montpellier,145590,69686,47.86,75904,52.14,2502,1.72,3.3,73402,50.42,96.7,2014,1
34,Hérault,179,Murviel-lès-Montpellier,1404,25,1.78,1379,98.22,267,19.02,19.36,1112,79.2,80.64,2014,1
34,Hérault,198,Pérols,7398,2425,32.78,4973,67.22,131,1.77,2.63,4842,65.45,97.37,2014,1
34,Hérault,202,Pignan,5608,1728,30.81,3880,69.19,1524,27.18,39.28,2356,42.01,60.72,2014,1
34,Hérault,217,Prades-le-Lez,3842,1166,30.35,2676,69.65,149,3.88,5.57,2527,65.77,94.43,2014,1
34,Hérault,227,Restinclières,1281,340,26.54,941,73.46,31,2.42,3.29,910,71.04,96.71,2014,1
34,Hérault,244,Saint-Brès,2060,746,36.21,1314,63.79,269,13.06,20.47,1045,50.73,79.53,2014,1
34,Hérault,249,Saint-Drézéry,1781,694,38.97,1087,61.03,339,19.03,31.19,748,42.0,68.81,2014,1
34,Hérault,256,Saint-Geniès-des-Mourgues,1506,372,24.7,1134,75.3,36,2.39,3.17,1098,72.91,96.83,2014,1
34,Hérault,259,Saint-Georges-d'Orques,4312,1392,32.28,2920,67.72,114,2.64,3.9,2806,65.07,96.1,2014,1
34,Hérault,270,Saint-Jean-de-Védas,7431,2320,31.22,5111,68.78,184,2.48,3.6,4927,66.3,96.4,2014,1
34,Hérault,295,Saussan,1128,329,29.17,799,70.83,86,7.62,10.76,713,63.21,89.24,2014,1
34,Hérault,307,Sussargues,2120,588,27.74,1532,72.26,53,2.5,3.46,1479,69.76,96.54,2014,1
34,Hérault,327,Vendargues,5073,1325,26.12,3748,73.88,118,2.33,3.15,3630,71.56,96.85,2014,1
34,Hérault,337,Villeneuve-lès-Maguelone,6642,1689,25.43,4953,74.57,122,1.84,2.46,4831,72.73,97.54,2014,1
35,Ille-et-Vilaine,001,Acigné,4790,1318,27.52,3472,72.48,406,8.48,11.69,3066,64.01,88.31,2014,1
35,Ille-et-Vilaine,024,Betton,8336,3205,38.45,5131,61.55,263,3.15,5.13,4868,58.4,94.87,2014,1
35,Ille-et-Vilaine,032,Bourgbarré,2578,1160,45.0,1418,55.0,291,11.29,20.52,1127,43.72,79.48,2014,1
35,Ille-et-Vilaine,039,Brécé,1451,633,43.63,818,56.37,133,9.17,16.26,685,47.21,83.74,2014,1
35,Ille-et-Vilaine,047,Bruz,11908,4377,36.76,7531,63.24,277,2.33,3.68,7254,60.92,96.32,2014,1
35,Ille-et-Vilaine,051,Cesson-Sévigné,13140,4520,34.4,8620,65.6,265,2.02,3.07,8355,63.58,96.93,2014,1
35,Ille-et-Vilaine,055,Chantepie,7113,2673,37.58,4440,62.42,109,1.53,2.45,4331,60.89,97.55,2014,1
35,Ille-et-Vilaine,058,La Chapelle-Chaussée,825,185,22.42,640,77.58,18,2.18,2.81,622,75.39,97.19,2014,1
35,Ille-et-Vilaine,059,La Chapelle-des-Fougeretz,3181,980,30.81,2201,69.19,126,3.96,5.72,2075,65.23,94.28,2014,1
35,Ille-et-Vilaine,065,La Chapelle-Thouarault,1578,607,38.47,971,61.53,286,18.12,29.45,685,43.41,70.55,2014,1
35,Ille-et-Vilaine,066,Chartres-de-Bretagne,5788,2405,41.55,3383,58.45,204,3.52,6.03,3179,54.92,93.97,2014,1
35,Ille-et-Vilaine,076,Chavagne,3036,980,32.28,2056,67.72,64,2.11,3.11,1992,65.61,96.89,2014,1
35,Ille-et-Vilaine,079,Chevaigné,1548,601,38.82,947,61.18,255,16.47,26.93,692,44.7,73.07,2014,1
35,Ille-et-Vilaine,080,Cintré,1491,413,27.7,1078,72.3,55,3.69,5.1,1023,68.61,94.9,2014,1
35,Ille-et-Vilaine,088,Corps-Nuds,2260,658,29.12,1602,70.88,87,3.85,5.43,1515,67.04,94.57,2014,1
35,Ille-et-Vilaine,120,Gévezé,3406,1482,43.51,1924,56.49,265,7.78,13.77,1659,48.71,86.23,2014,1
35,Ille-et-Vilaine,131,L'Hermitage,2948,889,30.16,2059,69.84,64,2.17,3.11,1995,67.67,96.89,2014,1
35,Ille-et-Vilaine,139,Laillé,3604,1069,29.66,2535,70.34,109,3.02,4.3,2426,67.31,95.7,2014,1
35,Ille-et-Vilaine,189,Montgermont,2322,690,29.72,1632,70.28,51,2.2,3.13,1581,68.09,96.88,2014,1
35,Ille-et-Vilaine,196,Mordelles,5634,1830,32.48,3804,67.52,113,2.01,2.97,3691,65.51,97.03,2014,1
35,Ille-et-Vilaine,204,Nouvoitou,2251,791,35.14,1460,64.86,66,2.93,4.52,1394,61.93,95.48,2014,1
35,Ille-et-Vilaine,206,Noyal-Châtillon-sur-Seiche,4836,1532,31.68,3304,68.32,186,3.85,5.63,3118,64.47,94.37,2014,1
35,Ille-et-Vilaine,208,Orgères,2816,1212,43.04,1604,56.96,405,14.38,25.25,1199,42.58,74.75,2014,1
35,Ille-et-Vilaine,210,Pacé,7672,2491,32.47,5181,67.53,209,2.72,4.03,4972,64.81,95.97,2014,1
35,Ille-et-Vilaine,216,Parthenay-de-Bretagne,957,256,26.75,701,73.25,24,2.51,3.42,677,70.74,96.58,2014,1
35,Ille-et-Vilaine,238,Rennes,115494,54470,47.16,61024,52.84,1902,1.65,3.12,59122,51.19,96.88,2014,1
35,Ille-et-Vilaine,240,Le Rheu,5394,2710,50.24,2684,49.76,822,15.24,30.63,1862,34.52,69.37,2014,1
35,Ille-et-Vilaine,245,Romillé,2626,656,24.98,1970,75.02,64,2.44,3.25,1906,72.58,96.75,2014,1
35,Ille-et-Vilaine,250,Saint-Armel,1257,350,27.84,907,72.16,44,3.5,4.85,863,68.66,95.15,2014,1
35,Ille-et-Vilaine,266,Saint-Erblon,2025,570,28.15,1455,71.85,77,3.8,5.29,1378,68.05,94.71,2014,1
35,Ille-et-Vilaine,275,Saint-Gilles,2901,673,23.2,2228,76.8,111,3.83,4.98,2117,72.97,95.02,2014,1
35,Ille-et-Vilaine,278,Saint-Grégoire,7254,2459,33.9,4795,66.1,120,1.65,2.5,4675,64.45,97.5,2014,1
35,Ille-et-Vilaine,281,Saint-Jacques-de-la-Lande,6834,3093,45.26,3741,54.74,198,2.9,5.29,3543,51.84,94.71,2014,1
35,Ille-et-Vilaine,315,Saint-Sulpice-la-Forêt,1031,301,29.19,730,70.81,33,3.2,4.52,697,67.6,95.48,2014,1
35,Ille-et-Vilaine,334,Thorigné-Fouillard,5951,2090,35.12,3861,64.88,311,5.23,8.05,3550,59.65,91.95,2014,1
35,Ille-et-Vilaine,351,Le Verger,1035,262,25.31,773,74.69,69,6.67,8.93,704,68.02,91.07,2014,1
35,Ille-et-Vilaine,352,Vern-sur-Seiche,6489,2585,39.84,3904,60.16,222,3.42,5.69,3682,56.74,94.31,2014,1
35,Ille-et-Vilaine,353,Vezin-le-Coquet,3292,1068,32.44,2224,67.56,87,2.64,3.91,2137,64.91,96.09,2014,1
35,Ille-et-Vilaine,363,Pont-Péan,2946,1292,43.86,1654,56.14,247,8.38,14.93,1407,47.76,85.07,2014,1
38,Isère,059,Brié-et-Angonnes,1900,494,26.0,1406,74.0,75,3.95,5.33,1331,70.05,94.67,2014,1
38,Isère,068,Champagnier,957,444,46.39,513,53.61,200,20.9,38.99,313,32.71,61.01,2014,1
38,Isère,071,Champ-sur-Drac,2377,1179,49.6,1198,50.4,125,5.26,10.43,1073,45.14,89.57,2014,1
38,Isère,111,Claix,6474,2224,34.35,4250,65.65,97,1.5,2.28,4153,64.15,97.72,2014,1
38,Isère,126,Corenc,3373,1270,37.65,2103,62.35,41,1.22,1.95,2062,61.13,98.05,2014,1
38,Isère,150,Domène,4781,1731,36.21,3050,63.79,70,1.46,2.3,2980,62.33,97.7,2014,1
38,Isère,151,Echirolles,20628,9429,45.71,11199,54.29,308,1.49,2.75,10891,52.8,97.25,2014,1
38,Isère,158,Eybens,6624,2820,42.57,3804,57.43,175,2.64,4.6,3629,54.79,95.4,2014,1
38,Isère,169,Fontaine,13515,5836,43.18,7679,56.82,144,1.07,1.88,7535,55.75,98.12,2014,1
38,Isère,170,Fontanil-Cornillon,2371,857,36.15,1514,63.85,50,2.11,3.3,1464,61.75,96.7,2014,1
38,Isère,179,Gières,4064,1648,40.55,2416,59.45,109,2.68,4.51,2307,56.77,95.49,2014,1
38,Isère,185,Grenoble,84816,40369,47.6,44447,52.4,1062,1.25,2.39,43385,51.15,97.61,2014,1
38,Isère,187,Le Gua,1443,479,33.19,964,66.81,48,3.33,4.98,916,63.48,95.02,2014,1
38,Isère,188,Herbeys,1107,308,27.82,799,72.18,20,1.81,2.5,779,70.37,97.5,2014,1
38,Isère,200,Jarrie,3067,1525,49.72,1542,50.28,228,7.43,14.79,1314,42.84,85.21,2014,1
38,Isère,229,Meylan,14296,5221,36.52,9075,63.48,297,2.08,3.27,8778,61.4,96.73,2014,1
38,Isère,279,Notre-Dame-de-Mésage,910,403,44.29,507,55.71,59,6.48,11.64,448,49.23,88.36,2014,1
38,Isère,281,Noyarey,1698,522,30.74,1176,69.26,23,1.35,1.96,1153,67.9,98.04,2014,1
38,Isère,309,Poisat,1593,526,33.02,1067,66.98,55,3.45,5.15,1012,63.53,94.85,2014,1
38,Isère,317,Le Pont-de-Claix,6674,3372,50.52,3302,49.48,170,2.55,5.15,3132,46.93,94.85,2014,1
38,Isère,382,Saint-Egrève,11677,5211,44.63,6466,55.37,288,2.47,4.45,6178,52.91,95.55,2014,1
38,Isère,388,Saint-Georges-de-Commiers,1637,771,47.1,866,52.9,159,9.71,18.36,707,43.19,81.64,2014,1
38,Isère,421,Saint-Martin-d'Hères,18566,9508,51.21,9058,48.79,523,2.82,5.77,8535,45.97,94.23,2014,1
38,Isère,423,Saint-Martin-le-Vinoux,3601,1719,47.74,1882,52.26,80,2.22,4.25,1802,50.04,95.75,2014,1
38,Isère,436,Saint-Paul-de-Varces,1833,391,21.33,1442,78.67,21,1.15,1.46,1421,77.52,98.54,2014,1
38,Isère,471,Le Sappey-en-Chartreuse,828,158,19.08,670,80.92,20,2.42,2.99,650,78.5,97.01,2014,1
38,Isère,474,Sassenage,8032,2587,32.21,5445,67.79,159,1.98,2.92,5286,65.81,97.08,2014,1
38,Isère,485,Seyssinet-Pariset,8411,3126,37.17,5285,62.83,102,1.21,1.93,5183,61.62,98.07,2014,1
38,Isère,486,Seyssins,5315,1841,34.64,3474,65.36,159,2.99,4.58,3315,62.37,95.42,2014,1
38,Isère,516,La Tronche,4048,1485,36.68,2563,63.32,62,1.53,2.42,2501,61.78,97.58,2014,1
38,Isère,524,Varces-Allières-et-Risset,4725,1633,34.56,3092,65.44,109,2.31,3.53,2983,63.13,96.47,2014,1
38,Isère,528,Vaulnaveys-le-Bas,920,285,30.98,635,69.02,28,3.04,4.41,607,65.98,95.59,2014,1
38,Isère,529,Vaulnaveys-le-Haut,2848,1036,36.38,1812,63.62,59,2.07,3.26,1753,61.55,96.74,2014,1
38,Isère,540,Veurey-Voroize,1061,465,43.83,596,56.17,177,16.68,29.7,419,39.49,70.3,2014,1
38,Isère,545,Vif,6243,2266,36.3,3977,63.7,89,1.43,2.24,3888,62.28,97.76,2014,1
38,Isère,562,Vizille,4930,2198,44.58,2732,55.42,147,2.98,5.38,2585,52.43,94.62,2014,1
42,Loire,005,Andrézieux-Bouthéon,6006,2414,40.19,3592,59.81,93,1.55,2.59,3499,58.26,97.41,2014,1
42,Loire,032,Cellieu,1187,475,40.02,712,59.98,183,15.42,25.7,529,44.57,74.3,2014,1
42,Loire,043,Chamboeuf,1320,551,41.74,769,58.26,142,10.76,18.47,627,47.5,81.53,2014,1
42,Loire,044,Le Chambon-Feugerolles,8100,3416,42.17,4684,57.83,166,2.05,3.54,4518,55.78,96.46,2014,1
42,Loire,053,Châteauneuf,1252,639,51.04,613,48.96,99,7.91,16.15,514,41.05,83.85,2014,1
42,Loire,092,L'Etrat,2047,973,47.53,1074,52.47,138,6.74,12.85,936,45.73,87.15,2014,1
42,Loire,093,Farnay,1004,235,23.41,769,76.59,31,3.09,4.03,738,73.51,95.97,2014,1
42,Loire,095,Firminy,11134,3916,35.17,7218,64.83,216,1.94,2.99,7002,62.89,97.01,2014,1
42,Loire,097,La Fouillouse,3366,1586,47.12,1780,52.88,323,9.6,18.15,1457,43.29,81.85,2014,1
42,Loire,099,Fraisses,2808,891,31.73,1917,68.27,97,3.45,5.06,1820,64.81,94.94,2014,1
42,Loire,103,La Grand-Croix,3025,1230,40.66,1795,59.34,95,3.14,5.29,1700,56.2,94.71,2014,1
42,Loire,110,L'Horme,2926,1635,55.88,1291,44.12,213,7.28,16.5,1078,36.84,83.5,2014,1
42,Loire,123,Lorette,2958,1409,47.63,1549,52.37,214,7.23,13.82,1335,45.13,86.18,2014,1
42,Loire,183,La Ricamarie,5033,2596,51.58,2437,48.42,143,2.84,5.87,2294,45.58,94.13,2014,1
42,Loire,186,Rive-de-Gier,7947,3696,46.51,4251,53.49,157,1.98,3.69,4094,51.52,96.31,2014,1
42,Loire,189,Roche-la-Molière,7565,3083,40.75,4482,59.25,159,2.1,3.55,4323,57.14,96.45,2014,1
42,Loire,206,Saint-Bonnet-les-Oules,1287,546,42.42,741,57.58,189,14.69,25.51,552,42.89,74.49,2014,1
42,Loire,207,Saint-Chamond,24242,10917,45.03,13325,54.97,469,1.93,3.52,12856,53.03,96.48,2014,1
42,Loire,208,Saint-Christo-en-Jarez,1256,450,35.83,806,64.17,114,9.08,14.14,692,55.1,85.86,2014,1
42,Loire,218,Saint-Etienne,98233,48405,49.28,49828,50.72,1206,1.23,2.42,48622,49.5,97.58,2014,1
42,Loire,222,Saint-Galmier,3968,1287,32.43,2681,67.57,79,1.99,2.95,2602,65.57,97.05,2014,1
42,Loire,223,Saint-Genest-Lerpt,4372,1468,33.58,2904,66.42,108,2.47,3.72,2796,63.95,96.28,2014,1
42,Loire,225,Genilac,2755,843,30.6,1912,69.4,58,2.11,3.03,1854,67.3,96.97,2014,1
42,Loire,234,Saint-Héand,2815,720,25.58,2095,74.42,57,2.02,2.72,2038,72.4,97.28,2014,1
42,Loire,237,Saint-Jean-Bonnefonds,4742,1840,38.8,2902,61.2,64,1.35,2.21,2838,59.85,97.79,2014,1
42,Loire,242,Saint-Joseph,1394,474,34.0,920,66.0,30,2.15,3.26,890,63.85,96.74,2014,1
42,Loire,259,Saint-Martin-la-Plaine,2714,890,32.79,1824,67.21,54,1.99,2.96,1770,65.22,97.04,2014,1
42,Loire,262,Saint-Maurice-en-Gourgois,1194,434,36.35,760,63.65,122,10.22,16.05,638,53.43,83.95,2014,1
42,Loire,270,Saint-Paul-en-Cornillon,1014,428,42.21,586,57.79,98,9.66,16.72,488,48.13,83.28,2014,1
42,Loire,271,Saint-Paul-en-Jarez,2976,942,31.65,2034,68.35,80,2.69,3.93,1954,65.66,96.07,2014,1
42,Loire,275,Saint-Priest-en-Jarez,4174,1464,35.07,2710,64.93,82,1.96,3.03,2628,62.96,96.97,2014,1
42,Loire,283,Saint-Romain-en-Jarez,913,205,22.45,708,77.55,23,2.52,3.25,685,75.03,96.75,2014,1
42,Loire,302,Sorbiers,5928,2007,33.86,3921,66.14,150,2.53,3.83,3771,63.61,96.17,2014,1
42,Loire,305,La Talaudière,4426,2357,53.25,2069,46.75,577,13.04,27.89,1492,33.71,72.11,2014,1
42,Loire,311,La Tour-en-Jarez,929,423,45.53,506,54.47,79,8.5,15.61,427,45.96,84.39,2014,1
42,Loire,316,Unieux,5946,1923,32.34,4023,67.66,107,1.8,2.66,3916,65.86,97.34,2014,1
42,Loire,330,Villars,6191,2157,34.84,4034,65.16,171,2.76,4.24,3863,62.4,95.76,2014,1
76,Seine-Maritime,005,Amfreville-la-Mi-Voie,2203,1298,58.92,905,41.08,182,8.26,20.11,723,32.82,79.89,2014,1
76,Seine-Maritime,020,Anneville-Ambourville,914,312,34.14,602,65.86,111,12.14,18.44,491,53.72,81.56,2014,1
76,Seine-Maritime,039,Les Authieux-sur-le-Port-Saint-Ouen,979,241,24.62,738,75.38,20,2.04,2.71,718,73.34,97.29,2014,1
76,Seine-Maritime,069,Belbeuf,1807,888,49.14,919,50.86,132,7.3,14.36,787,43.55,85.64,2014,1
76,Seine-Maritime,095,Bihorel,6327,2192,34.65,4135,65.35,216,3.41,5.22,3919,61.94,94.78,2014,1
76,Seine-Maritime,103,Bonsecours,5229,1939,37.08,3290,62.92,119,2.28,3.62,3171,60.64,96.38,2014,1
76,Seine-Maritime,108,Bois-Guillaume,11014,4825,43.81,6189,56.19,354,3.21,5.72,5835,52.98,94.28,2014,1
76,Seine-Maritime,116,Boos,2705,1003,37.08,1702,62.92,72,2.66,4.23,1630,60.26,95.77,2014,1
76,Seine-Maritime,157,Canteleu,8992,3686,40.99,5306,59.01,189,2.1,3.56,5117,56.91,96.44,2014,1
76,Seine-Maritime,165,Caudebec-lès-Elbeuf,6782,2918,43.03,3864,56.97,183,2.7,4.74,3681,54.28,95.26,2014,1
76,Seine-Maritime,178,Cléon,3250,1477,45.45,1773,54.55,79,2.43,4.46,1694,52.12,95.54,2014,1
76,Seine-Maritime,212,Darnétal,5859,2519,42.99,3340,57.01,70,1.19,2.1,3270,55.81,97.9,2014,1
76,Seine-Maritime,216,Déville-lès-Rouen,7099,3439,48.44,3660,51.56,189,2.66,5.16,3471,48.89,94.84,2014,1
76,Seine-Maritime,222,Duclair,3128,1040,33.25,2088,66.75,78,2.49,3.74,2010,64.26,96.26,2014,1
76,Seine-Maritime,231,Elbeuf,9514,4603,48.38,4911,51.62,288,3.03,5.86,4623,48.59,94.14,2014,1
76,Seine-Maritime,319,Grand-Couronne,6967,3375,48.44,3592,51.56,233,3.34,6.49,3359,48.21,93.51,2014,1
76,Seine-Maritime,322,Le Grand-Quevilly,18484,7261,39.28,11223,60.72,1163,6.29,10.36,10060,54.43,89.64,2014,1
76,Seine-Maritime,354,Hénouville,1023,355,34.7,668,65.3,128,12.51,19.16,540,52.79,80.84,2014,1
76,Seine-Maritime,366,Le Houlme,3086,1361,44.1,1725,55.9,90,2.92,5.22,1635,52.98,94.78,2014,1
76,Seine-Maritime,367,Houppeville,2093,623,29.77,1470,70.23,77,3.68,5.24,1393,66.56,94.76,2014,1
76,Seine-Maritime,377,Isneauville,2202,713,32.38,1489,67.62,94,4.27,6.31,1395,63.35,93.69,2014,1
76,Seine-Maritime,378,Jumièges,1467,717,48.88,750,51.12,222,15.13,29.6,528,35.99,70.4,2014,1
76,Seine-Maritime,391,La Londe,1875,694,37.01,1181,62.99,146,7.79,12.36,1035,55.2,87.64,2014,1
76,Seine-Maritime,402,Malaunay,4622,2322,50.24,2300,49.76,547,11.83,23.78,1753,37.93,76.22,2014,1
76,Seine-Maritime,410,Maromme,7287,3214,44.11,4073,55.89,176,2.42,4.32,3897,53.48,95.68,2014,1
76,Seine-Maritime,429,Le Mesnil-Esnard,6096,2226,36.52,3870,63.48,128,2.1,3.31,3742,61.38,96.69,2014,1
76,Seine-Maritime,448,Montmain,1071,300,28.01,771,71.99,34,3.17,4.41,737,68.81,95.59,2014,1
76,Seine-Maritime,451,Mont-Saint-Aignan,13113,5184,39.53,7929,60.47,176,1.34,2.22,7753,59.12,97.78,2014,1
76,Seine-Maritime,464,La Neuville-Chant-d'Oisel,1712,556,32.48,1156,67.52,31,1.81,2.68,1125,65.71,97.32,2014,1
76,Seine-Maritime,474,Notre-Dame-de-Bondeville,5396,2371,43.94,3025,56.06,185,3.43,6.12,2840,52.63,93.88,2014,1
76,Seine-Maritime,475,Franqueville-Saint-Pierre,4882,1708,34.99,3174,65.01,85,1.74,2.68,3089,63.27,97.32,2014,1
76,Seine-Maritime,484,Oissel,7185,2811,39.12,4374,60.88,103,1.43,2.35,4271,59.44,97.65,2014,1
76,Seine-Maritime,497,Petit-Couronne,6362,2447,38.46,3915,61.54,618,9.71,15.79,3297,51.82,84.21,2014,1
76,Seine-Maritime,498,Le Petit-Quevilly,12704,6330,49.83,6374,50.17,437,3.44,6.86,5937,46.73,93.14,2014,1
76,Seine-Maritime,536,Roncherolles-sur-le-Vivier,875,222,25.37,653,74.63,30,3.43,4.59,623,71.2,95.41,2014,1
76,Seine-Maritime,540,Rouen,56724,26813,47.27,29911,52.73,921,1.62,3.08,28990,51.11,96.92,2014,1
76,Seine-Maritime,550,Sahurs,1022,383,37.48,639,62.52,183,17.91,28.64,456,44.62,71.36,2014,1
76,Seine-Maritime,561,Saint-Aubin-lès-Elbeuf,5670,2279,40.19,3391,59.81,137,2.42,4.04,3254,57.39,95.96,2014,1
76,Seine-Maritime,575,Saint-Etienne-du-Rouvray,16671,9024,54.13,7647,45.87,1202,7.21,15.72,6445,38.66,84.28,2014,1
76,Seine-Maritime,591,Saint-Jacques-sur-Darnétal,2212,644,29.11,1568,70.89,26,1.18,1.66,1542,69.71,98.34,2014,1
76,Seine-Maritime,599,Saint-Léger-du-Bourg-Denis,2549,885,34.72,1664,65.28,167,6.55,10.04,1497,58.73,89.96,2014,1
76,Seine-Maritime,608,Sainte-Marguerite-sur-Duclair,1376,569,41.35,807,58.65,238,17.3,29.49,569,41.35,70.51,2014,1
76,Seine-Maritime,614,Saint-Martin-de-Boscherville,1229,330,26.85,899,73.15,39,3.17,4.34,860,69.98,95.66,2014,1
76,Seine-Maritime,617,Saint-Martin-du-Vivier,1480,499,33.72,981,66.28,146,9.86,14.88,835,56.42,85.12,2014,1
76,Seine-Maritime,631,Saint-Paër,1035,265,25.6,770,74.4,20,1.93,2.6,750,72.46,97.4,2014,1
76,Seine-Maritime,636,Saint-Pierre-de-Varengeville,1848,703,38.04,1145,61.96,259,14.02,22.62,886,47.94,77.38,2014,1
76,Seine-Maritime,640,Saint-Pierre-lès-Elbeuf,6535,3569,54.61,2966,45.39,718,10.99,24.21,2248,34.4,75.79,2014,1
76,Seine-Maritime,681,Sotteville-lès-Rouen,20368,8480,41.63,11888,58.37,388,1.9,3.26,11500,56.46,96.74,2014,1
76,Seine-Maritime,705,Tourville-la-Rivière,1844,684,37.09,1160,62.91,126,6.83,10.86,1034,56.07,89.14,2014,1
76,Seine-Maritime,709,Le Trait,4016,1695,42.21,2321,57.79,97,2.42,4.18,2224,55.38,95.82,2014,1
76,Seine-Maritime,750,Yainville,870,351,40.34,519,59.66,118,13.56,22.74,401,46.09,77.26,2014,1
76,Seine-Maritime,753,Ymare,947,378,39.92,569,60.08,63,6.65,11.07,506,53.43,88.93,2014,1
34,Hérault,164,Montaud,759,158,20.81,601,79.18,29,3.82,4.82,572,75.36,95.17,2014,1
35,Ille-et-Vilaine,22,Bécherel,470,107,22.76,363,77.23,15,3.19,4.13,348,74.04,95.86,2014,1
35,Ille-et-Vilaine,81,Clayes,479,91,18.99,388,81.0,28,5.84,7.21,360,75.15,92.78,2014,1
35,Ille-et-Vilaine,144,Langan,697,234,33.57,463,66.42,22,3.15,4.75,441,63.27,95.24,2014,1
35,Ille-et-Vilaine,180,Miniac-sous-Bécherel,496,87,17.54,409,82.45,15,3.02,3.66,394,79.43,96.33,2014,1
38,Isère,57,Bresson,601,124,20.63,477,79.36,7,1.16,1.46,470,78.2,98.53,2014,1
38,Isère,235,Miribel-Lanchâtre,259,39,15.05,220,84.94,4,1.54,1.81,216,83.39,98.18,2014,1
38,Isère,252,Montchaboud,272,45,16.54,227,83.45,5,1.83,2.2,222,81.61,97.79,2014,1
38,Isère,258,Mont-Saint-Martin,104,36,34.61,68,65.38,2,1.92,2.94,66,63.46,97.05,2014,1
38,Isère,271,Murianette,687,191,27.8,496,72.19,19,2.76,3.83,477,69.43,96.16,2014,1
38,Isère,277,Notre-Dame-de-Commiers,396,97,24.49,299,75.5,3,0.75,1.0,296,74.74,98.99,2014,1
38,Isère,325,Proveysieux,418,126,30.14,292,69.85,12,2.87,4.1,280,66.98,95.89,2014,1
38,Isère,328,Quaix-en-Chartreuse,760,302,39.73,458,60.26,20,2.63,4.36,438,57.63,95.63,2014,1
38,Isère,364,Saint-Barthélemy-de-Séchilienne,370,137,37.02,233,62.97,22,5.94,9.44,211,57.02,90.55,2014,1
38,Isère,445,Saint-Pierre-de-Mésage,556,201,36.15,355,63.84,14,2.51,3.94,341,61.33,96.05,2014,1
38,Isère,472,Sarcenas,165,24,14.54,141,85.45,4,2.42,2.83,137,83.03,97.16,2014,1
38,Isère,478,Séchilienne,706,162,22.94,544,77.05,25,3.54,4.59,519,73.51,95.4,2014,1
38,Isère,533,Venon,608,178,29.27,430,70.72,19,3.12,4.41,411,67.59,95.58,2014,1
42,Loire,1,Aboën,311,100,32.15,211,67.84,35,11.25,16.58,176,56.59,83.41,2014,1
42,Loire,31,Caloire,286,96,33.56,190,66.43,16,5.59,8.42,174,60.83,91.57,2014,1
42,Loire,36,Chagnon,358,112,31.28,246,68.71,12,3.35,4.87,234,65.36,95.12,2014,1
42,Loire,85,Doizieux,662,214,32.32,448,67.67,13,1.96,2.9,435,65.7,97.09,2014,1
42,Loire,96,Fontanès,476,138,28.99,338,71.0,10,2.1,2.95,328,68.9,97.04,2014,1
42,Loire,100,La Gimond,207,57,27.53,150,72.46,0,0.0,0.0,150,72.46,100.0,2014,1
42,Loire,133,Marcenod,462,93,20.12,369,79.87,9,1.94,2.43,360,77.92,97.56,2014,1
42,Loire,167,Pavezin,253,87,34.38,166,65.61,6,2.37,3.61,160,63.24,96.38,2014,1
42,Loire,192,Rozier-Côtes-d'Aurec,368,56,15.21,312,84.78,8,2.17,2.56,304,82.6,97.43,2014,1
42,Loire,210,Sainte-Croix-en-Jarez,390,129,33.07,261,66.92,5,1.28,1.91,256,65.64,98.08,2014,1
42,Loire,266,Saint-Nizier-de-Fornas,499,162,32.46,337,67.53,9,1.8,2.67,328,65.73,97.32,2014,1
42,Loire,307,Tartaras,541,202,37.33,339,62.66,23,4.25,6.78,316,58.41,93.21,2014,1
42,Loire,308,La Terrasse-sur-Dorlay,571,139,24.34,432,75.65,11,1.92,2.54,421,73.73,97.45,2014,1
42,Loire,320,Valfleury,460,141,30.65,319,69.34,5,1.08,1.56,314,68.26,98.43,2014,1
42,Loire,322,La Valla-en-Gier,684,280,40.93,404,59.06,25,3.65,6.18,379,55.4,93.81,2014,1
76,Seine-Maritime,56,Bardouville,471,94,19.95,377,80.04,14,2.97,3.71,363,77.07,96.28,2014,1
76,Seine-Maritime,88,Berville-sur-Seine,389,72,18.5,317,81.49,6,1.54,1.89,311,79.94,98.1,2014,1
76,Seine-Maritime,131,La Bouille,498,103,20.68,395,79.31,14,2.81,3.54,381,76.5,96.45,2014,1
76,Seine-Maritime,237,Epinay-sur-Duclair,394,151,38.32,243,61.67,18,4.56,7.4,225,57.1,92.59,2014,1
76,Seine-Maritime,273,Fontaine-sous-Préaux,426,163,38.26,263,61.73,13,3.05,4.94,250,58.68,95.05,2014,1
76,Seine-Maritime,282,Freneuse,742,268,36.11,474,63.88,28,3.77,5.9,446,60.1,94.09,2014,1
76,Seine-Maritime,313,Gouy,644,152,23.6,492,76.39,10,1.55,2.03,482,74.84,97.96,2014,1
76,Seine-Maritime,350,Hautot-sur-Seine,287,94,32.75,193,67.24,6,2.09,3.1,187,65.15,96.89,2014,1
76,Seine-Maritime,436,Le Mesnil-sous-Jumièges,512,101,19.72,411,80.27,19,3.71,4.62,392,76.56,95.37,2014,1
76,Seine-Maritime,457,Moulineaux,687,300,43.66,387,56.33,55,8.0,14.21,332,48.32,85.78,2014,1
76,Seine-Maritime,486,Orival,736,222,30.16,514,69.83,5,0.67,0.97,509,69.15,99.02,2014,1
76,Seine-Maritime,513,Quevillon,464,147,31.68,317,68.31,22,4.74,6.94,295,63.57,93.05,2014,1
76,Seine-Maritime,514,Quévreville-la-Poterie,835,238,28.5,597,71.49,39,4.67,6.53,558,66.82,93.46,2014,1
76,Seine-Maritime,558,Saint-Aubin-Celloville,731,252,34.47,479,65.52,26,3.55,5.42,453,61.96,94.57,2014,1
76,Seine-Maritime,560,Saint-Aubin-Epinay,756,201,26.58,555,73.41,14,1.85,2.52,541,71.56,97.47,2014,1
76,Seine-Maritime,634,Saint-Pierre-de-Manneville,622,186,29.9,436,70.09,43,6.91,9.86,393,63.18,90.13,2014,1
76,Seine-Maritime,682,Sotteville-sous-le-Val,548,223,40.69,325,59.3,31,5.65,9.53,294,53.64,90.46,2014,1
76,Seine-Maritime,717,Val-de-la-Haye,573,139,24.25,434,75.74,18,3.14,4.14,416,72.6,95.85,2014,1
76,Seine-Maritime,759,Yville-sur-Seine,342,60,17.54,282,82.45,9,2.63,3.19,273,79.82,96.8,2014,1
34,Hérault,057,Castelnau-le-Lez,13678,5307,38.8,8371,61.2,611,4.47,7.3,7760,56.73,92.7,2014,2
34,Hérault,058,Castries,4626,1310,28.32,3316,71.68,75,1.62,2.26,3241,70.06,97.74,2014,2
34,Hérault,090,Le Crès,6855,2196,32.04,4659,67.96,129,1.88,2.77,4530,66.08,97.23,2014,2
34,Hérault,116,Grabels,4814,1530,31.78,3284,68.22,141,2.93,4.29,3143,65.29,95.71,2014,2
34,Hérault,123,Juvignac,6368,1909,29.98,4459,70.02,135,2.12,3.03,4324,67.9,96.97,2014,2
34,Hérault,129,Lattes,13051,4676,35.83,8375,64.17,219,1.68,2.61,8156,62.49,97.39,2014,2
34,Hérault,172,Montpellier,145591,63220,43.42,82371,56.58,2652,1.82,3.22,79719,54.76,96.78,2014,2
34,Hérault,198,Pérols,7399,2459,33.23,4940,66.77,102,1.38,2.06,4838,65.39,97.94,2014,2
34,Hérault,217,Prades-le-Lez,3844,1121,29.16,2723,70.84,109,2.84,4.0,2614,68.0,96.0,2014,2
34,Hérault,259,Saint-Georges-d'Orques,4312,1372,31.82,2940,68.18,115,2.67,3.91,2825,65.51,96.09,2014,2
34,Hérault,270,Saint-Jean-de-Védas,7431,2305,31.02,5126,68.98,138,1.86,2.69,4988,67.12,97.31,2014,2
34,Hérault,337,Villeneuve-lès-Maguelone,6618,1576,23.81,5042,76.19,134,2.02,2.66,4908,74.16,97.34,2014,2
35,Ille-et-Vilaine,051,Cesson-Sévigné,13140,4271,32.5,8869,67.5,319,2.43,3.6,8550,65.07,96.4,2014,2
35,Ille-et-Vilaine,238,Rennes,115494,53825,46.6,61669,53.4,2828,2.45,4.59,58841,50.95,95.41,2014,2
35,Ille-et-Vilaine,353,Vezin-le-Coquet,3292,1017,30.89,2275,69.11,122,3.71,5.36,2153,65.4,94.64,2014,2
38,Isère,111,Claix,6474,2018,31.17,4456,68.83,171,2.64,3.84,4285,66.19,96.16,2014,2
38,Isère,151,Echirolles,20729,8999,43.41,11730,56.59,264,1.27,2.25,11466,55.31,97.75,2014,2
38,Isère,158,Eybens,6626,2339,35.3,4287,64.7,117,1.77,2.73,4170,62.93,97.27,2014,2
38,Isère,169,Fontaine,13417,5154,38.41,8263,61.59,183,1.36,2.21,8080,60.22,97.79,2014,2
38,Isère,185,Grenoble,84819,34730,40.95,50089,59.05,928,1.09,1.85,49161,57.96,98.15,2014,2
38,Isère,229,Meylan,14297,4716,32.99,9581,67.01,202,1.41,2.11,9379,65.6,97.89,2014,2
38,Isère,421,Saint-Martin-d'Hères,18568,8930,48.09,9638,51.91,395,2.13,4.1,9243,49.78,95.9,2014,2
38,Isère,516,La Tronche,4049,1426,35.22,2623,64.78,84,2.07,3.2,2539,62.71,96.8,2014,2
38,Isère,545,Vif,6243,2194,35.14,4049,64.86,74,1.19,1.83,3975,63.67,98.17,2014,2
38,Isère,562,Vizille,4930,1958,39.72,2972,60.28,177,3.59,5.96,2795,56.69,94.04,2014,2
42,Loire,005,Andrézieux-Bouthéon,6006,2362,39.33,3644,60.67,129,2.15,3.54,3515,58.52,96.46,2014,2
42,Loire,095,Firminy,11134,3529,31.7,7605,68.3,144,1.29,1.89,7461,67.01,98.11,2014,2
42,Loire,189,Roche-la-Molière,7565,2815,37.21,4750,62.79,156,2.06,3.28,4594,60.73,96.72,2014,2
42,Loire,207,Saint-Chamond,24342,9735,39.99,14607,60.01,496,2.04,3.4,14111,57.97,96.6,2014,2
42,Loire,218,Saint-Etienne,99642,44574,44.73,55068,55.27,1294,1.3,2.35,53774,53.97,97.65,2014,2
42,Loire,237,Saint-Jean-Bonnefonds,4742,1768,37.28,2974,62.72,120,2.53,4.03,2854,60.19,95.97,2014,2
42,Loire,302,Sorbiers,5928,2046,34.51,3882,65.49,104,1.75,2.68,3778,63.73,97.32,2014,2
42,Loire,316,Unieux,5946,1755,29.52,4191,70.48,87,1.46,2.08,4104,69.02,97.92,2014,2
76,Seine-Maritime,178,Cléon,3250,1426,43.88,1824,56.12,56,1.72,3.07,1768,54.4,96.93,2014,2
76,Seine-Maritime,212,Darnétal,5859,2517,42.96,3342,57.04,76,1.3,2.27,3266,55.74,97.73,2014,2
76,Seine-Maritime,222,Duclair,3128,1036,33.12,2092,66.88,95,3.04,4.54,1997,63.84,95.46,2014,2
76,Seine-Maritime,451,Mont-Saint-Aignan,13114,5078,38.72,8036,61.28,272,2.07,3.38,7764,59.2,96.62,2014,2
76,Seine-Maritime,464,La Neuville-Chant-d'Oisel,1713,534,31.17,1179,68.83,42,2.45,3.56,1137,66.37,96.44,2014,2
76,Seine-Maritime,474,Notre-Dame-de-Bondeville,5396,2452,45.44,2944,54.56,89,1.65,3.02,2855,52.91,96.98,2014,2
76,Seine-Maritime,475,Franqueville-Saint-Pierre,4882,1502,30.77,3380,69.23,104,2.13,3.08,3276,67.1,96.92,2014,2
76,Seine-Maritime,540,Rouen,56725,25716,45.33,31009,54.67,1253,2.21,4.04,29756,52.46,95.96,2014,2
76,Seine-Maritime,591,Saint-Jacques-sur-Darnétal,2212,655,29.61,1557,70.39,28,1.27,1.8,1529,69.12,98.2,2014,2
76,Seine-Maritime,681,Sotteville-lès-Rouen,20368,8168,40.1,12200,59.9,334,1.64,2.74,11866,58.26,97.26,2014,2
42,Loire,1.0,Aboën,311,128,41.16,183,58.84,19,6.11,10.38,164,52.73,89.62,2014,2
42,Loire,83.0,Dargoire,395,105,26.58,290,73.42,8,2.03,2.76,282,71.39,97.24,2014,2
76,Seine-Maritime,56.0,Bardouville,471,81,17.2,390,82.8,7,1.49,1.79,383,81.32,98.21,2014,2
76,Seine-Maritime,759.0,Yville-sur-Seine,342,69,20.18,273,79.82,4,1.17,1.47,269,78.65,98.53,2014,2
34,Hérault,022,Baillargues,5002,3428,68.53,1574,31.47,279,5.58,17.73,1295,25.89,82.27,2020,1
34,Hérault,027,Beaulieu,1575,953,60.51,622,39.49,55,3.49,8.84,567,36.0,91.16,2020,1
34,Hérault,057,Castelnau-le-Lez,14972,9879,65.98,5093,34.02,180,1.2,3.53,4913,32.81,96.47,2020,1
34,Hérault,058,Castries,5096,2702,53.02,2394,46.98,80,1.57,3.34,2314,45.41,96.66,2020,1
34,Hérault,077,Clapiers,4268,2179,51.05,2089,48.95,97,2.27,4.64,1992,46.67,95.36,2020,1
34,Hérault,087,Cournonsec,2378,1590,66.86,788,33.14,104,4.37,13.2,684,28.76,86.8,2020,1
34,Hérault,088,Cournonterral,5089,2409,47.34,2680,52.66,61,1.2,2.28,2619,51.46,97.72,2020,1
34,Hérault,090,Le Crès,7340,4200,57.22,3140,42.78,90,1.23,2.87,3050,41.55,97.13,2020,1
34,Hérault,095,Fabrègues,5727,3422,59.75,2305,40.25,81,1.41,3.51,2224,38.83,96.49,2020,1
34,Hérault,116,Grabels,5540,3140,56.68,2400,43.32,86,1.55,3.58,2314,41.77,96.42,2020,1
34,Hérault,120,Jacou,4723,2610,55.26,2113,44.74,60,1.27,2.84,2053,43.47,97.16,2020,1
34,Hérault,123,Juvignac,7540,4686,62.15,2854,37.85,73,0.97,2.56,2781,36.88,97.44,2020,1
34,Hérault,129,Lattes,13812,7598,55.01,6214,44.99,167,1.21,2.69,6047,43.78,97.31,2020,1
34,Hérault,134,Lavérune,2493,1207,48.42,1286,51.58,41,1.64,3.19,1245,49.94,96.81,2020,1
34,Hérault,164,Montaud,805,470,58.39,335,41.61,17,2.11,5.07,318,39.5,94.93,2020,1
34,Hérault,169,Montferrier-sur-Lez,3339,1653,49.51,1686,50.49,31,0.93,1.84,1655,49.57,98.16,2020,1
34,Hérault,172,Montpellier,153403,100304,65.39,53099,34.61,1263,0.82,2.38,51836,33.79,97.62,2020,1
34,Hérault,179,Murviel-lès-Montpellier,1470,916,62.31,554,37.69,72,4.9,13.0,482,32.79,87.0,2020,1
34,Hérault,198,Pérols,7785,3933,50.52,3852,49.48,92,1.18,2.39,3760,48.3,97.61,2020,1
34,Hérault,202,Pignan,6007,2918,48.58,3089,51.42,126,2.1,4.08,2963,49.33,95.92,2020,1
34,Hérault,217,Prades-le-Lez,4403,2163,49.13,2240,50.87,74,1.68,3.3,2166,49.19,96.7,2020,1
34,Hérault,227,Restinclières,1588,1043,65.68,545,34.32,34,2.14,6.24,511,32.18,93.76,2020,1
34,Hérault,244,Saint-Brès,2424,2005,82.71,419,17.29,89,3.67,21.24,330,13.61,78.76,2020,1
34,Hérault,249,Saint-Drézéry,2192,1479,67.47,713,32.53,123,5.61,17.25,590,26.92,82.75,2020,1
34,Hérault,256,Saint-Geniès-des-Mourgues,1617,924,57.14,693,42.86,64,3.96,9.24,629,38.9,90.76,2020,1
34,Hérault,259,Saint-Georges-d'Orques,4474,2358,52.7,2116,47.3,72,1.61,3.4,2044,45.69,96.6,2020,1
34,Hérault,270,Saint-Jean-de-Védas,8534,4755,55.72,3779,44.28,145,1.7,3.84,3634,42.58,96.16,2020,1
34,Hérault,295,Saussan,1269,564,44.44,705,55.56,14,1.1,1.99,691,54.45,98.01,2020,1
34,Hérault,307,Sussargues,2334,1021,43.74,1313,56.26,37,1.59,2.82,1276,54.67,97.18,2020,1
34,Hérault,327,Vendargues,5462,2556,46.8,2906,53.2,57,1.04,1.96,2849,52.16,98.04,2020,1
34,Hérault,337,Villeneuve-lès-Maguelone,7199,3249,45.13,3950,54.87,117,1.63,2.96,3833,53.24,97.04,2020,1
35,Ille-et-Vilaine,001,Acigné,5179,3213,62.04,1966,37.96,170,3.28,8.65,1796,34.68,91.35,2020,1
35,Ille-et-Vilaine,022,Bécherel,521,223,42.8,298,57.2,8,1.54,2.68,290,55.66,97.32,2020,1
35,Ille-et-Vilaine,024,Betton,9218,5237,56.81,3981,43.19,180,1.95,4.52,3801,41.23,95.48,2020,1
35,Ille-et-Vilaine,032,Bourgbarré,3081,1680,54.53,1401,45.47,44,1.43,3.14,1357,44.04,96.86,2020,1
35,Ille-et-Vilaine,039,Brécé,1482,960,64.78,522,35.22,51,3.44,9.77,471,31.78,90.23,2020,1
35,Ille-et-Vilaine,047,Bruz,12888,7824,60.71,5064,39.29,185,1.44,3.65,4879,37.86,96.35,2020,1
35,Ille-et-Vilaine,051,Cesson-Sévigné,12920,7075,54.76,5845,45.24,138,1.07,2.36,5707,44.17,97.64,2020,1
35,Ille-et-Vilaine,055,Chantepie,7243,4040,55.78,3203,44.22,100,1.38,3.12,3103,42.84,96.88,2020,1
35,Ille-et-Vilaine,058,La Chapelle-Chaussée,917,471,51.36,446,48.64,50,5.45,11.21,396,43.18,88.79,2020,1
35,Ille-et-Vilaine,059,La Chapelle-des-Fougeretz,3387,1593,47.03,1794,52.97,29,0.86,1.62,1765,52.11,98.38,2020,1
35,Ille-et-Vilaine,065,La Chapelle-Thouarault,1632,986,60.42,646,39.58,90,5.51,13.93,556,34.07,86.07,2020,1
35,Ille-et-Vilaine,066,Chartres-de-Bretagne,5856,4335,74.03,1521,25.97,233,3.98,15.32,1288,21.99,84.68,2020,1
35,Ille-et-Vilaine,076,Chavagne,3108,2122,68.28,986,31.72,136,4.38,13.79,850,27.35,86.21,2020,1
35,Ille-et-Vilaine,079,Chevaigné,1771,1200,67.76,571,32.24,67,3.78,11.73,504,28.46,88.27,2020,1
35,Ille-et-Vilaine,080,Cintré,1594,740,46.42,854,53.58,30,1.88,3.51,824,51.69,96.49,2020,1
35,Ille-et-Vilaine,081,Clayes,613,288,46.98,325,53.02,5,0.82,1.54,320,52.2,98.46,2020,1
35,Ille-et-Vilaine,088,Corps-Nuds,2368,1519,64.15,849,35.85,131,5.53,15.43,718,30.32,84.57,2020,1
35,Ille-et-Vilaine,120,Gévezé,3951,2635,66.69,1316,33.31,190,4.81,14.44,1126,28.5,85.56,2020,1
35,Ille-et-Vilaine,131,L'Hermitage,3127,1768,56.54,1359,43.46,68,2.17,5.0,1291,41.29,95.0,2020,1
35,Ille-et-Vilaine,139,Laillé,4046,2881,71.21,1165,28.79,136,3.36,11.67,1029,25.43,88.33,2020,1
35,Ille-et-Vilaine,144,Langan,756,417,55.16,339,44.84,6,0.79,1.77,333,44.05,98.23,2020,1
35,Ille-et-Vilaine,180,Miniac-sous-Bécherel,546,209,38.28,337,61.72,9,1.65,2.67,328,60.07,97.33,2020,1
35,Ille-et-Vilaine,189,Montgermont,2470,1592,64.45,878,35.55,110,4.45,12.53,768,31.09,87.47,2020,1
35,Ille-et-Vilaine,196,Mordelles,5869,2976,50.71,2893,49.29,67,1.14,2.32,2826,48.15,97.68,2020,1
35,Ille-et-Vilaine,204,Nouvoitou,2516,1722,68.44,794,31.56,142,5.64,17.88,652,25.91,82.12,2020,1
35,Ille-et-Vilaine,206,Noyal-Châtillon-sur-Seiche,4972,2489,50.06,2483,49.94,56,1.13,2.26,2427,48.81,97.74,2020,1
35,Ille-et-Vilaine,208,Orgères,3415,1592,46.62,1823,53.38,72,2.11,3.95,1751,51.27,96.05,2020,1
35,Ille-et-Vilaine,210,Pacé,8449,4285,50.72,4164,49.28,103,1.22,2.47,4061,48.06,97.53,2020,1
35,Ille-et-Vilaine,216,Parthenay-de-Bretagne,1192,727,60.99,465,39.01,113,9.48,24.3,352,29.53,75.7,2020,1
35,Ille-et-Vilaine,238,Rennes,116461,70294,60.36,46167,39.64,893,0.77,1.93,45274,38.87,98.07,2020,1
35,Ille-et-Vilaine,240,Le Rheu,5794,3341,57.66,2453,42.34,62,1.07,2.53,2391,41.27,97.47,2020,1
35,Ille-et-Vilaine,245,Romillé,2832,1132,39.97,1700,60.03,46,1.62,2.71,1654,58.4,97.29,2020,1
35,Ille-et-Vilaine,250,Saint-Armel,1495,611,40.87,884,59.13,22,1.47,2.49,862,57.66,97.51,2020,1
35,Ille-et-Vilaine,266,Saint-Erblon,2298,1119,48.69,1179,51.31,28,1.22,2.37,1151,50.09,97.63,2020,1
35,Ille-et-Vilaine,275,Saint-Gilles,3311,1520,45.91,1791,54.09,45,1.36,2.51,1746,52.73,97.49,2020,1
35,Ille-et-Vilaine,278,Saint-Grégoire,7672,5353,69.77,2319,30.23,299,3.9,12.89,2020,26.33,87.11,2020,1
35,Ille-et-Vilaine,281,Saint-Jacques-de-la-Lande,7628,5017,65.77,2611,34.23,101,1.32,3.87,2510,32.91,96.13,2020,1
35,Ille-et-Vilaine,315,Saint-Sulpice-la-Forêt,1113,719,64.6,394,35.4,38,3.41,9.64,356,31.99,90.36,2020,1
35,Ille-et-Vilaine,334,Thorigné-Fouillard,6305,3525,55.91,2780,44.09,96,1.52,3.45,2684,42.57,96.55,2020,1
35,Ille-et-Vilaine,351,Le Verger,1056,638,60.42,418,39.58,43,4.07,10.29,375,35.51,89.71,2020,1
35,Ille-et-Vilaine,352,Vern-sur-Seiche,6592,3810,57.8,2782,42.2,119,1.81,4.28,2663,40.4,95.72,2020,1
35,Ille-et-Vilaine,353,Vezin-le-Coquet,3395,1857,54.7,1538,45.3,59,1.74,3.84,1479,43.56,96.16,2020,1
35,Ille-et-Vilaine,363,Pont-Péan,3351,1773,52.91,1578,47.09,32,0.95,2.03,1546,46.14,97.97,2020,1
38,Isère,057,Bresson,621,167,26.89,454,73.11,9,1.45,1.98,445,71.66,98.02,2020,1
38,Isère,059,Brié-et-Angonnes,2092,810,38.72,1282,61.28,34,1.63,2.65,1248,59.66,97.35,2020,1
38,Isère,068,Champagnier,893,267,29.9,626,70.1,11,1.23,1.76,615,68.87,98.24,2020,1
38,Isère,071,Champ-sur-Drac,2383,1279,53.67,1104,46.33,16,0.67,1.45,1088,45.66,98.55,2020,1
38,Isère,111,Claix,6687,3477,52.0,3210,48.0,54,0.81,1.68,3156,47.2,98.32,2020,1
38,Isère,126,Corenc,3302,1758,53.24,1544,46.76,61,1.85,3.95,1483,44.91,96.05,2020,1
38,Isère,150,Domène,4911,2733,55.65,2178,44.35,36,0.73,1.65,2142,43.62,98.35,2020,1
38,Isère,151,Echirolles,20771,13436,64.69,7335,35.31,249,1.2,3.39,7086,34.11,96.61,2020,1
38,Isère,158,Eybens,6865,4211,61.34,2654,38.66,65,0.95,2.45,2589,37.71,97.55,2020,1
38,Isère,169,Fontaine,12958,8024,61.92,4934,38.08,176,1.36,3.57,4758,36.72,96.43,2020,1
38,Isère,170,Fontanil-Cornillon,2410,1201,49.83,1209,50.17,36,1.49,2.98,1173,48.67,97.02,2020,1
38,Isère,179,Gières,4261,2356,55.29,1905,44.71,59,1.38,3.1,1846,43.32,96.9,2020,1
38,Isère,185,Grenoble,86516,49960,57.75,36556,42.25,639,0.74,1.75,35917,41.51,98.25,2020,1
38,Isère,187,Le Gua,1491,719,48.22,772,51.78,20,1.34,2.59,752,50.44,97.41,2020,1
38,Isère,188,Herbeys,1132,666,58.83,466,41.17,62,5.48,13.3,404,35.69,86.7,2020,1
38,Isère,200,Jarrie,2974,1491,50.13,1483,49.87,33,1.11,2.23,1450,48.76,97.77,2020,1
38,Isère,229,Meylan,13973,7440,53.25,6533,46.75,118,0.84,1.81,6415,45.91,98.19,2020,1
38,Isère,235,Miribel-Lanchâtre,294,120,40.82,174,59.18,4,1.36,2.3,170,57.82,97.7,2020,1
38,Isère,252,Montchaboud,280,133,47.5,147,52.5,5,1.79,3.4,142,50.71,96.6,2020,1
38,Isère,258,Mont-Saint-Martin,88,30,34.09,58,65.91,1,1.14,1.72,57,64.77,98.28,2020,1
38,Isère,271,Murianette,690,350,50.72,340,49.28,10,1.45,2.94,330,47.83,97.06,2020,1
38,Isère,277,Notre-Dame-de-Commiers,445,145,32.58,300,67.42,6,1.35,2.0,294,66.07,98.0,2020,1
38,Isère,279,Notre-Dame-de-Mésage,924,601,65.04,323,34.96,42,4.55,13.0,281,30.41,87.0,2020,1
38,Isère,281,Noyarey,1640,759,46.28,881,53.72,13,0.79,1.48,868,52.93,98.52,2020,1
38,Isère,309,Poisat,1622,1040,64.12,582,35.88,52,3.21,8.93,530,32.68,91.07,2020,1
38,Isère,317,Le Pont-de-Claix,6565,4027,61.34,2538,38.66,58,0.88,2.29,2480,37.78,97.71,2020,1
38,Isère,325,Proveysieux,405,150,37.04,255,62.96,1,0.25,0.39,254,62.72,99.61,2020,1
38,Isère,328,Quaix-en-Chartreuse,762,439,57.61,323,42.39,6,0.79,1.86,317,41.6,98.14,2020,1
38,Isère,364,Saint-Barthélemy-de-Séchilienne,339,201,59.29,138,40.71,5,1.47,3.62,133,39.23,96.38,2020,1
38,Isère,382,Saint-Egrève,11387,6791,59.64,4596,40.36,109,0.96,2.37,4487,39.4,97.63,2020,1
38,Isère,388,Saint-Georges-de-Commiers,1775,1326,74.7,449,25.3,77,4.34,17.15,372,20.96,82.85,2020,1
38,Isère,421,Saint-Martin-d'Hères,17774,12330,69.37,5444,30.63,187,1.05,3.43,5257,29.58,96.57,2020,1
38,Isère,423,Saint-Martin-le-Vinoux,3455,2081,60.23,1374,39.77,48,1.39,3.49,1326,38.38,96.51,2020,1
38,Isère,436,Saint-Paul-de-Varces,1961,729,37.17,1232,62.83,30,1.53,2.44,1202,61.3,97.56,2020,1
38,Isère,445,Saint-Pierre-de-Mésage,555,316,56.94,239,43.06,13,2.34,5.44,226,40.72,94.56,2020,1
38,Isère,471,Le Sappey-en-Chartreuse,945,282,29.84,663,70.16,12,1.27,1.81,651,68.89,98.19,2020,1
38,Isère,472,Sarcenas,193,21,10.88,172,89.12,6,3.11,3.49,166,86.01,96.51,2020,1
38,Isère,474,Sassenage,7969,4121,51.71,3848,48.29,70,0.88,1.82,3778,47.41,98.18,2020,1
38,Isère,478,Séchilienne,776,497,64.05,279,35.95,46,5.93,16.49,233,30.03,83.51,2020,1
38,Isère,485,Seyssinet-Pariset,8197,4445,54.23,3752,45.77,72,0.88,1.92,3680,44.89,98.08,2020,1
38,Isère,486,Seyssins,5692,3076,54.04,2616,45.96,57,1.0,2.18,2559,44.96,97.82,2020,1
38,Isère,516,La Tronche,3983,2065,51.85,1918,48.15,35,0.88,1.82,1883,47.28,98.18,2020,1
38,Isère,524,Varces-Allières-et-Risset,5132,2798,54.52,2334,45.48,55,1.07,2.36,2279,44.41,97.64,2020,1
38,Isère,528,Vaulnaveys-le-Bas,943,609,64.58,334,35.42,61,6.47,18.26,273,28.95,81.74,2020,1
38,Isère,529,Vaulnaveys-le-Haut,3078,2153,69.95,925,30.05,77,2.5,8.32,848,27.55,91.68,2020,1
38,Isère,533,Venon,593,284,47.89,309,52.11,8,1.35,2.59,301,50.76,97.41,2020,1
38,Isère,540,Veurey-Voroize,1084,454,41.88,630,58.12,11,1.01,1.75,619,57.1,98.25,2020,1
38,Isère,545,Vif,6578,3814,57.98,2764,42.02,51,0.78,1.85,2713,41.24,98.15,2020,1
38,Isère,562,Vizille,4850,2964,61.11,1886,38.89,78,1.61,4.14,1808,37.28,95.86,2020,1
42,Loire,001,Aboën,335,151,45.07,184,54.93,4,1.19,2.17,180,53.73,97.83,2020,1
42,Loire,005,Andrézieux-Bouthéon,6247,3730,59.71,2517,40.29,74,1.18,2.94,2443,39.11,97.06,2020,1
42,Loire,031,Caloire,268,162,60.45,106,39.55,8,2.99,7.55,98,36.57,92.45,2020,1
42,Loire,032,Cellieu,1267,880,69.46,387,30.54,56,4.42,14.47,331,26.12,85.53,2020,1
42,Loire,036,Chagnon,384,212,55.21,172,44.79,6,1.56,3.49,166,43.23,96.51,2020,1
42,Loire,043,Chamboeuf,1362,904,66.37,458,33.63,41,3.01,8.95,417,30.62,91.05,2020,1
42,Loire,044,Le Chambon-Feugerolles,7612,5995,78.76,1617,21.24,212,2.79,13.11,1405,18.46,86.89,2020,1
42,Loire,053,Châteauneuf,1333,965,72.39,368,27.61,35,2.63,9.51,333,24.98,90.49,2020,1
42,Loire,083,Dargoire,412,243,58.98,169,41.02,2,0.49,1.18,167,40.53,98.82,2020,1
42,Loire,085,Doizieux,732,416,56.83,316,43.17,16,2.19,5.06,300,40.98,94.94,2020,1
42,Loire,092,L'Etrat,2113,1505,71.23,608,28.77,39,1.85,6.41,569,26.93,93.59,2020,1
42,Loire,093,Farnay,1054,599,56.83,455,43.17,30,2.85,6.59,425,40.32,93.41,2020,1
42,Loire,095,Firminy,10699,6446,60.25,4253,39.75,120,1.12,2.82,4133,38.63,97.18,2020,1
42,Loire,096,Fontanès,491,224,45.62,267,54.38,6,1.22,2.25,261,53.16,97.75,2020,1
42,Loire,097,La Fouillouse,3403,2038,59.89,1365,40.11,47,1.38,3.44,1318,38.73,96.56,2020,1
42,Loire,099,Fraisses,2724,1503,55.18,1221,44.82,33,1.21,2.7,1188,43.61,97.3,2020,1
42,Loire,100,La Gimond,223,102,45.74,121,54.26,0,0.0,0.0,121,54.26,100.0,2020,1
42,Loire,103,La Grand-Croix,3021,1719,56.9,1302,43.1,24,0.79,1.84,1278,42.3,98.16,2020,1
42,Loire,110,L'Horme,2959,1977,66.81,982,33.19,28,0.95,2.85,954,32.24,97.15,2020,1
42,Loire,123,Lorette,2999,1627,54.25,1372,45.75,35,1.17,2.55,1337,44.58,97.45,2020,1
42,Loire,133,Marcenod,494,172,34.82,322,65.18,3,0.61,0.93,319,64.57,99.07,2020,1
42,Loire,167,Pavezin,269,145,53.9,124,46.1,7,2.6,5.65,117,43.49,94.35,2020,1
42,Loire,183,La Ricamarie,4192,2718,64.84,1474,35.16,40,0.95,2.71,1434,34.21,97.29,2020,1
42,Loire,186,Rive-de-Gier,8386,5403,64.43,2983,35.57,70,0.83,2.35,2913,34.74,97.65,2020,1
42,Loire,189,Roche-la-Molière,7698,4426,57.5,3272,42.5,55,0.71,1.68,3217,41.79,98.32,2020,1
42,Loire,192,Rozier-Côtes-d'Aurec,357,112,31.37,245,68.63,11,3.08,4.49,234,65.55,95.51,2020,1
42,Loire,206,Saint-Bonnet-les-Oules,1336,913,68.34,423,31.66,48,3.59,11.35,375,28.07,88.65,2020,1
42,Loire,207,Saint-Chamond,23333,16109,69.04,7224,30.96,104,0.45,1.44,7120,30.51,98.56,2020,1
42,Loire,208,Saint-Christo-en-Jarez,1313,804,61.23,509,38.77,36,2.74,7.07,473,36.02,92.93,2020,1
42,Loire,210,Sainte-Croix-en-Jarez,361,179,49.58,182,50.42,0,0.0,0.0,182,50.42,100.0,2020,1
42,Loire,218,Saint-Etienne,88030,59848,67.99,28182,32.01,486,0.55,1.72,27696,31.46,98.28,2020,1
42,Loire,222,Saint-Galmier,4161,2267,54.48,1894,45.52,22,0.53,1.16,1872,44.99,98.84,2020,1
42,Loire,223,Saint-Genest-Lerpt,4208,3126,74.29,1082,25.71,190,4.52,17.56,892,21.2,82.44,2020,1
42,Loire,225,Genilac,2854,1626,56.97,1228,43.03,34,1.19,2.77,1194,41.84,97.23,2020,1
42,Loire,234,Saint-Héand,2836,1968,69.39,868,30.61,116,4.09,13.36,752,26.52,86.64,2020,1
42,Loire,237,Saint-Jean-Bonnefonds,4737,2999,63.31,1738,36.69,31,0.65,1.78,1707,36.04,98.22,2020,1
42,Loire,242,Saint-Joseph,1457,1018,69.87,439,30.13,48,3.29,10.93,391,26.84,89.07,2020,1
42,Loire,259,Saint-Martin-la-Plaine,2718,1895,69.72,823,30.28,75,2.76,9.11,748,27.52,90.89,2020,1
42,Loire,262,Saint-Maurice-en-Gourgois,1230,760,61.79,470,38.21,25,2.03,5.32,445,36.18,94.68,2020,1
42,Loire,266,Saint-Nizier-de-Fornas,511,288,56.36,223,43.64,6,1.17,2.69,217,42.47,97.31,2020,1
42,Loire,270,Saint-Paul-en-Cornillon,1065,569,53.43,496,46.57,12,1.13,2.42,484,45.45,97.58,2020,1
42,Loire,271,Saint-Paul-en-Jarez,3123,1615,51.71,1508,48.29,55,1.76,3.65,1453,46.53,96.35,2020,1
42,Loire,275,Saint-Priest-en-Jarez,3839,2933,76.4,906,23.6,100,2.6,11.04,806,21.0,88.96,2020,1
42,Loire,283,Saint-Romain-en-Jarez,973,636,65.36,337,34.64,57,5.86,16.91,280,28.78,83.09,2020,1
42,Loire,302,Sorbiers,6053,3614,59.71,2439,40.29,40,0.66,1.64,2399,39.63,98.36,2020,1
42,Loire,305,La Talaudière,4476,2414,53.93,2062,46.07,40,0.89,1.94,2022,45.17,98.06,2020,1
42,Loire,307,Tartaras,598,185,30.94,413,69.06,8,1.34,1.94,405,67.73,98.06,2020,1
42,Loire,308,La Terrasse-sur-Dorlay,542,322,59.41,220,40.59,6,1.11,2.73,214,39.48,97.27,2020,1
42,Loire,311,La Tour-en-Jarez,883,562,63.65,321,36.35,27,3.06,8.41,294,33.3,91.59,2020,1
42,Loire,316,Unieux,5996,3537,58.99,2459,41.01,62,1.03,2.52,2397,39.98,97.48,2020,1
42,Loire,320,Valfleury,456,222,48.68,234,51.32,2,0.44,0.85,232,50.88,99.15,2020,1
42,Loire,322,La Valla-en-Gier,701,440,62.77,261,37.23,24,3.42,9.2,237,33.81,90.8,2020,1
42,Loire,330,Villars,6043,3149,52.11,2894,47.89,50,0.83,1.73,2844,47.06,98.27,2020,1
76,Seine-Maritime,005,Amfreville-la-Mi-Voie,2168,1174,54.15,994,45.85,22,1.01,2.21,972,44.83,97.79,2020,1
76,Seine-Maritime,020,Anneville-Ambourville,981,534,54.43,447,45.57,49,4.99,10.96,398,40.57,89.04,2020,1
76,Seine-Maritime,039,Les Authieux-sur-le-Port-Saint-Ouen,987,606,61.4,381,38.6,43,4.36,11.29,338,34.25,88.71,2020,1
76,Seine-Maritime,056,Bardouville,466,225,48.28,241,51.72,9,1.93,3.73,232,49.79,96.27,2020,1
76,Seine-Maritime,069,Belbeuf,1884,1258,66.77,626,33.23,41,2.18,6.55,585,31.05,93.45,2020,1
76,Seine-Maritime,088,Berville-sur-Seine,396,211,53.28,185,46.72,8,2.02,4.32,177,44.7,95.68,2020,1
76,Seine-Maritime,095,Bihorel,5927,3295,55.59,2632,44.41,59,1.0,2.24,2573,43.41,97.76,2020,1
76,Seine-Maritime,103,Bonsecours,5022,2777,55.3,2245,44.7,42,0.84,1.87,2203,43.87,98.13,2020,1
76,Seine-Maritime,108,Bois-Guillaume,10311,6017,58.36,4294,41.64,97,0.94,2.26,4197,40.7,97.74,2020,1
76,Seine-Maritime,116,Boos,2919,1437,49.23,1482,50.77,46,1.58,3.1,1436,49.19,96.9,2020,1
76,Seine-Maritime,131,La Bouille,506,285,56.32,221,43.68,6,1.19,2.71,215,42.49,97.29,2020,1
76,Seine-Maritime,157,Canteleu,8762,6491,74.08,2271,25.92,328,3.74,14.44,1943,22.18,85.56,2020,1
76,Seine-Maritime,165,Caudebec-lès-Elbeuf,6493,4463,68.74,2030,31.26,232,3.57,11.43,1798,27.69,88.57,2020,1
76,Seine-Maritime,178,Cléon,3155,1686,53.44,1469,46.56,31,0.98,2.11,1438,45.58,97.89,2020,1
76,Seine-Maritime,212,Darnétal,5794,3707,63.98,2087,36.02,72,1.24,3.45,2015,34.78,96.55,2020,1
76,Seine-Maritime,216,Déville-lès-Rouen,6730,4512,67.04,2218,32.96,93,1.38,4.19,2125,31.58,95.81,2020,1
76,Seine-Maritime,222,Duclair,3121,1507,48.29,1614,51.71,26,0.83,1.61,1588,50.88,98.39,2020,1
76,Seine-Maritime,231,Elbeuf,9467,6172,65.19,3295,34.81,96,1.01,2.91,3199,33.79,97.09,2020,1
76,Seine-Maritime,237,Epinay-sur-Duclair,421,231,54.87,190,45.13,0,0.0,0.0,190,45.13,100.0,2020,1
76,Seine-Maritime,273,Fontaine-sous-Préaux,417,236,56.59,181,43.41,10,2.4,5.52,171,41.01,94.48,2020,1
76,Seine-Maritime,282,Freneuse,714,460,64.43,254,35.57,10,1.4,3.94,244,34.17,96.06,2020,1
76,Seine-Maritime,313,Gouy,711,449,63.15,262,36.85,5,0.7,1.91,257,36.15,98.09,2020,1
76,Seine-Maritime,319,Grand-Couronne,6619,3777,57.06,2842,42.94,80,1.21,2.81,2762,41.73,97.19,2020,1
76,Seine-Maritime,322,Le Grand-Quevilly,18718,10756,57.46,7962,42.54,301,1.61,3.78,7661,40.93,96.22,2020,1
76,Seine-Maritime,350,Hautot-sur-Seine,291,87,29.9,204,70.1,0,0.0,0.0,204,70.1,100.0,2020,1
76,Seine-Maritime,354,Hénouville,1061,430,40.53,631,59.47,16,1.51,2.54,615,57.96,97.46,2020,1
76,Seine-Maritime,366,Le Houlme,3065,1964,64.08,1101,35.92,39,1.27,3.54,1062,34.65,96.46,2020,1
76,Seine-Maritime,367,Houppeville,2199,1520,69.12,679,30.88,108,4.91,15.91,571,25.97,84.09,2020,1
76,Seine-Maritime,377,Isneauville,2639,1937,73.4,702,26.6,119,4.51,16.95,583,22.09,83.05,2020,1
76,Seine-Maritime,378,Jumièges,1515,729,48.12,786,51.88,36,2.38,4.58,750,49.5,95.42,2020,1
76,Seine-Maritime,391,La Londe,1972,1262,64.0,710,36.0,36,1.83,5.07,674,34.18,94.93,2020,1
76,Seine-Maritime,402,Malaunay,4699,3324,70.74,1375,29.26,92,1.96,6.69,1283,27.3,93.31,2020,1
76,Seine-Maritime,410,Maromme,6404,3802,59.37,2602,40.63,83,1.3,3.19,2519,39.33,96.81,2020,1
76,Seine-Maritime,429,Le Mesnil-Esnard,6113,3617,59.17,2496,40.83,37,0.61,1.48,2459,40.23,98.52,2020,1
76,Seine-Maritime,436,Le Mesnil-sous-Jumièges,494,263,53.24,231,46.76,16,3.24,6.93,215,43.52,93.07,2020,1
76,Seine-Maritime,448,Montmain,1189,577,48.53,612,51.47,9,0.76,1.47,603,50.71,98.53,2020,1
76,Seine-Maritime,451,Mont-Saint-Aignan,12565,7655,60.92,4910,39.08,99,0.79,2.02,4811,38.29,97.98,2020,1
76,Seine-Maritime,457,Moulineaux,646,370,57.28,276,42.72,13,2.01,4.71,263,40.71,95.29,2020,1
76,Seine-Maritime,464,La Neuville-Chant-d'Oisel,1832,1181,64.47,651,35.53,51,2.78,7.83,600,32.75,92.17,2020,1
76,Seine-Maritime,474,Notre-Dame-de-Bondeville,4928,3002,60.92,1926,39.08,62,1.26,3.22,1864,37.82,96.78,2020,1
76,Seine-Maritime,475,Franqueville-Saint-Pierre,4734,2657,56.13,2077,43.87,64,1.35,3.08,2013,42.52,96.92,2020,1
76,Seine-Maritime,484,Oissel,7270,4774,65.67,2496,34.33,143,1.97,5.73,2353,32.37,94.27,2020,1
76,Seine-Maritime,486,Orival,679,433,63.77,246,36.23,9,1.33,3.66,237,34.9,96.34,2020,1
76,Seine-Maritime,497,Petit-Couronne,6064,4354,71.8,1710,28.2,203,3.35,11.87,1507,24.85,88.13,2020,1
76,Seine-Maritime,498,Le Petit-Quevilly,12428,8345,67.15,4083,32.85,102,0.82,2.5,3981,32.03,97.5,2020,1
76,Seine-Maritime,513,Quevillon,463,222,47.95,241,52.05,14,3.02,5.81,227,49.03,94.19,2020,1
76,Seine-Maritime,514,Quévreville-la-Poterie,837,340,40.62,497,59.38,12,1.43,2.41,485,57.95,97.59,2020,1
76,Seine-Maritime,536,Roncherolles-sur-le-Vivier,927,530,57.17,397,42.83,35,3.78,8.82,362,39.05,91.18,2020,1
76,Seine-Maritime,540,Rouen,56564,35075,62.01,21489,37.99,675,1.19,3.14,20814,36.8,96.86,2020,1
76,Seine-Maritime,550,Sahurs,1002,639,63.77,363,36.23,88,8.78,24.24,275,27.45,75.76,2020,1
76,Seine-Maritime,558,Saint-Aubin-Celloville,716,252,35.2,464,64.8,10,1.4,2.16,454,63.41,97.84,2020,1
76,Seine-Maritime,560,Saint-Aubin-Epinay,767,252,32.86,515,67.14,7,0.91,1.36,508,66.23,98.64,2020,1
76,Seine-Maritime,561,Saint-Aubin-lès-Elbeuf,5647,3671,65.01,1976,34.99,75,1.33,3.8,1901,33.66,96.2,2020,1
76,Seine-Maritime,575,Saint-Etienne-du-Rouvray,16788,11899,70.88,4889,29.12,330,1.97,6.75,4559,27.16,93.25,2020,1
76,Seine-Maritime,591,Saint-Jacques-sur-Darnétal,2169,927,42.74,1242,57.26,19,0.88,1.53,1223,56.39,98.47,2020,1
76,Seine-Maritime,599,Saint-Léger-du-Bourg-Denis,2602,1484,57.03,1118,42.97,30,1.15,2.68,1088,41.81,97.32,2020,1
76,Seine-Maritime,608,Sainte-Marguerite-sur-Duclair,1532,608,39.69,924,60.31,17,1.11,1.84,907,59.2,98.16,2020,1
76,Seine-Maritime,614,Saint-Martin-de-Boscherville,1283,538,41.93,745,58.07,32,2.49,4.3,713,55.57,95.7,2020,1
76,Seine-Maritime,617,Saint-Martin-du-Vivier,1529,733,47.94,796,52.06,11,0.72,1.38,785,51.34,98.62,2020,1
76,Seine-Maritime,631,Saint-Paër,1041,647,62.15,394,37.85,55,5.28,13.96,339,32.56,86.04,2020,1
76,Seine-Maritime,634,Saint-Pierre-de-Manneville,659,273,41.43,386,58.57,8,1.21,2.07,378,57.36,97.93,2020,1
76,Seine-Maritime,636,Saint-Pierre-de-Varengeville,1904,832,43.7,1072,56.3,26,1.37,2.43,1046,54.94,97.57,2020,1
76,Seine-Maritime,640,Saint-Pierre-lès-Elbeuf,6408,3653,57.01,2755,42.99,55,0.86,2.0,2700,42.13,98.0,2020,1
76,Seine-Maritime,681,Sotteville-lès-Rouen,19871,12577,63.29,7294,36.71,225,1.13,3.08,7069,35.57,96.92,2020,1
76,Seine-Maritime,682,Sotteville-sous-le-Val,565,346,61.24,219,38.76,3,0.53,1.37,216,38.23,98.63,2020,1
76,Seine-Maritime,705,Tourville-la-Rivière,1718,998,58.09,720,41.91,72,4.19,10.0,648,37.72,90.0,2020,1
76,Seine-Maritime,709,Le Trait,3779,2072,54.83,1707,45.17,42,1.11,2.46,1665,44.06,97.54,2020,1
76,Seine-Maritime,717,Val-de-la-Haye,556,165,29.68,391,70.32,26,4.68,6.65,365,65.65,93.35,2020,1
76,Seine-Maritime,750,Yainville,849,532,62.66,317,37.34,38,4.48,11.99,279,32.86,88.01,2020,1
76,Seine-Maritime,753,Ymare,982,610,62.12,372,37.88,58,5.91,15.59,314,31.98,84.41,2020,1
76,Seine-Maritime,759,Yville-sur-Seine,335,182,54.33,153,45.67,5,1.49,3.27,148,44.18,96.73,2020,1
34,Hérault,057,Castelnau-le-Lez,14989,9176,61.22,5813,38.78,178,1.19,3.06,5635,37.59,96.94,2020,2
34,Hérault,088,Cournonterral,5110,2210,43.25,2900,56.75,97,1.9,3.34,2803,54.85,96.66,2020,2
34,Hérault,116,Grabels,5543,3289,59.34,2254,40.66,94,1.7,4.17,2160,38.97,95.83,2020,2
34,Hérault,169,Montferrier-sur-Lez,3336,1595,47.81,1741,52.19,36,1.08,2.07,1705,51.11,97.93,2020,2
34,Hérault,172,Montpellier,153711,100776,65.56,52935,34.44,2019,1.31,3.81,50916,33.12,96.19,2020,2
34,Hérault,198,Pérols,7794,3944,50.6,3850,49.4,83,1.06,2.16,3767,48.33,97.84,2020,2
34,Hérault,217,Prades-le-Lez,4416,1940,43.93,2476,56.07,65,1.47,2.63,2411,54.6,97.37,2020,2
34,Hérault,270,Saint-Jean-de-Védas,8536,4074,47.73,4462,52.27,91,1.07,2.04,4371,51.21,97.96,2020,2
34,Hérault,337,Villeneuve-lès-Maguelone,7211,2737,37.96,4474,62.04,160,2.22,3.58,4314,59.83,96.42,2020,2
35,Ille-et-Vilaine,059,La Chapelle-des-Fougeretz,3395,1516,44.65,1879,55.35,36,1.06,1.92,1843,54.29,98.08,2020,2
35,Ille-et-Vilaine,238,Rennes,116610,79670,68.32,36940,31.68,1207,1.04,3.27,35733,30.64,96.73,2020,2
35,Ille-et-Vilaine,240,Le Rheu,5810,3252,55.97,2558,44.03,68,1.17,2.66,2490,42.86,97.34,2020,2
38,Isère,057,Bresson,624,157,25.16,467,74.84,13,2.08,2.78,454,72.76,97.22,2020,2
38,Isère,151,Echirolles,20807,14288,68.67,6519,31.33,141,0.68,2.16,6378,30.65,97.84,2020,2
38,Isère,158,Eybens,6886,4319,62.72,2567,37.28,53,0.77,2.06,2514,36.51,97.94,2020,2
38,Isère,169,Fontaine,12988,7719,59.43,5269,40.57,176,1.36,3.34,5093,39.21,96.66,2020,2
38,Isère,185,Grenoble,86581,55557,64.17,31024,35.83,594,0.69,1.91,30430,35.15,98.09,2020,2
38,Isère,229,Meylan,13980,7254,51.89,6726,48.11,191,1.37,2.84,6535,46.75,97.16,2020,2
38,Isère,382,Saint-Egrève,11410,6894,60.42,4516,39.58,74,0.65,1.64,4442,38.93,98.36,2020,2
38,Isère,436,Saint-Paul-de-Varces,1970,692,35.13,1278,64.87,18,0.91,1.41,1260,63.96,98.59,2020,2
38,Isère,474,Sassenage,7996,3786,47.35,4210,52.65,73,0.91,1.73,4137,51.74,98.27,2020,2
38,Isère,485,Seyssinet-Pariset,8213,4708,57.32,3505,42.68,60,0.73,1.71,3445,41.95,98.29,2020,2
38,Isère,545,Vif,6602,3846,58.26,2756,41.74,52,0.79,1.89,2704,40.96,98.11,2020,2
38,Isère,562,Vizille,4865,2917,59.96,1948,40.04,52,1.07,2.67,1896,38.97,97.33,2020,2
42,Loire,005,Andrézieux-Bouthéon,6258,3753,59.97,2505,40.03,62,0.99,2.48,2443,39.04,97.52,2020,2
42,Loire,095,Firminy,10698,6123,57.23,4575,42.77,119,1.11,2.6,4456,41.65,97.4,2020,2
42,Loire,186,Rive-de-Gier,8394,5133,61.15,3261,38.85,59,0.7,1.81,3202,38.15,98.19,2020,2
42,Loire,218,Saint-Etienne,88086,63422,72.0,24664,28.0,664,0.75,2.69,24000,27.25,97.31,2020,2
42,Loire,222,Saint-Galmier,4171,2279,54.64,1892,45.36,32,0.77,1.69,1860,44.59,98.31,2020,2
76,Seine-Maritime,005,Amfreville-la-Mi-Voie,2169,1253,57.77,916,42.23,60,2.77,6.55,856,39.47,93.45,2020,2
76,Seine-Maritime,108,Bois-Guillaume,10321,5815,56.34,4506,43.66,80,0.78,1.78,4426,42.88,98.22,2020,2
76,Seine-Maritime,319,Grand-Couronne,6637,3738,56.32,2899,43.68,41,0.62,1.41,2858,43.06,98.59,2020,2
76,Seine-Maritime,429,Le Mesnil-Esnard,6128,3756,61.29,2372,38.71,20,0.33,0.84,2352,38.38,99.16,2020,2
76,Seine-Maritime,451,Mont-Saint-Aignan,12564,8046,64.04,4518,35.96,72,0.57,1.59,4446,35.39,98.41,2020,2
76,Seine-Maritime,540,Rouen,56606,39810,70.33,16796,29.67,574,1.01,3.42,16222,28.66,96.58,2020,2
76,Seine-Maritime,681,Sotteville-lès-Rouen,19871,13938,70.14,5933,29.86,177,0.89,2.98,5756,28.97,97.02,2020,2
76,Seine-Maritime,709,Le Trait,3775,2274,60.24,1501,39.76,37,0.98,2.47,1464,38.78,97.53,2020,2
76,Seine-Maritime,717,Val-de-la-Haye,559,224,40.07,335,59.93,4,0.72,1.19,331,59.21,98.81,2020,2
