DPT du siège de la coll.,Id SISPEA de la collectivité,Nom collectivité,Type collectivité,N° SIREN,N° INSEE si commune,Communes membres de la coll,Avec ou sans CCSPL,Agence(s) de l'eau,Bassin(s) concerné(s),Sous-Unité(s) DCE concernée(s),Id SISPEA de l'entité de gestion,Nom de l'entité de gestion,Communes adhérentes de l'entité de gestion,EPCI adhérents de l'entité de gestion,Pop communes adhérentes,Pop de l'entité de gestion sans double compte,Communes desservies seulement,Collecte,Transport,Dépollution,Mode de gestion,Statut de l'opérateur,Nom de l'opérateur,Date de début de contrat,Date de fin de contrat,Nb d'ouvrages - STEU,Convention de délégation de compétences,Date de début de la convention de délégation de compétences,Date de fin de la convention de délégation de compétences,Statut,Origine saisie des IP,Origine publication des IP,Id SISPEA ouvrage,Nom ouvrage,Code SANDRE ouvrage,D203.0,P203.3,P204.3,P205.3,P206.3,P254.3,VP.176,VP.209,VP.210,VP.211
034,81762,Montpellier Méditerranée Métropole,Métropole,243400017,,31,Oui,Rhône-Méditerranée-Corse,FRD,FRD_COLR,215058,assainissement collectif : 3M,14,0,403859,403859,0,1,1,1,Délégation,Entreprise privée,,2015-01-01 12:00pm,2021-12-31 12:00pm,1,Non,,,Confirmé / publié,la collectivité,la collectivité,38007,STEU Maera,060934172001,5817,100,100,100,100,100,23391,5817,365,365
034,81762,Montpellier Méditerranée Métropole,Métropole,243400017,,31,Oui,Rhône-Méditerranée-Corse,FRD,FRD_COLR,215057,assainissement collectif : Secteurs Est et Ouest,17,0,68358,68358,0,1,1,1,Délégation,Entreprise privée,SAUR,2015-01-01 12:00pm,2021-12-31 12:00pm,12,Non,,,Vérifié,la collectivité,la collectivité,148941,STEU de Baillargues-St Brès,060934022002,,,,,,,,,,
034,81762,Montpellier Méditerranée Métropole,Métropole,243400017,,31,Oui,Rhône-Méditerranée-Corse,FRD,FRD_COLR,215057,assainissement collectif : Secteurs Est et Ouest,17,0,68358,68358,0,1,1,1,Délégation,Entreprise privée,SAUR,2015-01-01 12:00pm,2021-12-31 12:00pm,12,Non,,,Vérifié,la collectivité,la collectivité,148940,STEU de Beaulieu-Restinclières,060934227002,,,,,,,,,,
034,81762,Montpellier Méditerranée Métropole,Métropole,243400017,,31,Oui,Rhône-Méditerranée-Corse,FRD,FRD_COLR,215057,assainissement collectif : Secteurs Est et Ouest,17,0,68358,68358,0,1,1,1,Délégation,Entreprise privée,SAUR,2015-01-01 12:00pm,2021-12-31 12:00pm,12,Non,,,Vérifié,la collectivité,la collectivité,38018,STEU de Bonnel-Plagnol-ZAECresseStMartin,060934087002,,,,,,,,,,
034,81762,Montpellier Méditerranée Métropole,Métropole,243400017,,31,Oui,Rhône-Méditerranée-Corse,FRD,FRD_COLR,215057,assainissement collectif : Secteurs Est et Ouest,17,0,68358,68358,0,1,1,1,Délégation,Entreprise privée,SAUR,2015-01-01 12:00pm,2021-12-31 12:00pm,12,Non,,,Vérifié,la collectivité,la collectivité,38017,STEU de Cournonterral-Cournonsec,060934088001,,,,,,,,,,
034,81762,Montpellier Méditerranée Métropole,Métropole,243400017,,31,Oui,Rhône-Méditerranée-Corse,FRD,FRD_COLR,215057,assainissement collectif : Secteurs Est et Ouest,17,0,68358,68358,0,1,1,1,Délégation,Entreprise privée,SAUR,2015-01-01 12:00pm,2021-12-31 12:00pm,12,Non,,,Vérifié,la collectivité,la collectivité,150449,STEU de Fabrègues-Pignan-Saussan,060934095003,,,,,,,,,,
034,81762,Montpellier Méditerranée Métropole,Métropole,243400017,,31,Oui,Rhône-Méditerranée-Corse,FRD,FRD_COLR,215057,assainissement collectif : Secteurs Est et Ouest,17,0,68358,68358,0,1,1,1,Délégation,Entreprise privée,SAUR,2015-01-01 12:00pm,2021-12-31 12:00pm,12,Non,,,Vérifié,la collectivité,la collectivité,127067,STEU de Lavérune,060934134003,,,,,,,,,,
034,81762,Montpellier Méditerranée Métropole,Métropole,243400017,,31,Oui,Rhône-Méditerranée-Corse,FRD,FRD_COLR,215057,assainissement collectif : Secteurs Est et Ouest,17,0,68358,68358,0,1,1,1,Délégation,Entreprise privée,SAUR,2015-01-01 12:00pm,2021-12-31 12:00pm,12,Non,,,Vérifié,la collectivité,la collectivité,127072,STEU de Montaud,060934164001,,,,,,,,,,
034,81762,Montpellier Méditerranée Métropole,Métropole,243400017,,31,Oui,Rhône-Méditerranée-Corse,FRD,FRD_COLR,215057,assainissement collectif : Secteurs Est et Ouest,17,0,68358,68358,0,1,1,1,Délégation,Entreprise privée,SAUR,2015-01-01 12:00pm,2021-12-31 12:00pm,12,Non,,,Vérifié,la collectivité,la collectivité,127064,STEU de Murviel-les-Montpellier,060934179002,,,,,,,,,,
034,81762,Montpellier Méditerranée Métropole,Métropole,243400017,,31,Oui,Rhône-Méditerranée-Corse,FRD,FRD_COLR,215057,assainissement collectif : Secteurs Est et Ouest,17,0,68358,68358,0,1,1,1,Délégation,Entreprise privée,SAUR,2015-01-01 12:00pm,2021-12-31 12:00pm,12,Non,,,Vérifié,la collectivité,la collectivité,127069,STEU de Saint-Georges d'Orques,060934259002,,,,,,,,,,
034,81762,Montpellier Méditerranée Métropole,Métropole,243400017,,31,Oui,Rhône-Méditerranée-Corse,FRD,FRD_COLR,215057,assainissement collectif : Secteurs Est et Ouest,17,0,68358,68358,0,1,1,1,Délégation,Entreprise privée,SAUR,2015-01-01 12:00pm,2021-12-31 12:00pm,12,Non,,,Vérifié,la collectivité,la collectivité,148939,STEU de St-Drézéry,060934249002,,,,,,,,,,
034,81762,Montpellier Méditerranée Métropole,Métropole,243400017,,31,Oui,Rhône-Méditerranée-Corse,FRD,FRD_COLR,215057,assainissement collectif : Secteurs Est et Ouest,17,0,68358,68358,0,1,1,1,Délégation,Entreprise privée,SAUR,2015-01-01 12:00pm,2021-12-31 12:00pm,12,Non,,,Vérifié,la collectivité,la collectivité,37994,STEU de St-Géniès des Mourgues-Sussargues,060934256001,,,,,,,,,,
034,81762,Montpellier Méditerranée Métropole,Métropole,243400017,,31,Oui,Rhône-Méditerranée-Corse,FRD,FRD_COLR,215057,assainissement collectif : Secteurs Est et Ouest,17,0,68358,68358,0,1,1,1,Délégation,Entreprise privée,SAUR,2015-01-01 12:00pm,2021-12-31 12:00pm,12,Non,,,Vérifié,la collectivité,la collectivité,38012,STEU de Villeneuve les Maguelone,060934337001,,,,,,,,,,
038,38618,Grenoble Alpes Métropole (LA METRO),Métropole,200040715,,52,Oui,Rhône-Méditerranée-Corse,FRD,FRD_ISER,39247,assainissement collectif,63,0,481320,454659,10,1,1,1,Régie,Régie à autonomie financière,,,,6,Non,,,Confirmé / publié,la collectivité,la collectivité,2672,Station d'épuration GRENOBLE / AQUAPOLE,060938170002,8834,100,100,100,100,"97,2",19393,8834,350,360
038,38618,Grenoble Alpes Métropole (LA METRO),Métropole,200040715,,52,Oui,Rhône-Méditerranée-Corse,FRD,FRD_ISER,39247,assainissement collectif,63,0,481320,454659,10,1,1,1,Régie,Régie à autonomie financière,,,,6,Non,,,Confirmé / publié,la collectivité,la collectivité,2671,Station d'épuration LE GUA / PRELENFREY,060938187001,0,100,100,100,,100,"3,2",,2,2
038,38618,Grenoble Alpes Métropole (LA METRO),Métropole,200040715,,52,Oui,Rhône-Méditerranée-Corse,FRD,FRD_ISER,39247,assainissement collectif,63,0,481320,454659,10,1,1,1,Régie,Régie à autonomie financière,,,,6,Non,,,Confirmé / publié,la collectivité,la collectivité,2529,Station d'épuration MIRIBEL-LANCHATRE,060938235001,0,100,100,100,,100,"1,9",,2,2
038,38618,Grenoble Alpes Métropole (LA METRO),Métropole,200040715,,52,Oui,Rhône-Méditerranée-Corse,FRD,FRD_ISER,39247,assainissement collectif,63,0,481320,454659,10,1,1,1,Régie,Régie à autonomie financière,,,,6,Non,,,Confirmé / publié,la collectivité,la collectivité,2652,Station d'épuration NOTRE-DAME-DE-COMMIERS,060938277001,0,0,0,0,,100,27,,2,2
038,38618,Grenoble Alpes Métropole (LA METRO),Métropole,200040715,,52,Oui,Rhône-Méditerranée-Corse,FRD,FRD_ISER,39247,assainissement collectif,63,0,481320,454659,10,1,1,1,Régie,Régie à autonomie financière,,,,6,Non,,,Confirmé / publié,la collectivité,la collectivité,151818,Station d'épuration QUAIX-EN-CHARTREUSE,060938328001,0,100,100,100,,100,"5,33",,2,2
038,38618,Grenoble Alpes Métropole (LA METRO),Métropole,200040715,,52,Oui,Rhône-Méditerranée-Corse,FRD,FRD_ISER,39247,assainissement collectif,63,0,481320,454659,10,1,1,1,Régie,Régie à autonomie financière,,,,6,Non,,,Confirmé / publié,la collectivité,la collectivité,165221,Station d'épuration QUAIX-EN-CHARTREUSE - Sous la Frette,060938328002,0,100,100,100,,100,"1,8",,2,2
042,198243,SAINT-ETIENNE METROPOLE,Métropole,244200770,,53,Oui,"Rhône-Méditerranée-Corse, Loire-Bretagne","FRD, FRG","FRD_RHON, FRG_ALA",262014,assainissement collectif : Métropole,46,0,169667,142822,0,1,1,1,Régie,Régie à autonomie financière,,,,44,Non,,,Confirmé / publié,la collectivité,la collectivité,35725,Aboen- La Bruyère,0442001S0001,0,100,100,100,,100,15,,1,1
042,198243,SAINT-ETIENNE METROPOLE,Métropole,244200770,,53,Oui,"Rhône-Méditerranée-Corse, Loire-Bretagne","FRD, FRG","FRD_RHON, FRG_ALA",262014,assainissement collectif : Métropole,46,0,169667,142822,0,1,1,1,Régie,Régie à autonomie financière,,,,44,Non,,,Confirmé / publié,la collectivité,la collectivité,35724,Aboen- Le Bourg,04420001S003,0,100,100,100,,100,15,,1,1
042,198243,SAINT-ETIENNE METROPOLE,Métropole,244200770,,53,Oui,"Rhône-Méditerranée-Corse, Loire-Bretagne","FRD, FRG","FRD_RHON, FRG_ALA",262014,assainissement collectif : Métropole,46,0,169667,142822,0,1,1,1,Régie,Régie à autonomie financière,,,,44,Non,,,Confirmé / publié,la collectivité,la collectivité,35726,Aboen- Montcoudiol,0442001S0002,0,,,,,100,"4,8",,1,1
042,198243,SAINT-ETIENNE METROPOLE,Métropole,244200770,,53,Oui,"Rhône-Méditerranée-Corse, Loire-Bretagne","FRD, FRG","FRD_RHON, FRG_ALA",262014,assainissement collectif : Métropole,46,0,169667,142822,0,1,1,1,Régie,Régie à autonomie financière,,,,44,Non,,,Confirmé / publié,la collectivité,la collectivité,35812,Cellieu- Thonérieux,0442032S0001,0,,,,,100,"4,2",,1,1
042,198243,SAINT-ETIENNE METROPOLE,Métropole,244200770,,53,Oui,"Rhône-Méditerranée-Corse, Loire-Bretagne","FRD, FRG","FRD_RHON, FRG_ALA",262014,assainissement collectif : Métropole,46,0,169667,142822,0,1,1,1,Régie,Régie à autonomie financière,,,,44,Non,,,Confirmé / publié,la collectivité,la collectivité,35821,Chagnon- Leymieux - Le Trève,060942036001,0,100,100,100,,100,"40,8",,1,1
042,198243,SAINT-ETIENNE METROPOLE,Métropole,244200770,,53,Oui,"Rhône-Méditerranée-Corse, Loire-Bretagne","FRD, FRG","FRD_RHON, FRG_ALA",262014,assainissement collectif : Métropole,46,0,169667,142822,0,1,1,1,Régie,Régie à autonomie financière,,,,44,Non,,,Confirmé / publié,la collectivité,la collectivité,195301,Firminy- le Pertuiset,0442095S0002,1379,100,100,0,100,"94,5",8605,1379,104,110
042,198243,SAINT-ETIENNE METROPOLE,Métropole,244200770,,53,Oui,"Rhône-Méditerranée-Corse, Loire-Bretagne","FRD, FRG","FRD_RHON, FRG_ALA",262014,assainissement collectif : Métropole,46,0,169667,142822,0,1,1,1,Régie,Régie à autonomie financière,,,,44,Non,,,Confirmé / publié,la collectivité,la collectivité,35935,Fontanès- Les Sallons,0442096S0001,0,100,100,100,,100,39,,1,1
042,198243,SAINT-ETIENNE METROPOLE,Métropole,244200770,,53,Oui,"Rhône-Méditerranée-Corse, Loire-Bretagne","FRD, FRG","FRD_RHON, FRG_ALA",262014,assainissement collectif : Métropole,46,0,169667,142822,0,1,1,1,Régie,Régie à autonomie financière,,,,44,Non,,,Confirmé / publié,la collectivité,la collectivité,35938,La Fouillouse- Moulin St Paul,0442097S0001,"20,9",100,0,0,100,"92,3",409,"20,94",12,13
042,198243,SAINT-ETIENNE METROPOLE,Métropole,244200770,,53,Oui,"Rhône-Méditerranée-Corse, Loire-Bretagne","FRD, FRG","FRD_RHON, FRG_ALA",262014,assainissement collectif : Métropole,46,0,169667,142822,0,1,1,1,Régie,Régie à autonomie financière,,,,44,Non,,,Confirmé / publié,la collectivité,la collectivité,35937,La Fouilouse- le BESSY,0442097S0003,0,,,,,100,3,,1,1
042,198243,SAINT-ETIENNE METROPOLE,Métropole,244200770,,53,Oui,"Rhône-Méditerranée-Corse, Loire-Bretagne","FRD, FRG","FRD_RHON, FRG_ALA",262014,assainissement collectif : Métropole,46,0,169667,142822,0,1,1,1,Régie,Régie à autonomie financière,,,,44,Non,,,Confirmé / publié,la collectivité,la collectivité,35940,La Gimond- Bourg,0442100S0001,0,,,,,100,12,,1,1
042,198243,SAINT-ETIENNE METROPOLE,Métropole,244200770,,53,Oui,"Rhône-Méditerranée-Corse, Loire-Bretagne","FRD, FRG","FRD_RHON, FRG_ALA",262014,assainissement collectif : Métropole,46,0,169667,142822,0,1,1,1,Régie,Régie à autonomie financière,,,,44,Non,,,Confirmé / publié,la collectivité,la collectivité,36452,La Valla en Gier- Luzernod,06423210001,0,,,,,100,"6,6",,1,1
042,198243,SAINT-ETIENNE METROPOLE,Métropole,244200770,,53,Oui,"Rhône-Méditerranée-Corse, Loire-Bretagne","FRD, FRG","FRD_RHON, FRG_ALA",262014,assainissement collectif : Métropole,46,0,169667,142822,0,1,1,1,Régie,Régie à autonomie financière,,,,44,Non,,,Confirmé / publié,la collectivité,la collectivité,36015,Marcenod- Campillon,0442133S0002,0,100,100,100,,100,"24,9",,1,1
042,198243,SAINT-ETIENNE METROPOLE,Métropole,244200770,,53,Oui,"Rhône-Méditerranée-Corse, Loire-Bretagne","FRD, FRG","FRD_RHON, FRG_ALA",262014,assainissement collectif : Métropole,46,0,169667,142822,0,1,1,1,Régie,Régie à autonomie financière,,,,44,Non,,,Confirmé / publié,la collectivité,la collectivité,36014,Marcenod- Chazot,0442133S0001,0,,,,,100,"17,4",,1,1
042,198243,SAINT-ETIENNE METROPOLE,Métropole,244200770,,53,Oui,"Rhône-Méditerranée-Corse, Loire-Bretagne","FRD, FRG","FRD_RHON, FRG_ALA",262014,assainissement collectif : Métropole,46,0,169667,142822,0,1,1,1,Régie,Régie à autonomie financière,,,,44,Non,,,Confirmé / publié,la collectivité,la collectivité,36123,Pavezin- Le Bourg,060942167001,0,100,100,100,,100,18,,1,1
042,198243,SAINT-ETIENNE METROPOLE,Métropole,244200770,,53,Oui,"Rhône-Méditerranée-Corse, Loire-Bretagne","FRD, FRG","FRD_RHON, FRG_ALA",262014,assainissement collectif : Métropole,46,0,169667,142822,0,1,1,1,Régie,Régie à autonomie financière,,,,44,Non,,,Confirmé / publié,la collectivité,la collectivité,36158,Rozier Cote d'Aurec- Martinange,0442192S0001,0,,,,,100,"6,5",,1,1
042,198243,SAINT-ETIENNE METROPOLE,Métropole,244200770,,53,Oui,"Rhône-Méditerranée-Corse, Loire-Bretagne","FRD, FRG","FRD_RHON, FRG_ALA",262014,assainissement collectif : Métropole,46,0,169667,142822,0,1,1,1,Régie,Régie à autonomie financière,,,,44,Non,,,Confirmé / publié,la collectivité,la collectivité,148494,Rozier Côtes d'Aurec- Le bourg,0442192S0002,0,,,,,100,10,,1,1
042,198243,SAINT-ETIENNE METROPOLE,Métropole,244200770,,53,Oui,"Rhône-Méditerranée-Corse, Loire-Bretagne","FRD, FRG","FRD_RHON, FRG_ALA",262014,assainissement collectif : Métropole,46,0,169667,142822,0,1,1,1,Régie,Régie à autonomie financière,,,,44,Non,,,Confirmé / publié,la collectivité,la collectivité,36159,Rozier Côtes d'Aurec- Rochegut,0442192S0003,0,,,,,100,"7,2",,1,1
042,198243,SAINT-ETIENNE METROPOLE,Métropole,244200770,,53,Oui,"Rhône-Méditerranée-Corse, Loire-Bretagne","FRD, FRG","FRD_RHON, FRG_ALA",262014,assainissement collectif : Métropole,46,0,169667,142822,0,1,1,1,Régie,Régie à autonomie financière,,,,44,Non,,,Confirmé / publié,la collectivité,la collectivité,36212,Saint Bonnet les Oules- Liminaire,0442206S0001,"32,9",100,0,0,100,100,"69,9","32,91",12,12
042,198243,SAINT-ETIENNE METROPOLE,Métropole,244200770,,53,Oui,"Rhône-Méditerranée-Corse, Loire-Bretagne","FRD, FRG","FRD_RHON, FRG_ALA",262014,assainissement collectif : Métropole,46,0,169667,142822,0,1,1,1,Régie,Régie à autonomie financière,,,,44,Non,,,Confirmé / publié,la collectivité,la collectivité,36247,Saint Genest Lerpt- Pontsonneau,0442223S0001,127,100,100,100,100,"92,3",874,"127,02",12,13
042,198243,SAINT-ETIENNE METROPOLE,Métropole,244200770,,53,Oui,"Rhône-Méditerranée-Corse, Loire-Bretagne","FRD, FRG","FRD_RHON, FRG_ALA",262014,assainissement collectif : Métropole,46,0,169667,142822,0,1,1,1,Régie,Régie à autonomie financière,,,,44,Non,,,Confirmé / publié,la collectivité,la collectivité,36326,Saint Maurice en Gourgois- Chemin de Chabanne,0442262S0001,0,100,100,100,,100,"24,4",,1,1
042,198243,SAINT-ETIENNE METROPOLE,Métropole,244200770,,53,Oui,"Rhône-Méditerranée-Corse, Loire-Bretagne","FRD, FRG","FRD_RHON, FRG_ALA",262014,assainissement collectif : Métropole,46,0,169667,142822,0,1,1,1,Régie,Régie à autonomie financière,,,,44,Non,,,Confirmé / publié,la collectivité,la collectivité,36325,Saint Maurice en Gourgois- Gourgois,0442262S0002,0,,,,,100,"5,4",,1,1
042,198243,SAINT-ETIENNE METROPOLE,Métropole,244200770,,53,Oui,"Rhône-Méditerranée-Corse, Loire-Bretagne","FRD, FRG","FRD_RHON, FRG_ALA",262014,assainissement collectif : Métropole,46,0,169667,142822,0,1,1,1,Régie,Régie à autonomie financière,,,,44,Non,,,Confirmé / publié,la collectivité,la collectivité,36324,Saint Maurice en Gourgois- La Rivière,0442262S0004,0,100,100,100,,100,"22,2",,1,1
042,198243,SAINT-ETIENNE METROPOLE,Métropole,244200770,,53,Oui,"Rhône-Méditerranée-Corse, Loire-Bretagne","FRD, FRG","FRD_RHON, FRG_ALA",262014,assainissement collectif : Métropole,46,0,169667,142822,0,1,1,1,Régie,Régie à autonomie financière,,,,44,Non,,,Confirmé / publié,la collectivité,la collectivité,36327,Saint Maurice en Gourgois- Morier,0442262S0006,0,,,,,100,"1,2",,1,1
042,198243,SAINT-ETIENNE METROPOLE,Métropole,244200770,,53,Oui,"Rhône-Méditerranée-Corse, Loire-Bretagne","FRD, FRG","FRD_RHON, FRG_ALA",262014,assainissement collectif : Métropole,46,0,169667,142822,0,1,1,1,Régie,Régie à autonomie financière,,,,44,Non,,,Confirmé / publié,la collectivité,la collectivité,36322,Saint Maurice en Gourgois- Pinet,0442262S0005,0,,,,,100,6,,1,1
042,198243,SAINT-ETIENNE METROPOLE,Métropole,244200770,,53,Oui,"Rhône-Méditerranée-Corse, Loire-Bretagne","FRD, FRG","FRD_RHON, FRG_ALA",262014,assainissement collectif : Métropole,46,0,169667,142822,0,1,1,1,Régie,Régie à autonomie financière,,,,44,Non,,,Confirmé / publié,la collectivité,la collectivité,36323,Saint Maurice en Gourgois- Pommerlet,0442262S0007,0,,,,,100,9,,1,1
042,198243,SAINT-ETIENNE METROPOLE,Métropole,244200770,,53,Oui,"Rhône-Méditerranée-Corse, Loire-Bretagne","FRD, FRG","FRD_RHON, FRG_ALA",262014,assainissement collectif : Métropole,46,0,169667,142822,0,1,1,1,Régie,Régie à autonomie financière,,,,44,Non,,,Confirmé / publié,la collectivité,la collectivité,154781,Saint Maurice en Gourgois- Pommerol,0442262S0003,0,,,,,100,"2,4",,1,1
042,198243,SAINT-ETIENNE METROPOLE,Métropole,244200770,,53,Oui,"Rhône-Méditerranée-Corse, Loire-Bretagne","FRD, FRG","FRD_RHON, FRG_ALA",262014,assainissement collectif : Métropole,46,0,169667,142822,0,1,1,1,Régie,Régie à autonomie financière,,,,44,Non,,,Confirmé / publié,la collectivité,la collectivité,36330,Saint Nizier de Fornas- Bourg,0442266S0001,0,,,,,100,8,,1,1
042,198243,SAINT-ETIENNE METROPOLE,Métropole,244200770,,53,Oui,"Rhône-Méditerranée-Corse, Loire-Bretagne","FRD, FRG","FRD_RHON, FRG_ALA",262014,assainissement collectif : Métropole,46,0,169667,142822,0,1,1,1,Régie,Régie à autonomie financière,,,,44,Non,,,Confirmé / publié,la collectivité,la collectivité,195261,Saint Nizier de Fornas- Bourg nord,0442266S0004,0,,,,,100,"8,1",,1,1
042,198243,SAINT-ETIENNE METROPOLE,Métropole,244200770,,53,Oui,"Rhône-Méditerranée-Corse, Loire-Bretagne","FRD, FRG","FRD_RHON, FRG_ALA",262014,assainissement collectif : Métropole,46,0,169667,142822,0,1,1,1,Régie,Régie à autonomie financière,,,,44,Non,,,Confirmé / publié,la collectivité,la collectivité,36329,Saint Nizier de Fornas- Geneviecq,0442266S0002,0,,,,,100,"4,5",,1,1
042,198243,SAINT-ETIENNE METROPOLE,Métropole,244200770,,53,Oui,"Rhône-Méditerranée-Corse, Loire-Bretagne","FRD, FRG","FRD_RHON, FRG_ALA",262014,assainissement collectif : Métropole,46,0,169667,142822,0,1,1,1,Régie,Régie à autonomie financière,,,,44,Non,,,Confirmé / publié,la collectivité,la collectivité,36331,Saint Nizier de Fornas- Greziecq,0442266S0003,0,,,,,100,"2,4",,1,1
042,198243,SAINT-ETIENNE METROPOLE,Métropole,244200770,,53,Oui,"Rhône-Méditerranée-Corse, Loire-Bretagne","FRD, FRG","FRD_RHON, FRG_ALA",262014,assainissement collectif : Métropole,46,0,169667,142822,0,1,1,1,Régie,Régie à autonomie financière,,,,44,Non,,,Confirmé / publié,la collectivité,la collectivité,36215,Saint-Christo-en-Jarez-  Bourg,0442208S0001,0,100,100,100,,100,30,,1,1
042,198243,SAINT-ETIENNE METROPOLE,Métropole,244200770,,53,Oui,"Rhône-Méditerranée-Corse, Loire-Bretagne","FRD, FRG","FRD_RHON, FRG_ALA",262014,assainissement collectif : Métropole,46,0,169667,142822,0,1,1,1,Régie,Régie à autonomie financière,,,,44,Non,,,Confirmé / publié,la collectivité,la collectivité,36213,Saint-Christo-en-Jarez- Borgia,0442208S0002,0,100,100,100,,100,20,,1,1
042,198243,SAINT-ETIENNE METROPOLE,Métropole,244200770,,53,Oui,"Rhône-Méditerranée-Corse, Loire-Bretagne","FRD, FRG","FRD_RHON, FRG_ALA",262014,assainissement collectif : Métropole,46,0,169667,142822,0,1,1,1,Régie,Régie à autonomie financière,,,,44,Non,,,Confirmé / publié,la collectivité,la collectivité,36214,Saint-Christo-en-Jarez- La Roche,0442208S0003,0,,,,,100,0,,1,1
042,198243,SAINT-ETIENNE METROPOLE,Métropole,244200770,,53,Oui,"Rhône-Méditerranée-Corse, Loire-Bretagne","FRD, FRG","FRD_RHON, FRG_ALA",262014,assainissement collectif : Métropole,46,0,169667,142822,0,1,1,1,Régie,Régie à autonomie financière,,,,44,Non,,,Confirmé / publié,la collectivité,la collectivité,36268,Saint-Héand- Les Chazottes,0442234S0002,"29,8",100,0,0,100,100,"111,9","29,79",12,12
042,198243,SAINT-ETIENNE METROPOLE,Métropole,244200770,,53,Oui,"Rhône-Méditerranée-Corse, Loire-Bretagne","FRD, FRG","FRD_RHON, FRG_ALA",262014,assainissement collectif : Métropole,46,0,169667,142822,0,1,1,1,Régie,Régie à autonomie financière,,,,44,Non,,,Confirmé / publié,la collectivité,la collectivité,36267,Saint-Héand- Les Raymondes,0442234S0003,0,,,,,100,"3,6",,1,1
042,198243,SAINT-ETIENNE METROPOLE,Métropole,244200770,,53,Oui,"Rhône-Méditerranée-Corse, Loire-Bretagne","FRD, FRG","FRD_RHON, FRG_ALA",262014,assainissement collectif : Métropole,46,0,169667,142822,0,1,1,1,Régie,Régie à autonomie financière,,,,44,Non,,,Confirmé / publié,la collectivité,la collectivité,36266,Saint-Héand- Mont Mollot,0442234S0004,0,,,,,100,3,,1,1
042,198243,SAINT-ETIENNE METROPOLE,Métropole,244200770,,53,Oui,"Rhône-Méditerranée-Corse, Loire-Bretagne","FRD, FRG","FRD_RHON, FRG_ALA",262014,assainissement collectif : Métropole,46,0,169667,142822,0,1,1,1,Régie,Régie à autonomie financière,,,,44,Non,,,Confirmé / publié,la collectivité,la collectivité,36274,Saint-Jean-Bonnefonds- le colombier,0442237S0002,"61,3",100,100,100,100,100,157,"61,34",12,12
042,198243,SAINT-ETIENNE METROPOLE,Métropole,244200770,,53,Oui,"Rhône-Méditerranée-Corse, Loire-Bretagne","FRD, FRG","FRD_RHON, FRG_ALA",262014,assainissement collectif : Métropole,46,0,169667,142822,0,1,1,1,Régie,Régie à autonomie financière,,,,44,Non,,,Confirmé / publié,la collectivité,la collectivité,36284,Saint-Joseph- Bissieux,060942242002,0,,,,,100,"4,8",,1,1
042,198243,SAINT-ETIENNE METROPOLE,Métropole,244200770,,53,Oui,"Rhône-Méditerranée-Corse, Loire-Bretagne","FRD, FRG","FRD_RHON, FRG_ALA",262014,assainissement collectif : Métropole,46,0,169667,142822,0,1,1,1,Régie,Régie à autonomie financière,,,,44,Non,,,Confirmé / publié,la collectivité,la collectivité,36286,Saint-Joseph- Vaille,06942242001,0,100,100,100,,100,"33,6",,1,1
042,198243,SAINT-ETIENNE METROPOLE,Métropole,244200770,,53,Oui,"Rhône-Méditerranée-Corse, Loire-Bretagne","FRD, FRG","FRD_RHON, FRG_ALA",262014,assainissement collectif : Métropole,46,0,169667,142822,0,1,1,1,Régie,Régie à autonomie financière,,,,44,Non,,,Confirmé / publié,la collectivité,la collectivité,191181,Saint-Paul-En-Jarez- Vergelas,060942271102,0,,,,,100,"2,4",,1,1
042,198243,SAINT-ETIENNE METROPOLE,Métropole,244200770,,53,Oui,"Rhône-Méditerranée-Corse, Loire-Bretagne","FRD, FRG","FRD_RHON, FRG_ALA",262014,assainissement collectif : Métropole,46,0,169667,142822,0,1,1,1,Régie,Régie à autonomie financière,,,,44,Non,,,Confirmé / publié,la collectivité,la collectivité,36354,Saint-Romain-en-Jarez- Trivolinière,060942283002,0,,,,,100,"5,4",,1,1
042,198243,SAINT-ETIENNE METROPOLE,Métropole,244200770,,53,Oui,"Rhône-Méditerranée-Corse, Loire-Bretagne","FRD, FRG","FRD_RHON, FRG_ALA",262014,assainissement collectif : Métropole,46,0,169667,142822,0,1,1,1,Régie,Régie à autonomie financière,,,,44,Non,,,Confirmé / publié,la collectivité,la collectivité,195281,Saint-Romain-en-Jarez- Valfleury,060942283003,0,100,100,100,,100,60,,1,1
042,198243,SAINT-ETIENNE METROPOLE,Métropole,244200770,,53,Oui,"Rhône-Méditerranée-Corse, Loire-Bretagne","FRD, FRG","FRD_RHON, FRG_ALA",262014,assainissement collectif : Métropole,46,0,169667,142822,0,1,1,1,Régie,Régie à autonomie financière,,,,44,Non,,,Confirmé / publié,la collectivité,la collectivité,36217,Sainte-Croix-en-Jarez - La Louze,060942210001,0,,,,,100,12,,1,1
042,198243,SAINT-ETIENNE METROPOLE,Métropole,244200770,,53,Oui,"Rhône-Méditerranée-Corse, Loire-Bretagne","FRD, FRG","FRD_RHON, FRG_ALA",262014,assainissement collectif : Métropole,46,0,169667,142822,0,1,1,1,Régie,Régie à autonomie financière,,,,44,Non,,,Confirmé / publié,la collectivité,la collectivité,36449,Valfleury- Bourg,060942320001,0,100,0,100,,100,27,,1,1
042,198243,SAINT-ETIENNE METROPOLE,Métropole,244200770,,53,Oui,Loire-Bretagne,FRG,FRG_ALA,80404,assainissement collectif : Roche la Moliere,1,0,9697,9697,0,1,1,1,Délégation,Entreprise privée,,2006-01-01 12:00am,,1,Non,,,Confirmé / publié,la collectivité,la collectivité,36154,Station d'épuration les Moussettes,0442189S0004,"141,2",0,0,100,100,100,900,"141,21",12,12
042,198243,SAINT-ETIENNE METROPOLE,Métropole,244200770,,53,Oui,Loire-Bretagne,FRG,FRG_ALA,249794,assainissement collectif : Saint Galmier,1,0,5722,5722,0,1,1,1,Délégation,Entreprise privée,SUEZ,,,1,Non,,,Confirmé / publié,la collectivité,la collectivité,36246,Station d'épuration des Flaches,0442222S0004,"405,8",100,100,100,100,100,565,"405,82",12,12
042,198243,SAINT-ETIENNE METROPOLE,Métropole,244200770,,53,Oui,Rhône-Méditerranée-Corse,FRD,FRD_RHON,192968,assainissement collectif : Saint-Chamond,1,0,34967,34967,0,1,1,1,Délégation,Entreprise privée,VEOLIA,2017-10-01 12:00pm,2025-06-30 12:00pm,1,Non,,,Confirmé / publié,la collectivité,la collectivité,131158,Station d'épuration,060942207002,"794,9",100,100,100,100,100,1887,"794,92",104,104
042,198243,SAINT-ETIENNE METROPOLE,Métropole,244200770,,53,Oui,Loire-Bretagne,FRG,FRG_ALA,80439,assainissement collectif : Saint-Etienne : Epuration,1,0,172565,86282,0,0,0,1,Régie,Entreprise privée,"Saur pour Furania, Suez pour les Tourettes",2014-01-12 12:00pm,2020-12-31 12:00pm,4,Non,,,Confirmé / publié,la collectivité,la collectivité,36230,Station d'épuration de Furania,0442218S0019,3389,,100,100,100,"99,7",27552,3389,365,366
042,198243,SAINT-ETIENNE METROPOLE,Métropole,244200770,,53,Oui,Loire-Bretagne,FRG,FRG_ALA,80439,assainissement collectif : Saint-Etienne : Epuration,1,0,172565,86282,0,0,0,1,Régie,Entreprise privée,"Saur pour Furania, Suez pour les Tourettes",2014-01-12 12:00pm,2020-12-31 12:00pm,4,Non,,,Confirmé / publié,la collectivité,la collectivité,36231,Station d'épuration des Tourettes,0442218S0020,"21,6",,100,100,100,100,72,"21,6",12,12
042,198243,SAINT-ETIENNE METROPOLE,Métropole,244200770,,53,Oui,Loire-Bretagne,FRG,FRG_ALA,80439,assainissement collectif : Saint-Etienne : Epuration,1,0,172565,86282,0,0,0,1,Régie,Entreprise privée,"Saur pour Furania, Suez pour les Tourettes",2014-01-12 12:00pm,2020-12-31 12:00pm,4,Non,,,Confirmé / publié,la collectivité,la collectivité,169681,station d'épuration de Chénieux,0442218S0022,0,,,,,,7,,,
042,198243,SAINT-ETIENNE METROPOLE,Métropole,244200770,,53,Oui,Loire-Bretagne,FRG,FRG_ALA,80439,assainissement collectif : Saint-Etienne : Epuration,1,0,172565,86282,0,0,0,1,Régie,Entreprise privée,"Saur pour Furania, Suez pour les Tourettes",2014-01-12 12:00pm,2020-12-31 12:00pm,4,Non,,,Confirmé / publié,la collectivité,la collectivité,131159,station d'épuration de la Croix des Sagnes,044221823S0023,0,,,,,,"7,2",,,
076,92876,METROPOLE ROUEN NORMANDIE (MRN),Métropole,200023414,,71,Oui,Seine-Normandie,FRH,FRH_SEAV,306195,assainissement collectif,71,0,491046,490219,1,1,1,1,Régie,Régie simple,,,,23,Non,,,Confirmé / publié,la collectivité,la collectivité,147525,LAGUNAGE BARDOUVILLE,037605601000,0,0,0,0,,,0,,0,0
076,92876,METROPOLE ROUEN NORMANDIE (MRN),Métropole,200023414,,71,Oui,Seine-Normandie,FRH,FRH_SEAV,306195,assainissement collectif,71,0,491046,490219,1,1,1,1,Régie,Régie simple,,,,23,Non,,,Confirmé / publié,la collectivité,la collectivité,45263,LAGUNAGE D'EPINAY SUR DUCLAIR,037623701000,0,0,0,0,,,0,,0,0
076,92876,METROPOLE ROUEN NORMANDIE (MRN),Métropole,200023414,,71,Oui,Seine-Normandie,FRH,FRH_SEAV,306195,assainissement collectif,71,0,491046,490219,1,1,1,1,Régie,Régie simple,,,,23,Non,,,Confirmé / publié,la collectivité,la collectivité,147523,STATION D'EPURATION DE MESNIL SOUS JUMIEGES,037643601000,"5,2",0,0,0,,,0,,0,0
076,92876,METROPOLE ROUEN NORMANDIE (MRN),Métropole,200023414,,71,Oui,Seine-Normandie,FRH,FRH_SEAV,306195,assainissement collectif,71,0,491046,490219,1,1,1,1,Régie,Régie simple,,,,23,Non,,,Confirmé / publié,la collectivité,la collectivité,147522,STATION EPURATION DE JUMIEGES,037637801000,"5,4",0,0,0,,,0,,0,0
076,92876,METROPOLE ROUEN NORMANDIE (MRN),Métropole,200023414,,71,Oui,Seine-Normandie,FRH,FRH_SEAV,306195,assainissement collectif,71,0,491046,490219,1,1,1,1,Régie,Régie simple,,,,23,Non,,,Confirmé / publié,la collectivité,la collectivité,147526,STEP ANNEVILLE AMBOURVILLE,037602001000,"6,9",0,0,0,,,0,,0,0
076,92876,METROPOLE ROUEN NORMANDIE (MRN),Métropole,200023414,,71,Oui,Seine-Normandie,FRH,FRH_SEAV,306195,assainissement collectif,71,0,491046,490219,1,1,1,1,Régie,Régie simple,,,,23,Non,,,Confirmé / publié,la collectivité,la collectivité,167081,STEP D'ELBEUF SUR SEINE,037656101000,"1282,6",100,100,100,,100,"960,65",,163,163
076,92876,METROPOLE ROUEN NORMANDIE (MRN),Métropole,200023414,,71,Oui,Seine-Normandie,FRH,FRH_SEAV,306195,assainissement collectif,71,0,491046,490219,1,1,1,1,Régie,Régie simple,,,,23,Non,,,Confirmé / publié,la collectivité,la collectivité,45259,STEP D'HENOUVILLE,037635401000,"5,4",0,0,0,,,0,,0,0
076,92876,METROPOLE ROUEN NORMANDIE (MRN),Métropole,200023414,,71,Oui,Seine-Normandie,FRH,FRH_SEAV,306195,assainissement collectif,71,0,491046,490219,1,1,1,1,Régie,Régie simple,,,,23,Non,,,Confirmé / publié,la collectivité,la collectivité,45617,STEP DE BOOS,037611601000,"38,9",100,100,0,,100,"39,33",,11,11
076,92876,METROPOLE ROUEN NORMANDIE (MRN),Métropole,200023414,,71,Oui,Seine-Normandie,FRH,FRH_SEAV,306195,assainissement collectif,71,0,491046,490219,1,1,1,1,Régie,Régie simple,,,,23,Non,,,Confirmé / publié,la collectivité,la collectivité,45096,STEP DE DUCLAIR,037622201000,"29,4",100,100,100,,100,"43,71",,12,12
076,92876,METROPOLE ROUEN NORMANDIE (MRN),Métropole,200023414,,71,Oui,Seine-Normandie,FRH,FRH_SEAV,306195,assainissement collectif,71,0,491046,490219,1,1,1,1,Régie,Régie simple,,,,23,Non,,,Confirmé / publié,la collectivité,la collectivité,149971,STEP DE GOUY,037631301000,18,100,100,0,,100,"39,43",,11,11
076,92876,METROPOLE ROUEN NORMANDIE (MRN),Métropole,200023414,,71,Oui,Seine-Normandie,FRH,FRH_SEAV,306195,assainissement collectif,71,0,491046,490219,1,1,1,1,Régie,Régie simple,,,,23,Non,,,Confirmé / publié,la collectivité,la collectivité,45592,STEP DE GRAND COURONNE,037631901000,"178,1",100,100,100,,100,"188,99",,24,24
076,92876,METROPOLE ROUEN NORMANDIE (MRN),Métropole,200023414,,71,Oui,Seine-Normandie,FRH,FRH_SEAV,306195,assainissement collectif,71,0,491046,490219,1,1,1,1,Régie,Régie simple,,,,23,Non,,,Confirmé / publié,la collectivité,la collectivité,45591,STEP DE GRAND-QUEVILLY,037632201000,"428,5",0,100,100,,"96,8","566,16",,91,94
076,92876,METROPOLE ROUEN NORMANDIE (MRN),Métropole,200023414,,71,Oui,Seine-Normandie,FRH,FRH_SEAV,306195,assainissement collectif,71,0,491046,490219,1,1,1,1,Régie,Régie simple,,,,23,Non,,,Confirmé / publié,la collectivité,la collectivité,149968,STEP DE LA NEUVILLE-CHANT-D'OISEL,037646401000,30,100,100,100,,100,"23,36",,11,11
076,92876,METROPOLE ROUEN NORMANDIE (MRN),Métropole,200023414,,71,Oui,Seine-Normandie,FRH,FRH_SEAV,306195,assainissement collectif,71,0,491046,490219,1,1,1,1,Régie,Régie simple,,,,23,Non,,,Confirmé / publié,la collectivité,la collectivité,45555,STEP DE LE TRAIT,037670901000,99,100,100,100,,100,"108,44",,24,24
076,92876,METROPOLE ROUEN NORMANDIE (MRN),Métropole,200023414,,71,Oui,Seine-Normandie,FRH,FRH_SEAV,306195,assainissement collectif,71,0,491046,490219,1,1,1,1,Régie,Régie simple,,,,23,Non,,,Confirmé / publié,la collectivité,la collectivité,45453,STEP DE PETIT-QUEVILLY,037649801000,6743,100,100,100,,100,"6182,72",,311,311
076,92876,METROPOLE ROUEN NORMANDIE (MRN),Métropole,200023414,,71,Oui,Seine-Normandie,FRH,FRH_SEAV,306195,assainissement collectif,71,0,491046,490219,1,1,1,1,Régie,Régie simple,,,,23,Non,,,Confirmé / publié,la collectivité,la collectivité,149969,STEP DE QUEVREVILLE-LA-POTERIE,037651401000,"3,6",0,0,0,,,0,,0,0
076,92876,METROPOLE ROUEN NORMANDIE (MRN),Métropole,200023414,,71,Oui,Seine-Normandie,FRH,FRH_SEAV,306195,assainissement collectif,71,0,491046,490219,1,1,1,1,Régie,Régie simple,,,,23,Non,,,Confirmé / publié,la collectivité,la collectivité,149967,STEP DE SAHURS,037655001000,"0,7",0,0,0,,,0,,0,0
076,92876,METROPOLE ROUEN NORMANDIE (MRN),Métropole,200023414,,71,Oui,Seine-Normandie,FRH,FRH_SEAV,306195,assainissement collectif,71,0,491046,490219,1,1,1,1,Régie,Régie simple,,,,23,Non,,,Confirmé / publié,la collectivité,la collectivité,147524,STEP DE ST MARTIN DE BOSCHERVILLE,037661401000,"4,7",100,100,100,,100,"44,11",,9,9
076,92876,METROPOLE ROUEN NORMANDIE (MRN),Métropole,200023414,,71,Oui,Seine-Normandie,FRH,FRH_SEAV,306195,assainissement collectif,71,0,491046,490219,1,1,1,1,Régie,Régie simple,,,,23,Non,,,Confirmé / publié,la collectivité,la collectivité,45262,STEP DE ST PAER,037663101000,"13,5",0,0,0,,,0,,0,0
076,92876,METROPOLE ROUEN NORMANDIE (MRN),Métropole,200023414,,71,Oui,Seine-Normandie,FRH,FRH_SEAV,306195,assainissement collectif,71,0,491046,490219,1,1,1,1,Régie,Régie simple,,,,23,Non,,,Confirmé / publié,la collectivité,la collectivité,45590,STEP DE ST PIERRE DE MANNEVILLE,037663401000,"2,1",0,0,0,,,0,,0,0
076,92876,METROPOLE ROUEN NORMANDIE (MRN),Métropole,200023414,,71,Oui,Seine-Normandie,FRH,FRH_SEAV,306195,assainissement collectif,71,0,491046,490219,1,1,1,1,Régie,Régie simple,,,,23,Non,,,Confirmé / publié,la collectivité,la collectivité,45616,STEP DE YAINVILLE,037675001000,"12,2",100,0,0,,"71,4","16,87",,5,7
076,92876,METROPOLE ROUEN NORMANDIE (MRN),Métropole,200023414,,71,Oui,Seine-Normandie,FRH,FRH_SEAV,306195,assainissement collectif,71,0,491046,490219,1,1,1,1,Régie,Régie simple,,,,23,Non,,,Confirmé / publié,la collectivité,la collectivité,234321,STEP DUCLAIR SUD,037622202000,0,0,0,0,,,0,,0,0
076,92876,METROPOLE ROUEN NORMANDIE (MRN),Métropole,200023414,,71,Oui,Seine-Normandie,FRH,FRH_SEAV,306195,assainissement collectif,71,0,491046,490219,1,1,1,1,Régie,Régie simple,,,,23,Non,,,Confirmé / publié,la collectivité,la collectivité,149970,STEP MONTMAIN,037644801000,"19,1",100,100,0,,100,"38,1",,10,10
