DPT du siège de la coll.,Id SISPEA de la collectivité,Nom collectivité,Type collectivité,N° SIREN,N° INSEE si commune,Communes membres de la coll,Avec ou sans CCSPL,Agence(s) de l'eau,Bassin(s) concerné(s),Sous-Unité(s) DCE concernée(s),Id SISPEA de l'entité de gestion,Code UGE de l'entité de gestion,Nom de l'entité de gestion,Communes adhérentes de l'entité de gestion,EPCI adhérents de l'entité de gestion,Pop communes adhérentes,Pop de l'entité de gestion sans double compte,Communes desservies seulement,Production,Transfert,Distribution,Mode de gestion,Statut de l'opérateur,Nom de l'opérateur,Date de début de contrat,Date de fin de contrat,Nb d'ouvrages - Prélèvement,Convention de délégation de compétences,Date de début de la convention de délégation de compétences,Date de fin de la convention de délégation de compétences,Statut,Origine saisie des IP,Origine publication des IP,Id SISPEA ouvrage,Nom ouvrage,Code SISEAUX ouvrage,VP.194,VP.212,VP.223
034,81762,Montpellier Méditerranée Métropole,Métropole,243400017,,31,Oui,Rhône-Méditerranée-Corse,FRD,FRD_COLR,218394,0340239,eau potable : Régie des eaux,13,0,377426,377426,0,1,1,1,Régie,Régie à autonomie financière,,2016-01-01 12:00am,,14,Non,,,Confirmé / publié,la collectivité,la collectivité,150455,FESCAU 1,034001001,,80,151748
034,81762,Montpellier Méditerranée Métropole,Métropole,243400017,,31,Oui,Rhône-Méditerranée-Corse,FRD,FRD_COLR,218394,0340239,eau potable : Régie des eaux,13,0,377426,377426,0,1,1,1,Régie,Régie à autonomie financière,,2016-01-01 12:00am,,14,Non,,,Confirmé / publié,la collectivité,la collectivité,150454,FESCAU 2,034003497,,80,0
034,81762,Montpellier Méditerranée Métropole,Métropole,243400017,,31,Oui,Rhône-Méditerranée-Corse,FRD,FRD_COLR,218394,0340239,eau potable : Régie des eaux,13,0,377426,377426,0,1,1,1,Régie,Régie à autonomie financière,,2016-01-01 12:00am,,14,Non,,,Confirmé / publié,la collectivité,la collectivité,141098,FLES NORD,034000631,,80,118991
034,81762,Montpellier Méditerranée Métropole,Métropole,243400017,,31,Oui,Rhône-Méditerranée-Corse,FRD,FRD_COLR,218394,0340239,eau potable : Régie des eaux,13,0,377426,377426,0,1,1,1,Régie,Régie à autonomie financière,,2016-01-01 12:00am,,14,Non,,,Confirmé / publié,la collectivité,la collectivité,141099,FLES SUD,034000632,,80,0
034,81762,Montpellier Méditerranée Métropole,Métropole,243400017,,31,Oui,Rhône-Méditerranée-Corse,FRD,FRD_COLR,218394,0340239,eau potable : Régie des eaux,13,0,377426,377426,0,1,1,1,Régie,Régie à autonomie financière,,2016-01-01 12:00am,,14,Non,,,Confirmé / publié,la collectivité,la collectivité,150453,GARRIGUES BASSES F1 NORD,034003498,,,0
034,81762,Montpellier Méditerranée Métropole,Métropole,243400017,,31,Oui,Rhône-Méditerranée-Corse,FRD,FRD_COLR,218394,0340239,eau potable : Régie des eaux,13,0,377426,377426,0,1,1,1,Régie,Régie à autonomie financière,,2016-01-01 12:00am,,14,Non,,,Confirmé / publié,la collectivité,la collectivité,150452,GARRIGUES BASSES F2 SUD,034003499,,,0
034,81762,Montpellier Méditerranée Métropole,Métropole,243400017,,31,Oui,Rhône-Méditerranée-Corse,FRD,FRD_COLR,218394,0340239,eau potable : Régie des eaux,13,0,377426,377426,0,1,1,1,Régie,Régie à autonomie financière,,2016-01-01 12:00am,,14,Non,,,Confirmé / publié,la collectivité,la collectivité,141095,LE CHATEAU,034000202,,80,118612
034,81762,Montpellier Méditerranée Métropole,Métropole,243400017,,31,Oui,Rhône-Méditerranée-Corse,FRD,FRD_COLR,218394,0340239,eau potable : Régie des eaux,13,0,377426,377426,0,1,1,1,Régie,Régie à autonomie financière,,2016-01-01 12:00am,,14,Non,,,Confirmé / publié,la collectivité,la collectivité,37694,LEZ,034001314,,80,35532560
034,81762,Montpellier Méditerranée Métropole,Métropole,243400017,,31,Oui,Rhône-Méditerranée-Corse,FRD,FRD_COLR,218394,0340239,eau potable : Régie des eaux,13,0,377426,377426,0,1,1,1,Régie,Régie à autonomie financière,,2016-01-01 12:00am,,14,Non,,,Confirmé / publié,la collectivité,la collectivité,150450,PIDOULE NORD F1,034001000,,80,0
034,81762,Montpellier Méditerranée Métropole,Métropole,243400017,,31,Oui,Rhône-Méditerranée-Corse,FRD,FRD_COLR,218394,0340239,eau potable : Régie des eaux,13,0,377426,377426,0,1,1,1,Régie,Régie à autonomie financière,,2016-01-01 12:00am,,14,Non,,,Confirmé / publié,la collectivité,la collectivité,150451,PIDOULE NORD F2,034004323,,80,0
034,81762,Montpellier Méditerranée Métropole,Métropole,243400017,,31,Oui,Rhône-Méditerranée-Corse,FRD,FRD_COLR,218394,0340239,eau potable : Régie des eaux,13,0,377426,377426,0,1,1,1,Régie,Régie à autonomie financière,,2016-01-01 12:00am,,14,Non,,,Confirmé / publié,la collectivité,la collectivité,141096,PRADAS,034000203,,80,166879
034,81762,Montpellier Méditerranée Métropole,Métropole,243400017,,31,Oui,Rhône-Méditerranée-Corse,FRD,FRD_COLR,218394,0340239,eau potable : Régie des eaux,13,0,377426,377426,0,1,1,1,Régie,Régie à autonomie financière,,2016-01-01 12:00am,,14,Non,,,Confirmé / publié,la collectivité,la collectivité,150458,SAINT BAUZILLE,034001128,,80,216567
034,81762,Montpellier Méditerranée Métropole,Métropole,243400017,,31,Oui,Rhône-Méditerranée-Corse,FRD,FRD_COLR,218394,0340239,eau potable : Régie des eaux,13,0,377426,377426,0,1,1,1,Régie,Régie à autonomie financière,,2016-01-01 12:00am,,14,Non,,,Confirmé / publié,la collectivité,la collectivité,150457,STADE EST,034001127,,80,71846
034,81762,Montpellier Méditerranée Métropole,Métropole,243400017,,31,Oui,Rhône-Méditerranée-Corse,FRD,FRD_COLR,218394,0340239,eau potable : Régie des eaux,13,0,377426,377426,0,1,1,1,Régie,Régie à autonomie financière,,2016-01-01 12:00am,,14,Non,,,Confirmé / publié,la collectivité,la collectivité,150456,STADE OUEST,034003503,,80,0
038,38618,Grenoble Alpes Métropole (LA METRO),Métropole,200040715,,52,Oui,Rhône-Méditerranée-Corse,FRD,FRD_ISER,215437,03800856,eau potable,51,0,456458,448291,0,1,1,1,Régie,Régie à autonomie financière,,2015-01-01 12:00am,,82,Non,,,Confirmé / publié,la collectivité,la collectivité,136435,Captage Pré Rivoire à la Tronche,038000294,,80,
038,38618,Grenoble Alpes Métropole (LA METRO),Métropole,200040715,,52,Oui,Rhône-Méditerranée-Corse,FRD,FRD_ISER,215437,03800856,eau potable,51,0,456458,448291,0,1,1,1,Régie,Régie à autonomie financière,,2015-01-01 12:00am,,82,Non,,,Confirmé / publié,la collectivité,la collectivité,136422,Captage de Bréduire à St Egrève,,,,
038,38618,Grenoble Alpes Métropole (LA METRO),Métropole,200040715,,52,Oui,Rhône-Méditerranée-Corse,FRD,FRD_ISER,215437,03800856,eau potable,51,0,456458,448291,0,1,1,1,Régie,Régie à autonomie financière,,2015-01-01 12:00am,,82,Non,,,Confirmé / publié,la collectivité,la collectivité,144855,Captage de Pré Grivel à Vizille,038000303,,80,
038,38618,Grenoble Alpes Métropole (LA METRO),Métropole,200040715,,52,Oui,Rhône-Méditerranée-Corse,FRD,FRD_ISER,215437,03800856,eau potable,51,0,456458,448291,0,1,1,1,Régie,Régie à autonomie financière,,2015-01-01 12:00am,,82,Non,,,Confirmé / publié,la collectivité,la collectivité,136421,Captage de Rif Tronchard à St Egrève,038000289,,50,
038,38618,Grenoble Alpes Métropole (LA METRO),Métropole,200040715,,52,Oui,Rhône-Méditerranée-Corse,FRD,FRD_ISER,215437,03800856,eau potable,51,0,456458,448291,0,1,1,1,Régie,Régie à autonomie financière,,2015-01-01 12:00am,,82,Non,,,Confirmé / publié,la collectivité,la collectivité,2042,Captage de Sarcenas,,,,
038,38618,Grenoble Alpes Métropole (LA METRO),Métropole,200040715,,52,Oui,Rhône-Méditerranée-Corse,FRD,FRD_ISER,215437,03800856,eau potable,51,0,456458,448291,0,1,1,1,Régie,Régie à autonomie financière,,2015-01-01 12:00am,,82,Non,,,Confirmé / publié,la collectivité,la collectivité,1535,Captage de Sert Girod à St Georges de Commiers,038000044,,40,
038,38618,Grenoble Alpes Métropole (LA METRO),Métropole,200040715,,52,Oui,Rhône-Méditerranée-Corse,FRD,FRD_ISER,215437,03800856,eau potable,51,0,456458,448291,0,1,1,1,Régie,Régie à autonomie financière,,2015-01-01 12:00am,,82,Non,,,Confirmé / publié,la collectivité,la collectivité,1534,Captage de la Beaume à St Georges de Commiers,038000045,,20,
038,38618,Grenoble Alpes Métropole (LA METRO),Métropole,200040715,,52,Oui,Rhône-Méditerranée-Corse,FRD,FRD_ISER,215437,03800856,eau potable,51,0,456458,448291,0,1,1,1,Régie,Régie à autonomie financière,,2015-01-01 12:00am,,82,Non,,,Confirmé / publié,la collectivité,la collectivité,1533,Captage des Chauvets à St Georges de Commiers,038000105,,40,
038,38618,Grenoble Alpes Métropole (LA METRO),Métropole,200040715,,52,Oui,Rhône-Méditerranée-Corse,FRD,FRD_ISER,215437,03800856,eau potable,51,0,456458,448291,0,1,1,1,Régie,Régie à autonomie financière,,2015-01-01 12:00am,,82,Non,,,Confirmé / publié,la collectivité,la collectivité,136419,Captage du Chatelard à St Egrève,,,,
038,38618,Grenoble Alpes Métropole (LA METRO),Métropole,200040715,,52,Oui,Rhône-Méditerranée-Corse,FRD,FRD_ISER,215437,03800856,eau potable,51,0,456458,448291,0,1,1,1,Régie,Régie à autonomie financière,,2015-01-01 12:00am,,82,Non,,,Confirmé / publié,la collectivité,la collectivité,144857,Forage de Jouchy 1 à Saint Pierre de Mésage,038000301,,,
038,38618,Grenoble Alpes Métropole (LA METRO),Métropole,200040715,,52,Oui,Rhône-Méditerranée-Corse,FRD,FRD_ISER,215437,03800856,eau potable,51,0,456458,448291,0,1,1,1,Régie,Régie à autonomie financière,,2015-01-01 12:00am,,82,Non,,,Confirmé / publié,la collectivité,la collectivité,144856,Forage de Jouchy 2 à Saint Pierre de mésage,038000302,,80,
038,38618,Grenoble Alpes Métropole (LA METRO),Métropole,200040715,,52,Oui,Rhône-Méditerranée-Corse,FRD,FRD_ISER,215437,03800856,eau potable,51,0,456458,448291,0,1,1,1,Régie,Régie à autonomie financière,,2015-01-01 12:00am,,82,Non,,,Confirmé / publié,la collectivité,la collectivité,136420,Forage des mails à St Egrève,038000288,,50,
038,38618,Grenoble Alpes Métropole (LA METRO),Métropole,200040715,,52,Oui,Rhône-Méditerranée-Corse,FRD,FRD_ISER,215437,03800856,eau potable,51,0,456458,448291,0,1,1,1,Régie,Régie à autonomie financière,,2015-01-01 12:00am,,82,Non,,,Confirmé / publié,la collectivité,la collectivité,1632,Ressource Colour au Sappey,038001176,,80,
038,38618,Grenoble Alpes Métropole (LA METRO),Métropole,200040715,,52,Oui,Rhône-Méditerranée-Corse,FRD,FRD_ISER,215437,03800856,eau potable,51,0,456458,448291,0,1,1,1,Régie,Régie à autonomie financière,,2015-01-01 12:00am,,82,Non,,,Confirmé / publié,la collectivité,la collectivité,1798,Ressource Rioux Guthin à St Paul de Varces,038001537,,80,
038,38618,Grenoble Alpes Métropole (LA METRO),Métropole,200040715,,52,Oui,Rhône-Méditerranée-Corse,FRD,FRD_ISER,215437,03800856,eau potable,51,0,456458,448291,0,1,1,1,Régie,Régie à autonomie financière,,2015-01-01 12:00am,,82,Non,,,Confirmé / publié,la collectivité,la collectivité,2273,Ressource de la Dhuy - droit d'eau de 25 l /s sur la source de la Dhuy à Domène,038000015,,80,
038,38618,Grenoble Alpes Métropole (LA METRO),Métropole,200040715,,52,Oui,Rhône-Méditerranée-Corse,FRD,FRD_ISER,215437,03800856,eau potable,51,0,456458,448291,0,1,1,1,Régie,Régie à autonomie financière,,2015-01-01 12:00am,,82,Non,,,Confirmé / publié,la collectivité,la collectivité,1993,captage Amodru à Domène,038000020,,80,
038,38618,Grenoble Alpes Métropole (LA METRO),Métropole,200040715,,52,Oui,Rhône-Méditerranée-Corse,FRD,FRD_ISER,215437,03800856,eau potable,51,0,456458,448291,0,1,1,1,Régie,Régie à autonomie financière,,2015-01-01 12:00am,,82,Non,,,Confirmé / publié,la collectivité,la collectivité,1610,captage Arthaud au haut Seyssins à Seyssins,038000810,,80,
038,38618,Grenoble Alpes Métropole (LA METRO),Métropole,200040715,,52,Oui,Rhône-Méditerranée-Corse,FRD,FRD_ISER,215437,03800856,eau potable,51,0,456458,448291,0,1,1,1,Régie,Régie à autonomie financière,,2015-01-01 12:00am,,82,Non,,,Confirmé / publié,la collectivité,la collectivité,1614,captage Buissonnière à Séchilienne,038000167,,,
038,38618,Grenoble Alpes Métropole (LA METRO),Métropole,200040715,,52,Oui,Rhône-Méditerranée-Corse,FRD,FRD_ISER,215437,03800856,eau potable,51,0,456458,448291,0,1,1,1,Régie,Régie à autonomie financière,,2015-01-01 12:00am,,82,Non,,,Confirmé / publié,la collectivité,la collectivité,1996,captage Chapuis à Domène,038000023,,80,
038,38618,Grenoble Alpes Métropole (LA METRO),Métropole,200040715,,52,Oui,Rhône-Méditerranée-Corse,FRD,FRD_ISER,215437,03800856,eau potable,51,0,456458,448291,0,1,1,1,Régie,Régie à autonomie financière,,2015-01-01 12:00am,,82,Non,,,Confirmé / publié,la collectivité,la collectivité,1609,captage Charbonneaux aux Côtes à Seyssins,038000811,,80,
038,38618,Grenoble Alpes Métropole (LA METRO),Métropole,200040715,,52,Oui,Rhône-Méditerranée-Corse,FRD,FRD_ISER,215437,03800856,eau potable,51,0,456458,448291,0,1,1,1,Régie,Régie à autonomie financière,,2015-01-01 12:00am,,82,Non,,,Confirmé / publié,la collectivité,la collectivité,2313,captage Chatelard au Gua (secours),038000496,,,
038,38618,Grenoble Alpes Métropole (LA METRO),Métropole,200040715,,52,Oui,Rhône-Méditerranée-Corse,FRD,FRD_ISER,215437,03800856,eau potable,51,0,456458,448291,0,1,1,1,Régie,Régie à autonomie financière,,2015-01-01 12:00am,,82,Non,,,Confirmé / publié,la collectivité,la collectivité,1843,captage Combe jardin à Claix,038001005,,80,
038,38618,Grenoble Alpes Métropole (LA METRO),Métropole,200040715,,52,Oui,Rhône-Méditerranée-Corse,FRD,FRD_ISER,215437,03800856,eau potable,51,0,456458,448291,0,1,1,1,Régie,Régie à autonomie financière,,2015-01-01 12:00am,,82,Non,,,Confirmé / publié,la collectivité,la collectivité,1580,captage Croz à Quaix,038001779,,40,
038,38618,Grenoble Alpes Métropole (LA METRO),Métropole,200040715,,52,Oui,Rhône-Méditerranée-Corse,FRD,FRD_ISER,215437,03800856,eau potable,51,0,456458,448291,0,1,1,1,Régie,Régie à autonomie financière,,2015-01-01 12:00am,,82,Non,,,Confirmé / publié,la collectivité,la collectivité,1995,captage Curt à Domène,038000021,,80,
038,38618,Grenoble Alpes Métropole (LA METRO),Métropole,200040715,,52,Oui,Rhône-Méditerranée-Corse,FRD,FRD_ISER,215437,03800856,eau potable,51,0,456458,448291,0,1,1,1,Régie,Régie à autonomie financière,,2015-01-01 12:00am,,82,Non,,,Confirmé / publié,la collectivité,la collectivité,1557,captage Eyrard à Noyarey,038001523,,40,
038,38618,Grenoble Alpes Métropole (LA METRO),Métropole,200040715,,52,Oui,Rhône-Méditerranée-Corse,FRD,FRD_ISER,215437,03800856,eau potable,51,0,456458,448291,0,1,1,1,Régie,Régie à autonomie financière,,2015-01-01 12:00am,,82,Non,,,Confirmé / publié,la collectivité,la collectivité,1999,captage Fontanette à Domène,038000017,,80,
038,38618,Grenoble Alpes Métropole (LA METRO),Métropole,200040715,,52,Oui,Rhône-Méditerranée-Corse,FRD,FRD_ISER,215437,03800856,eau potable,51,0,456458,448291,0,1,1,1,Régie,Régie à autonomie financière,,2015-01-01 12:00am,,82,Non,,,Confirmé / publié,la collectivité,la collectivité,1561,captage Fontanettes à Notre Dame de Commiers,038000039,,40,
038,38618,Grenoble Alpes Métropole (LA METRO),Métropole,200040715,,52,Oui,Rhône-Méditerranée-Corse,FRD,FRD_ISER,215437,03800856,eau potable,51,0,456458,448291,0,1,1,1,Régie,Régie à autonomie financière,,2015-01-01 12:00am,,82,Non,,,Confirmé / publié,la collectivité,la collectivité,2312,captage Félix Faure à Vif,038000501,,80,
038,38618,Grenoble Alpes Métropole (LA METRO),Métropole,200040715,,52,Oui,Rhône-Méditerranée-Corse,FRD,FRD_ISER,215437,03800856,eau potable,51,0,456458,448291,0,1,1,1,Régie,Régie à autonomie financière,,2015-01-01 12:00am,,82,Non,,,Confirmé / publié,la collectivité,la collectivité,1847,captage Garretière à Claix (non utilisé),038001003,,80,
038,38618,Grenoble Alpes Métropole (LA METRO),Métropole,200040715,,52,Oui,Rhône-Méditerranée-Corse,FRD,FRD_ISER,215437,03800856,eau potable,51,0,456458,448291,0,1,1,1,Régie,Régie à autonomie financière,,2015-01-01 12:00am,,82,Non,,,Confirmé / publié,la collectivité,la collectivité,1997,captage Giraud Carrier à Domène,038000022,,80,
038,38618,Grenoble Alpes Métropole (LA METRO),Métropole,200040715,,52,Oui,Rhône-Méditerranée-Corse,FRD,FRD_ISER,215437,03800856,eau potable,51,0,456458,448291,0,1,1,1,Régie,Régie à autonomie financière,,2015-01-01 12:00am,,82,Non,,,Confirmé / publié,la collectivité,la collectivité,1994,captage Grand à Domène,038000026,,80,
038,38618,Grenoble Alpes Métropole (LA METRO),Métropole,200040715,,52,Oui,Rhône-Méditerranée-Corse,FRD,FRD_ISER,215437,03800856,eau potable,51,0,456458,448291,0,1,1,1,Régie,Régie à autonomie financière,,2015-01-01 12:00am,,82,Non,,,Confirmé / publié,la collectivité,la collectivité,1616,captage Grands Pras à Séchilienne,038000147,,80,
038,38618,Grenoble Alpes Métropole (LA METRO),Métropole,200040715,,52,Oui,Rhône-Méditerranée-Corse,FRD,FRD_ISER,215437,03800856,eau potable,51,0,456458,448291,0,1,1,1,Régie,Régie à autonomie financière,,2015-01-01 12:00am,,82,Non,,,Confirmé / publié,la collectivité,la collectivité,1842,captage Jayère à Claix,038001002,,80,
038,38618,Grenoble Alpes Métropole (LA METRO),Métropole,200040715,,52,Oui,Rhône-Méditerranée-Corse,FRD,FRD_ISER,215437,03800856,eau potable,51,0,456458,448291,0,1,1,1,Régie,Régie à autonomie financière,,2015-01-01 12:00am,,82,Non,,,Confirmé / publié,la collectivité,la collectivité,2314,captage Jonier au Gua,038000495,,80,
038,38618,Grenoble Alpes Métropole (LA METRO),Métropole,200040715,,52,Oui,Rhône-Méditerranée-Corse,FRD,FRD_ISER,215437,03800856,eau potable,51,0,456458,448291,0,1,1,1,Régie,Régie à autonomie financière,,2015-01-01 12:00am,,82,Non,,,Confirmé / publié,la collectivité,la collectivité,2315,captage L'Echaillon au Gua,038000493,,80,
038,38618,Grenoble Alpes Métropole (LA METRO),Métropole,200040715,,52,Oui,Rhône-Méditerranée-Corse,FRD,FRD_ISER,215437,03800856,eau potable,51,0,456458,448291,0,1,1,1,Régie,Régie à autonomie financière,,2015-01-01 12:00am,,82,Non,,,Confirmé / publié,la collectivité,la collectivité,2311,captage La Merlière à Vif,038000498,,80,
038,38618,Grenoble Alpes Métropole (LA METRO),Métropole,200040715,,52,Oui,Rhône-Méditerranée-Corse,FRD,FRD_ISER,215437,03800856,eau potable,51,0,456458,448291,0,1,1,1,Régie,Régie à autonomie financière,,2015-01-01 12:00am,,82,Non,,,Confirmé / publié,la collectivité,la collectivité,2317,captage Les Clos au Gua (Rossets),038000494,,80,
038,38618,Grenoble Alpes Métropole (LA METRO),Métropole,200040715,,52,Oui,Rhône-Méditerranée-Corse,FRD,FRD_ISER,215437,03800856,eau potable,51,0,456458,448291,0,1,1,1,Régie,Régie à autonomie financière,,2015-01-01 12:00am,,82,Non,,,Confirmé / publié,la collectivité,la collectivité,2318,captage Les Sagnes à Miribel Lanchatre,038000497,,80,
038,38618,Grenoble Alpes Métropole (LA METRO),Métropole,200040715,,52,Oui,Rhône-Méditerranée-Corse,FRD,FRD_ISER,215437,03800856,eau potable,51,0,456458,448291,0,1,1,1,Régie,Régie à autonomie financière,,2015-01-01 12:00am,,82,Non,,,Confirmé / publié,la collectivité,la collectivité,144822,captage Luitel à Séchilienne,038002128,,,
038,38618,Grenoble Alpes Métropole (LA METRO),Métropole,200040715,,52,Oui,Rhône-Méditerranée-Corse,FRD,FRD_ISER,215437,03800856,eau potable,51,0,456458,448291,0,1,1,1,Régie,Régie à autonomie financière,,2015-01-01 12:00am,,82,Non,,,Confirmé / publié,la collectivité,la collectivité,1844,captage Maison Blanche à Claix,038001001,,80,
038,38618,Grenoble Alpes Métropole (LA METRO),Métropole,200040715,,52,Oui,Rhône-Méditerranée-Corse,FRD,FRD_ISER,215437,03800856,eau potable,51,0,456458,448291,0,1,1,1,Régie,Régie à autonomie financière,,2015-01-01 12:00am,,82,Non,,,Confirmé / publié,la collectivité,la collectivité,1611,captage Mathieu aux Côtes à Seyssins,038000813,,80,
038,38618,Grenoble Alpes Métropole (LA METRO),Métropole,200040715,,52,Oui,Rhône-Méditerranée-Corse,FRD,FRD_ISER,215437,03800856,eau potable,51,0,456458,448291,0,1,1,1,Régie,Régie à autonomie financière,,2015-01-01 12:00am,,82,Non,,,Confirmé / publié,la collectivité,la collectivité,1617,captage Mathieux à Séchilienne,038000149,,40,
038,38618,Grenoble Alpes Métropole (LA METRO),Métropole,200040715,,52,Oui,Rhône-Méditerranée-Corse,FRD,FRD_ISER,215437,03800856,eau potable,51,0,456458,448291,0,1,1,1,Régie,Régie à autonomie financière,,2015-01-01 12:00am,,82,Non,,,Confirmé / publié,la collectivité,la collectivité,1962,captage Mont St Martin à Mont St Martin,038001184,,80,
038,38618,Grenoble Alpes Métropole (LA METRO),Métropole,200040715,,52,Oui,Rhône-Méditerranée-Corse,FRD,FRD_ISER,215437,03800856,eau potable,51,0,456458,448291,0,1,1,1,Régie,Régie à autonomie financière,,2015-01-01 12:00am,,82,Non,,,Confirmé / publié,la collectivité,la collectivité,144824,captage Mont sec à Séchilienne (nouveau),038002126,,,
038,38618,Grenoble Alpes Métropole (LA METRO),Métropole,200040715,,52,Oui,Rhône-Méditerranée-Corse,FRD,FRD_ISER,215437,03800856,eau potable,51,0,456458,448291,0,1,1,1,Régie,Régie à autonomie financière,,2015-01-01 12:00am,,82,Non,,,Confirmé / publié,la collectivité,la collectivité,1586,captage Montenu à Proveyzieux,038001766,,80,
038,38618,Grenoble Alpes Métropole (LA METRO),Métropole,200040715,,52,Oui,Rhône-Méditerranée-Corse,FRD,FRD_ISER,215437,03800856,eau potable,51,0,456458,448291,0,1,1,1,Régie,Régie à autonomie financière,,2015-01-01 12:00am,,82,Non,,,Confirmé / publié,la collectivité,la collectivité,1627,captage Pinea à Sarcenas,038001769,,40,
038,38618,Grenoble Alpes Métropole (LA METRO),Métropole,200040715,,52,Oui,Rhône-Méditerranée-Corse,FRD,FRD_ISER,215437,03800856,eau potable,51,0,456458,448291,0,1,1,1,Régie,Régie à autonomie financière,,2015-01-01 12:00am,,82,Non,,,Confirmé / publié,la collectivité,la collectivité,144809,captage Planey à Domène,038000024,,80,
038,38618,Grenoble Alpes Métropole (LA METRO),Métropole,200040715,,52,Oui,Rhône-Méditerranée-Corse,FRD,FRD_ISER,215437,03800856,eau potable,51,0,456458,448291,0,1,1,1,Régie,Régie à autonomie financière,,2015-01-01 12:00am,,82,Non,,,Confirmé / publié,la collectivité,la collectivité,1848,captage Pont de claix à Claix,038001004,,80,
038,38618,Grenoble Alpes Métropole (LA METRO),Métropole,200040715,,52,Oui,Rhône-Méditerranée-Corse,FRD,FRD_ISER,215437,03800856,eau potable,51,0,456458,448291,0,1,1,1,Régie,Régie à autonomie financière,,2015-01-01 12:00am,,82,Non,,,Confirmé / publié,la collectivité,la collectivité,1608,captage Ruisseau aux Côtes à Seyssins,038000812,,80,
038,38618,Grenoble Alpes Métropole (LA METRO),Métropole,200040715,,52,Oui,Rhône-Méditerranée-Corse,FRD,FRD_ISER,215437,03800856,eau potable,51,0,456458,448291,0,1,1,1,Régie,Régie à autonomie financière,,2015-01-01 12:00am,,82,Non,,,Confirmé / publié,la collectivité,la collectivité,1845,captage Savoyère à Claix,038001006,,80,
038,38618,Grenoble Alpes Métropole (LA METRO),Métropole,200040715,,52,Oui,Rhône-Méditerranée-Corse,FRD,FRD_ISER,215437,03800856,eau potable,51,0,456458,448291,0,1,1,1,Régie,Régie à autonomie financière,,2015-01-01 12:00am,,82,Non,,,Confirmé / publié,la collectivité,la collectivité,2001,captage Solier à Domène,038000018,,80,
038,38618,Grenoble Alpes Métropole (LA METRO),Métropole,200040715,,52,Oui,Rhône-Méditerranée-Corse,FRD,FRD_ISER,215437,03800856,eau potable,51,0,456458,448291,0,1,1,1,Régie,Régie à autonomie financière,,2015-01-01 12:00am,,82,Non,,,Confirmé / publié,la collectivité,la collectivité,1622,captage Thiebauds à Séchilienne,038000148,,80,
038,38618,Grenoble Alpes Métropole (LA METRO),Métropole,200040715,,52,Oui,Rhône-Méditerranée-Corse,FRD,FRD_ISER,215437,03800856,eau potable,51,0,456458,448291,0,1,1,1,Régie,Régie à autonomie financière,,2015-01-01 12:00am,,82,Non,,,Confirmé / publié,la collectivité,la collectivité,1556,captage d'Ezy à Noyarey,,,,
038,38618,Grenoble Alpes Métropole (LA METRO),Métropole,200040715,,52,Oui,Rhône-Méditerranée-Corse,FRD,FRD_ISER,215437,03800856,eau potable,51,0,456458,448291,0,1,1,1,Régie,Régie à autonomie financière,,2015-01-01 12:00am,,82,Non,,,Confirmé / publié,la collectivité,la collectivité,1631,captage de Fontfroide au Sappey,038001174,,80,
038,38618,Grenoble Alpes Métropole (LA METRO),Métropole,200040715,,52,Oui,Rhône-Méditerranée-Corse,FRD,FRD_ISER,215437,03800856,eau potable,51,0,456458,448291,0,1,1,1,Régie,Régie à autonomie financière,,2015-01-01 12:00am,,82,Non,,,Confirmé / publié,la collectivité,la collectivité,1983,captage de Rochepleine ou du Rif Tronchard à st égrève,,,,
038,38618,Grenoble Alpes Métropole (LA METRO),Métropole,200040715,,52,Oui,Rhône-Méditerranée-Corse,FRD,FRD_ISER,215437,03800856,eau potable,51,0,456458,448291,0,1,1,1,Régie,Régie à autonomie financière,,2015-01-01 12:00am,,82,Non,,,Confirmé / publié,la collectivité,la collectivité,1501,captage de la Gorge à St Barthélémy de S,038000338,,80,
038,38618,Grenoble Alpes Métropole (LA METRO),Métropole,200040715,,52,Oui,Rhône-Méditerranée-Corse,FRD,FRD_ISER,215437,03800856,eau potable,51,0,456458,448291,0,1,1,1,Régie,Régie à autonomie financière,,2015-01-01 12:00am,,82,Non,,,Confirmé / publié,la collectivité,la collectivité,143212,captage des Arcelles à Seyssinet,038000404,,80,
038,38618,Grenoble Alpes Métropole (LA METRO),Métropole,200040715,,52,Oui,Rhône-Méditerranée-Corse,FRD,FRD_ISER,215437,03800856,eau potable,51,0,456458,448291,0,1,1,1,Régie,Régie à autonomie financière,,2015-01-01 12:00am,,82,Non,,,Confirmé / publié,la collectivité,la collectivité,1846,captage des Clots-Burdet à Claix (à voir),,,,
038,38618,Grenoble Alpes Métropole (LA METRO),Métropole,200040715,,52,Oui,Rhône-Méditerranée-Corse,FRD,FRD_ISER,215437,03800856,eau potable,51,0,456458,448291,0,1,1,1,Régie,Régie à autonomie financière,,2015-01-01 12:00am,,82,Non,,,Confirmé / publié,la collectivité,la collectivité,1506,captage des Garins à St Barthélémy de S,038000341,,80,
038,38618,Grenoble Alpes Métropole (LA METRO),Métropole,200040715,,52,Oui,Rhône-Méditerranée-Corse,FRD,FRD_ISER,215437,03800856,eau potable,51,0,456458,448291,0,1,1,1,Régie,Régie à autonomie financière,,2015-01-01 12:00am,,82,Non,,,Confirmé / publié,la collectivité,la collectivité,1799,captage des Guthins à St Paul de Varces,038007003,,80,
038,38618,Grenoble Alpes Métropole (LA METRO),Métropole,200040715,,52,Oui,Rhône-Méditerranée-Corse,FRD,FRD_ISER,215437,03800856,eau potable,51,0,456458,448291,0,1,1,1,Régie,Régie à autonomie financière,,2015-01-01 12:00am,,82,Non,,,Confirmé / publié,la collectivité,la collectivité,1797,captage des Mousses à St Paul de Varces,038001536,,80,
038,38618,Grenoble Alpes Métropole (LA METRO),Métropole,200040715,,52,Oui,Rhône-Méditerranée-Corse,FRD,FRD_ISER,215437,03800856,eau potable,51,0,456458,448291,0,1,1,1,Régie,Régie à autonomie financière,,2015-01-01 12:00am,,82,Non,,,Confirmé / publié,la collectivité,la collectivité,157550,captage des Plâtres 2 à St Barthélémy de S,038007776,,80,
038,38618,Grenoble Alpes Métropole (LA METRO),Métropole,200040715,,52,Oui,Rhône-Méditerranée-Corse,FRD,FRD_ISER,215437,03800856,eau potable,51,0,456458,448291,0,1,1,1,Régie,Régie à autonomie financière,,2015-01-01 12:00am,,82,Non,,,Confirmé / publié,la collectivité,la collectivité,1796,captage des Rioux à St Paul de Varces,,,,
038,38618,Grenoble Alpes Métropole (LA METRO),Métropole,200040715,,52,Oui,Rhône-Méditerranée-Corse,FRD,FRD_ISER,215437,03800856,eau potable,51,0,456458,448291,0,1,1,1,Régie,Régie à autonomie financière,,2015-01-01 12:00am,,82,Non,,,Confirmé / publié,la collectivité,la collectivité,157552,captage des Vignes à St Barthélémy de S,,,,
038,38618,Grenoble Alpes Métropole (LA METRO),Métropole,200040715,,52,Oui,Rhône-Méditerranée-Corse,FRD,FRD_ISER,215437,03800856,eau potable,51,0,456458,448291,0,1,1,1,Régie,Régie à autonomie financière,,2015-01-01 12:00am,,82,Non,,,Confirmé / publié,la collectivité,la collectivité,1633,captage du Ruisset au Sappey,038001175,,80,
038,38618,Grenoble Alpes Métropole (LA METRO),Métropole,200040715,,52,Oui,Rhône-Méditerranée-Corse,FRD,FRD_ISER,215437,03800856,eau potable,51,0,456458,448291,0,1,1,1,Régie,Régie à autonomie financière,,2015-01-01 12:00am,,82,Non,,,Confirmé / publié,la collectivité,la collectivité,1992,captage grand Gorge à Domène,038000019,,80,
038,38618,Grenoble Alpes Métropole (LA METRO),Métropole,200040715,,52,Oui,Rhône-Méditerranée-Corse,FRD,FRD_ISER,215437,03800856,eau potable,51,0,456458,448291,0,1,1,1,Régie,Régie à autonomie financière,,2015-01-01 12:00am,,82,Non,,,Confirmé / publié,la collectivité,la collectivité,1560,captage l'Oursière à Notre Dame de Commiers,038000038,,40,
038,38618,Grenoble Alpes Métropole (LA METRO),Métropole,200040715,,52,Oui,Rhône-Méditerranée-Corse,FRD,FRD_ISER,215437,03800856,eau potable,51,0,456458,448291,0,1,1,1,Régie,Régie à autonomie financière,,2015-01-01 12:00am,,82,Non,,,Confirmé / publié,la collectivité,la collectivité,1559,captage la Balme à Notre Dame de mésage,038001427,,40,
038,38618,Grenoble Alpes Métropole (LA METRO),Métropole,200040715,,52,Oui,Rhône-Méditerranée-Corse,FRD,FRD_ISER,215437,03800856,eau potable,51,0,456458,448291,0,1,1,1,Régie,Régie à autonomie financière,,2015-01-01 12:00am,,82,Non,,,Confirmé / publié,la collectivité,la collectivité,2431,captage la Gorge à Vaulnaveys le bas,038000052,,80,
038,38618,Grenoble Alpes Métropole (LA METRO),Métropole,200040715,,52,Oui,Rhône-Méditerranée-Corse,FRD,FRD_ISER,215437,03800856,eau potable,51,0,456458,448291,0,1,1,1,Régie,Régie à autonomie financière,,2015-01-01 12:00am,,82,Non,,,Confirmé / publié,la collectivité,la collectivité,144826,captage le Clos à Séchilienne,038000152,,,
038,38618,Grenoble Alpes Métropole (LA METRO),Métropole,200040715,,52,Oui,Rhône-Méditerranée-Corse,FRD,FRD_ISER,215437,03800856,eau potable,51,0,456458,448291,0,1,1,1,Régie,Régie à autonomie financière,,2015-01-01 12:00am,,82,Non,,,Confirmé / publié,la collectivité,la collectivité,2433,captage le Plâtre à Vaulnaveys le bas,038000053,,80,
038,38618,Grenoble Alpes Métropole (LA METRO),Métropole,200040715,,52,Oui,Rhône-Méditerranée-Corse,FRD,FRD_ISER,215437,03800856,eau potable,51,0,456458,448291,0,1,1,1,Régie,Régie à autonomie financière,,2015-01-01 12:00am,,82,Non,,,Confirmé / publié,la collectivité,la collectivité,144823,captage les Blancs à Séchilienne,038000146,,,
038,38618,Grenoble Alpes Métropole (LA METRO),Métropole,200040715,,52,Oui,Rhône-Méditerranée-Corse,FRD,FRD_ISER,215437,03800856,eau potable,51,0,456458,448291,0,1,1,1,Régie,Régie à autonomie financière,,2015-01-01 12:00am,,82,Non,,,Confirmé / publié,la collectivité,la collectivité,1623,captage les Clos beney à Séchilienne,038000150,,80,
038,38618,Grenoble Alpes Métropole (LA METRO),Métropole,200040715,,52,Oui,Rhône-Méditerranée-Corse,FRD,FRD_ISER,215437,03800856,eau potable,51,0,456458,448291,0,1,1,1,Régie,Régie à autonomie financière,,2015-01-01 12:00am,,82,Non,,,Confirmé / publié,la collectivité,la collectivité,144825,captage les Vignes à Séchilienne,038000145,,80,
038,38618,Grenoble Alpes Métropole (LA METRO),Métropole,200040715,,52,Oui,Rhône-Méditerranée-Corse,FRD,FRD_ISER,215437,03800856,eau potable,51,0,456458,448291,0,1,1,1,Régie,Régie à autonomie financière,,2015-01-01 12:00am,,82,Non,,,Confirmé / publié,la collectivité,la collectivité,1558,captages de St Jean à Noyarey,038001522,,40,
038,38618,Grenoble Alpes Métropole (LA METRO),Métropole,200040715,,52,Oui,Rhône-Méditerranée-Corse,FRD,FRD_ISER,215437,03800856,eau potable,51,0,456458,448291,0,1,1,1,Régie,Régie à autonomie financière,,2015-01-01 12:00am,,82,Non,,,Confirmé / publié,la collectivité,la collectivité,125001,forage de Notre Dame de Lachal à Varces,038001025,,,
038,38618,Grenoble Alpes Métropole (LA METRO),Métropole,200040715,,52,Oui,Rhône-Méditerranée-Corse,FRD,FRD_ISER,215437,03800856,eau potable,51,0,456458,448291,0,1,1,1,Régie,Régie à autonomie financière,,2015-01-01 12:00am,,82,Non,,,Confirmé / publié,la collectivité,la collectivité,2020,forage de Rochefort puits de Fontagneux Eaux de Grenoble,038000169,,80,
038,38618,Grenoble Alpes Métropole (LA METRO),Métropole,200040715,,52,Oui,Rhône-Méditerranée-Corse,FRD,FRD_ISER,215437,03800856,eau potable,51,0,456458,448291,0,1,1,1,Régie,Régie à autonomie financière,,2015-01-01 12:00am,,82,Non,,,Confirmé / publié,la collectivité,la collectivité,2022,forage de Rochefort puits de Rochefort Eaux de Grenoble,038000168,,80,
038,38618,Grenoble Alpes Métropole (LA METRO),Métropole,200040715,,52,Oui,Rhône-Méditerranée-Corse,FRD,FRD_ISER,215437,03800856,eau potable,51,0,456458,448291,0,1,1,1,Régie,Régie à autonomie financière,,2015-01-01 12:00am,,82,Non,,,Confirmé / publié,la collectivité,la collectivité,2021,forage de Rochefort puits de secours 1 Eaux de Grenoble,038000171,,80,
038,38618,Grenoble Alpes Métropole (LA METRO),Métropole,200040715,,52,Oui,Rhône-Méditerranée-Corse,FRD,FRD_ISER,215437,03800856,eau potable,51,0,456458,448291,0,1,1,1,Régie,Régie à autonomie financière,,2015-01-01 12:00am,,82,Non,,,Confirmé / publié,la collectivité,la collectivité,2019,forage de Rochefort puits de secours 2 Eaux de Grenoble,038000172,,80,
038,38618,Grenoble Alpes Métropole (LA METRO),Métropole,200040715,,52,Oui,Rhône-Méditerranée-Corse,FRD,FRD_ISER,215437,03800856,eau potable,51,0,456458,448291,0,1,1,1,Régie,Régie à autonomie financière,,2015-01-01 12:00am,,82,Non,,,Confirmé / publié,la collectivité,la collectivité,2018,forage de Rochefort puits des Mollots Eaux de Grenoble,038000170,,80,
038,38618,Grenoble Alpes Métropole (LA METRO),Métropole,200040715,,52,Oui,Rhône-Méditerranée-Corse,FRD,FRD_ISER,215437,03800856,eau potable,51,0,456458,448291,0,1,1,1,Régie,Régie à autonomie financière,,2015-01-01 12:00am,,82,Non,,,Confirmé / publié,la collectivité,la collectivité,2434,forage passe rivière à Vaulnaveys le bas,038000300,,80,
042,198243,SAINT-ETIENNE METROPOLE,Métropole,244200770,,53,Oui,Loire-Bretagne,FRG,FRG_ALA,80209,0420046,eau potable : Caloire,1,0,316,316,0,1,1,1,Délégation,Entreprise privée,VEOLIA,2013-01-01 12:00pm,2024-12-31 12:00pm,1,Non,,,Confirmé / publié,la collectivité,la collectivité,35811,Fonfroide,042000196,1516,80,1516
042,198243,SAINT-ETIENNE METROPOLE,Métropole,244200770,,53,Oui,Loire-Bretagne,FRG,FRG_ALA,80286,0420045,eau potable : Firminy,1,0,17135,17135,0,1,1,1,Régie,Régie à autonomie financière,,,,2,Non,,,Confirmé / publié,la collectivité,la collectivité,35931,Ressource Barrage de l' Echapre,042000192,2173154,40,
042,198243,SAINT-ETIENNE METROPOLE,Métropole,244200770,,53,Oui,Loire-Bretagne,FRG,FRG_ALA,80286,0420045,eau potable : Firminy,1,0,17135,17135,0,1,1,1,Régie,Régie à autonomie financière,,,,2,Non,,,Confirmé / publié,la collectivité,la collectivité,35932,Ressource Barrage de la Semène,042000193,0,60,
042,198243,SAINT-ETIENNE METROPOLE,Métropole,244200770,,53,Oui,Loire-Bretagne,FRG,FRG_ALA,80287,0420017,eau potable : Fontanès,1,0,678,678,0,1,1,1,Délégation,Entreprise privée,AQUALTER Exploitation,2018-01-01 12:00pm,2022-09-30 12:00pm,1,Non,,,Confirmé / publié,la collectivité,la collectivité,35934,Sources de Terre Plate,042000045,4220,80,4220
042,198243,SAINT-ETIENNE METROPOLE,Métropole,244200770,,53,Oui,Rhône-Méditerranée-Corse,FRD,FRD_RHON,80571,0420104,eau potable : La Valla en Gier,1,0,1042,1042,0,1,1,1,Régie,Régie à autonomie financière,,,,11,Non,,,Confirmé / publié,la collectivité,la collectivité,36456,Citrey bas,042000566,,80,
042,198243,SAINT-ETIENNE METROPOLE,Métropole,244200770,,53,Oui,Rhône-Méditerranée-Corse,FRD,FRD_RHON,80571,0420104,eau potable : La Valla en Gier,1,0,1042,1042,0,1,1,1,Régie,Régie à autonomie financière,,,,11,Non,,,Confirmé / publié,la collectivité,la collectivité,36461,Citrey haut A,042001421,,80,
042,198243,SAINT-ETIENNE METROPOLE,Métropole,244200770,,53,Oui,Rhône-Méditerranée-Corse,FRD,FRD_RHON,80571,0420104,eau potable : La Valla en Gier,1,0,1042,1042,0,1,1,1,Régie,Régie à autonomie financière,,,,11,Non,,,Confirmé / publié,la collectivité,la collectivité,141223,Citrey haut B,042000565,,60,
042,198243,SAINT-ETIENNE METROPOLE,Métropole,244200770,,53,Oui,Rhône-Méditerranée-Corse,FRD,FRD_RHON,80571,0420104,eau potable : La Valla en Gier,1,0,1042,1042,0,1,1,1,Régie,Régie à autonomie financière,,,,11,Non,,,Confirmé / publié,la collectivité,la collectivité,36453,Flurieux 1-43,042001349,,80,
042,198243,SAINT-ETIENNE METROPOLE,Métropole,244200770,,53,Oui,Rhône-Méditerranée-Corse,FRD,FRD_RHON,80571,0420104,eau potable : La Valla en Gier,1,0,1042,1042,0,1,1,1,Régie,Régie à autonomie financière,,,,11,Non,,,Confirmé / publié,la collectivité,la collectivité,36458,Flurieux 2-40,042001350,,80,
042,198243,SAINT-ETIENNE METROPOLE,Métropole,244200770,,53,Oui,Rhône-Méditerranée-Corse,FRD,FRD_RHON,80571,0420104,eau potable : La Valla en Gier,1,0,1042,1042,0,1,1,1,Régie,Régie à autonomie financière,,,,11,Non,,,Confirmé / publié,la collectivité,la collectivité,36459,Flurieux 3-41,042000559,,80,
042,198243,SAINT-ETIENNE METROPOLE,Métropole,244200770,,53,Oui,Rhône-Méditerranée-Corse,FRD,FRD_RHON,80571,0420104,eau potable : La Valla en Gier,1,0,1042,1042,0,1,1,1,Régie,Régie à autonomie financière,,,,11,Non,,,Confirmé / publié,la collectivité,la collectivité,36455,La Galetière,042000564,,80,
042,198243,SAINT-ETIENNE METROPOLE,Métropole,244200770,,53,Oui,Rhône-Méditerranée-Corse,FRD,FRD_RHON,80571,0420104,eau potable : La Valla en Gier,1,0,1042,1042,0,1,1,1,Régie,Régie à autonomie financière,,,,11,Non,,,Confirmé / publié,la collectivité,la collectivité,36460,Les Combes,042000560,,80,
042,198243,SAINT-ETIENNE METROPOLE,Métropole,244200770,,53,Oui,Rhône-Méditerranée-Corse,FRD,FRD_RHON,80571,0420104,eau potable : La Valla en Gier,1,0,1042,1042,0,1,1,1,Régie,Régie à autonomie financière,,,,11,Non,,,Confirmé / publié,la collectivité,la collectivité,36457,Les Mines,042000561,,40,
042,198243,SAINT-ETIENNE METROPOLE,Métropole,244200770,,53,Oui,Rhône-Méditerranée-Corse,FRD,FRD_RHON,80571,0420104,eau potable : La Valla en Gier,1,0,1042,1042,0,1,1,1,Régie,Régie à autonomie financière,,,,11,Non,,,Confirmé / publié,la collectivité,la collectivité,36454,Trois Heures,042001344,,40,
042,198243,SAINT-ETIENNE METROPOLE,Métropole,244200770,,53,Oui,Rhône-Méditerranée-Corse,FRD,FRD_RHON,80571,0420104,eau potable : La Valla en Gier,1,0,1042,1042,0,1,1,1,Régie,Régie à autonomie financière,,,,11,Non,,,Confirmé / publié,la collectivité,la collectivité,158161,les Biais,042002156,,80,
042,198243,SAINT-ETIENNE METROPOLE,Métropole,244200770,,53,Oui,Loire-Bretagne,FRG,FRG_ALA,80227,0420036,eau potable : Le Chambon Feugerolles,1,0,12317,12317,0,0,1,1,Régie,Régie à autonomie financière,,,,1,Non,,,Confirmé / publié,la collectivité,la collectivité,36661,Barrage du Cotatay,042000117,0,80,
042,198243,SAINT-ETIENNE METROPOLE,Métropole,244200770,,53,Oui,Loire-Bretagne,FRG,FRG_ALA,80337,0420094,eau potable : Marcenod,1,0,710,710,0,1,1,1,Régie,Régie à autonomie financière,,,,7,Non,,,Confirmé / publié,la collectivité,la collectivité,36021,Bonnard,042000506,,80,
042,198243,SAINT-ETIENNE METROPOLE,Métropole,244200770,,53,Oui,Loire-Bretagne,FRG,FRG_ALA,80337,0420094,eau potable : Marcenod,1,0,710,710,0,1,1,1,Régie,Régie à autonomie financière,,,,7,Non,,,Confirmé / publié,la collectivité,la collectivité,36017,Bruneton (1),042000510,,80,
042,198243,SAINT-ETIENNE METROPOLE,Métropole,244200770,,53,Oui,Loire-Bretagne,FRG,FRG_ALA,80337,0420094,eau potable : Marcenod,1,0,710,710,0,1,1,1,Régie,Régie à autonomie financière,,,,7,Non,,,Confirmé / publié,la collectivité,la collectivité,36016,Bruneton 2,042000509,,80,
042,198243,SAINT-ETIENNE METROPOLE,Métropole,244200770,,53,Oui,Loire-Bretagne,FRG,FRG_ALA,80337,0420094,eau potable : Marcenod,1,0,710,710,0,1,1,1,Régie,Régie à autonomie financière,,,,7,Non,,,Confirmé / publié,la collectivité,la collectivité,141191,Bruneton 3,042001141,,80,
042,198243,SAINT-ETIENNE METROPOLE,Métropole,244200770,,53,Oui,Loire-Bretagne,FRG,FRG_ALA,80337,0420094,eau potable : Marcenod,1,0,710,710,0,1,1,1,Régie,Régie à autonomie financière,,,,7,Non,,,Confirmé / publié,la collectivité,la collectivité,36020,Grôles inférieur,042000504,,80,
042,198243,SAINT-ETIENNE METROPOLE,Métropole,244200770,,53,Oui,Loire-Bretagne,FRG,FRG_ALA,80337,0420094,eau potable : Marcenod,1,0,710,710,0,1,1,1,Régie,Régie à autonomie financière,,,,7,Non,,,Confirmé / publié,la collectivité,la collectivité,36018,Grôles supérieur,042000505,,80,
042,198243,SAINT-ETIENNE METROPOLE,Métropole,244200770,,53,Oui,Loire-Bretagne,FRG,FRG_ALA,80337,0420094,eau potable : Marcenod,1,0,710,710,0,1,1,1,Régie,Régie à autonomie financière,,,,7,Non,,,Confirmé / publié,la collectivité,la collectivité,36019,Printemps 1,042000503,,80,
042,198243,SAINT-ETIENNE METROPOLE,Métropole,244200770,,53,Oui,Rhône-Méditerranée-Corse,FRD,FRD_RHON,80379,0420109,eau potable : Pavezin,1,0,354,354,0,1,1,1,Régie,Régie à autonomie financière,,,,5,Non,,,Confirmé / publié,la collectivité,la collectivité,36121,Col de Pavezin,042000631,,40,0
042,198243,SAINT-ETIENNE METROPOLE,Métropole,244200770,,53,Oui,Rhône-Méditerranée-Corse,FRD,FRD_RHON,80379,0420109,eau potable : Pavezin,1,0,354,354,0,1,1,1,Régie,Régie à autonomie financière,,,,5,Non,,,Confirmé / publié,la collectivité,la collectivité,36117,Crêt de la baronnette,042000627,,40,0
042,198243,SAINT-ETIENNE METROPOLE,Métropole,244200770,,53,Oui,Rhône-Méditerranée-Corse,FRD,FRD_RHON,80379,0420109,eau potable : Pavezin,1,0,354,354,0,1,1,1,Régie,Régie à autonomie financière,,,,5,Non,,,Confirmé / publié,la collectivité,la collectivité,36122,Fayardees,042000634,,40,0
042,198243,SAINT-ETIENNE METROPOLE,Métropole,244200770,,53,Oui,Rhône-Méditerranée-Corse,FRD,FRD_RHON,80379,0420109,eau potable : Pavezin,1,0,354,354,0,1,1,1,Régie,Régie à autonomie financière,,,,5,Non,,,Confirmé / publié,la collectivité,la collectivité,36118,Pinatey,042000633,,40,0
042,198243,SAINT-ETIENNE METROPOLE,Métropole,244200770,,53,Oui,Rhône-Méditerranée-Corse,FRD,FRD_RHON,80379,0420109,eau potable : Pavezin,1,0,354,354,0,1,1,1,Régie,Régie à autonomie financière,,,,5,Non,,,Confirmé / publié,la collectivité,la collectivité,36120,Réservoir,042000628,,40,0
042,198243,SAINT-ETIENNE METROPOLE,Métropole,244200770,,53,Oui,Rhône-Méditerranée-Corse,FRD,FRD_RHON,80400,0420007,eau potable : Rive de Gier,1,0,15184,15184,0,1,1,1,Régie,Entreprise privée,Stéphanoise des Eau,,2024-12-31 12:00pm,1,Non,,,Confirmé / publié,la collectivité,la collectivité,36152,Barrage du Couzon,042000019,1130458,60,
042,198243,SAINT-ETIENNE METROPOLE,Métropole,244200770,,53,Oui,Loire-Bretagne,FRG,FRG_ALA,80438,0420067,eau potable : Saint Etienne,2,0,174044,174044,0,1,1,1,Délégation,Entreprise privée,,1992-10-01 11:00am,2022-09-30 12:00pm,7,Non,,,Confirmé / publié,la collectivité,la collectivité,36236,Aqueduc Rochetaillée,042000317,,80,
042,198243,SAINT-ETIENNE METROPOLE,Métropole,244200770,,53,Oui,Loire-Bretagne,FRG,FRG_ALA,80438,0420067,eau potable : Saint Etienne,2,0,174044,174044,0,1,1,1,Délégation,Entreprise privée,,1992-10-01 11:00am,2022-09-30 12:00pm,7,Non,,,Confirmé / publié,la collectivité,la collectivité,36234,Barrage de Lavalette (Lapte hors Loire),042000309,,80,
042,198243,SAINT-ETIENNE METROPOLE,Métropole,244200770,,53,Oui,Loire-Bretagne,FRG,FRG_ALA,80438,0420067,eau potable : Saint Etienne,2,0,174044,174044,0,1,1,1,Délégation,Entreprise privée,,1992-10-01 11:00am,2022-09-30 12:00pm,7,Non,,,Confirmé / publié,la collectivité,la collectivité,36232,Barrage du Gouffre d'Enfer,042000310,,80,
042,198243,SAINT-ETIENNE METROPOLE,Métropole,244200770,,53,Oui,Loire-Bretagne,FRG,FRG_ALA,80438,0420067,eau potable : Saint Etienne,2,0,174044,174044,0,1,1,1,Délégation,Entreprise privée,,1992-10-01 11:00am,2022-09-30 12:00pm,7,Non,,,Confirmé / publié,la collectivité,la collectivité,36233,Barrage du Pas de Riot,042000308,,80,
042,198243,SAINT-ETIENNE METROPOLE,Métropole,244200770,,53,Oui,Loire-Bretagne,FRG,FRG_ALA,80438,0420067,eau potable : Saint Etienne,2,0,174044,174044,0,1,1,1,Délégation,Entreprise privée,,1992-10-01 11:00am,2022-09-30 12:00pm,7,Non,,,Confirmé / publié,la collectivité,la collectivité,36237,Essertines Rochetaillée,042002146,,80,
042,198243,SAINT-ETIENNE METROPOLE,Métropole,244200770,,53,Oui,Loire-Bretagne,FRG,FRG_ALA,80438,0420067,eau potable : Saint Etienne,2,0,174044,174044,0,1,1,1,Délégation,Entreprise privée,,1992-10-01 11:00am,2022-09-30 12:00pm,7,Non,,,Confirmé / publié,la collectivité,la collectivité,36235,Fontmorat Rochetaillée,042002143,,80,
042,198243,SAINT-ETIENNE METROPOLE,Métropole,244200770,,53,Oui,Loire-Bretagne,FRG,FRG_ALA,80438,0420067,eau potable : Saint Etienne,2,0,174044,174044,0,1,1,1,Délégation,Entreprise privée,,1992-10-01 11:00am,2022-09-30 12:00pm,7,Non,,,Confirmé / publié,la collectivité,la collectivité,36238,Salvaris Rochetaillée,042002149,,80,
042,198243,SAINT-ETIENNE METROPOLE,Métropole,244200770,,53,Oui,Loire-Bretagne,FRG,FRG_ALA,80459,0420144,eau potable : Saint Héand,1,0,3592,3592,0,1,1,1,Délégation,Entreprise privée,AQUALTER Exploitation,2018-01-01 12:00pm,2022-09-30 12:00pm,4,Non,,,Confirmé / publié,la collectivité,la collectivité,36265,Bois Sonnier 1,042000876,,40,
042,198243,SAINT-ETIENNE METROPOLE,Métropole,244200770,,53,Oui,Loire-Bretagne,FRG,FRG_ALA,80459,0420144,eau potable : Saint Héand,1,0,3592,3592,0,1,1,1,Délégation,Entreprise privée,AQUALTER Exploitation,2018-01-01 12:00pm,2022-09-30 12:00pm,4,Non,,,Confirmé / publié,la collectivité,la collectivité,36264,Bois Sonnier 2,042000877,,40,
042,198243,SAINT-ETIENNE METROPOLE,Métropole,244200770,,53,Oui,Loire-Bretagne,FRG,FRG_ALA,80459,0420144,eau potable : Saint Héand,1,0,3592,3592,0,1,1,1,Délégation,Entreprise privée,AQUALTER Exploitation,2018-01-01 12:00pm,2022-09-30 12:00pm,4,Non,,,Confirmé / publié,la collectivité,la collectivité,36263,Bois Sonnier 3,042000878,,40,
042,198243,SAINT-ETIENNE METROPOLE,Métropole,244200770,,53,Oui,Loire-Bretagne,FRG,FRG_ALA,80459,0420144,eau potable : Saint Héand,1,0,3592,3592,0,1,1,1,Délégation,Entreprise privée,AQUALTER Exploitation,2018-01-01 12:00pm,2022-09-30 12:00pm,4,Non,,,Confirmé / publié,la collectivité,la collectivité,36262,les Flaches,042000874,,,
042,198243,SAINT-ETIENNE METROPOLE,Métropole,244200770,,53,Oui,Rhône-Méditerranée-Corse,FRD,FRD_RHON,80656,0420039,eau potable : Saint-Chamond-L'Horme,2,0,39757,39757,0,1,1,1,Délégation,Entreprise privée,VEOLIA,2017-01-01 12:00pm,2029-06-30 12:00pm,2,Non,,,Confirmé / publié,la collectivité,la collectivité,36666,Barrage de La Rive,042001173,,60,
042,198243,SAINT-ETIENNE METROPOLE,Métropole,244200770,,53,Oui,Rhône-Méditerranée-Corse,FRD,FRD_RHON,80656,0420039,eau potable : Saint-Chamond-L'Horme,2,0,39757,39757,0,1,1,1,Délégation,Entreprise privée,VEOLIA,2017-01-01 12:00pm,2029-06-30 12:00pm,2,Non,,,Confirmé / publié,la collectivité,la collectivité,36664,Barrage de Soulages,042000126,,60,
042,198243,SAINT-ETIENNE METROPOLE,Métropole,244200770,,53,Oui,Rhône-Méditerranée-Corse,FRD,FRD_RHON,80427,0420115,eau potable : Sainte Croix en Jarez,1,0,478,478,0,1,1,1,Régie,Régie à autonomie financière,,,,1,Non,,,Confirmé / publié,la collectivité,la collectivité,36219,Minette,042000662,26840,80,
076,92876,METROPOLE ROUEN NORMANDIE (MRN),Métropole,200023414,,71,Oui,Seine-Normandie,FRH,FRH_SEAV,306174,,eau potable,71,0,489844,489844,0,1,1,1,Régie,Régie simple,,,,49,Non,,,Confirmé / publié,la collectivité,la collectivité,147527,CAP BARDOUVILLE,076000012,43456,60,43982
076,92876,METROPOLE ROUEN NORMANDIE (MRN),Métropole,200023414,,71,Oui,Seine-Normandie,FRH,FRH_SEAV,306174,,eau potable,71,0,489844,489844,0,1,1,1,Régie,Régie simple,,,,49,Non,,,Confirmé / publié,la collectivité,la collectivité,45551,CAP DARNETAL (VILLAGE),076000055,557220,60,557220
076,92876,METROPOLE ROUEN NORMANDIE (MRN),Métropole,200023414,,71,Oui,Seine-Normandie,FRH,FRH_SEAV,306174,,eau potable,71,0,489844,489844,0,1,1,1,Régie,Régie simple,,,,49,Non,,,Confirmé / publié,la collectivité,la collectivité,45548,CAP DARNETAL CARVILLE NOUVEAU S2,076000057,880245,60,940126
076,92876,METROPOLE ROUEN NORMANDIE (MRN),Métropole,200023414,,71,Oui,Seine-Normandie,FRH,FRH_SEAV,306174,,eau potable,71,0,489844,489844,0,1,1,1,Régie,Régie simple,,,,49,Non,,,Confirmé / publié,la collectivité,la collectivité,45547,CAP DARNETAL ST-JACQUES ANCIEN S1,076000056,0,0,0
076,92876,METROPOLE ROUEN NORMANDIE (MRN),Métropole,200023414,,71,Oui,Seine-Normandie,FRH,FRH_SEAV,306174,,eau potable,71,0,489844,489844,0,1,1,1,Régie,Régie simple,,,,49,Non,,,Confirmé / publié,la collectivité,la collectivité,145453,CAP DOUVILLE-SUR-ANDELLE GDE AULNAIE,000001685,683957,60,683957
076,92876,METROPOLE ROUEN NORMANDIE (MRN),Métropole,200023414,,71,Oui,Seine-Normandie,FRH,FRH_SEAV,306174,,eau potable,71,0,489844,489844,0,1,1,1,Régie,Régie simple,,,,49,Non,,,Confirmé / publié,la collectivité,la collectivité,45095,CAP DUCLAIR LE CHINOIS,076000060,493372,60,494554
076,92876,METROPOLE ROUEN NORMANDIE (MRN),Métropole,200023414,,71,Oui,Seine-Normandie,FRH,FRH_SEAV,306174,,eau potable,71,0,489844,489844,0,1,1,1,Régie,Régie simple,,,,49,Non,,,Confirmé / publié,la collectivité,la collectivité,45526,CAP ELBEUF FOR LES ECAMEAUX,076001503,35975,60,40435
076,92876,METROPOLE ROUEN NORMANDIE (MRN),Métropole,200023414,,71,Oui,Seine-Normandie,FRH,FRH_SEAV,306174,,eau potable,71,0,489844,489844,0,1,1,1,Régie,Régie simple,,,,49,Non,,,Confirmé / publié,la collectivité,la collectivité,45544,CAP FONTAINE S.DES CRESSONIERES,076000090,4749054,60,5301453
076,92876,METROPOLE ROUEN NORMANDIE (MRN),Métropole,200023414,,71,Oui,Seine-Normandie,FRH,FRH_SEAV,306174,,eau potable,71,0,489844,489844,0,1,1,1,Régie,Régie simple,,,,49,Non,,,Confirmé / publié,la collectivité,la collectivité,45549,CAP FONTAINE SOURCE IF,076000091,30144,60,31246
076,92876,METROPOLE ROUEN NORMANDIE (MRN),Métropole,200023414,,71,Oui,Seine-Normandie,FRH,FRH_SEAV,306174,,eau potable,71,0,489844,489844,0,1,1,1,Régie,Régie simple,,,,49,Non,,,Confirmé / publié,la collectivité,la collectivité,45550,CAP FONTAINE SOURCE LEFRANCOIS,076000092,0,0,0
076,92876,METROPOLE ROUEN NORMANDIE (MRN),Métropole,200023414,,71,Oui,Seine-Normandie,FRH,FRH_SEAV,306174,,eau potable,71,0,489844,489844,0,1,1,1,Régie,Régie simple,,,,49,Non,,,Confirmé / publié,la collectivité,la collectivité,147521,CAP JUMIEGES ROUTE DE LA CHAPELLE,076000133,54507,60,54945
076,92876,METROPOLE ROUEN NORMANDIE (MRN),Métropole,200023414,,71,Oui,Seine-Normandie,FRH,FRH_SEAV,306174,,eau potable,71,0,489844,489844,0,1,1,1,Régie,Régie simple,,,,49,Non,,,Confirmé / publié,la collectivité,la collectivité,45615,CAP LE TRAIT NEUVILLE (LA),076000294,346285,60,346650
076,92876,METROPOLE ROUEN NORMANDIE (MRN),Métropole,200023414,,71,Oui,Seine-Normandie,FRH,FRH_SEAV,306174,,eau potable,71,0,489844,489844,0,1,1,1,Régie,Régie simple,,,,49,Non,,,Confirmé / publié,la collectivité,la collectivité,45500,CAP MAROMME FORAGE F1,076000143,3372619,60,3513635
076,92876,METROPOLE ROUEN NORMANDIE (MRN),Métropole,200023414,,71,Oui,Seine-Normandie,FRH,FRH_SEAV,306174,,eau potable,71,0,489844,489844,0,1,1,1,Régie,Régie simple,,,,49,Non,,,Confirmé / publié,la collectivité,la collectivité,45505,CAP MAROMME FORAGE F2,076000149,0,0,0
076,92876,METROPOLE ROUEN NORMANDIE (MRN),Métropole,200023414,,71,Oui,Seine-Normandie,FRH,FRH_SEAV,306174,,eau potable,71,0,489844,489844,0,1,1,1,Régie,Régie simple,,,,49,Non,,,Confirmé / publié,la collectivité,la collectivité,45506,CAP MAROMME FORAGE F3,000000150,0,0,0
076,92876,METROPOLE ROUEN NORMANDIE (MRN),Métropole,200023414,,71,Oui,Seine-Normandie,FRH,FRH_SEAV,306174,,eau potable,71,0,489844,489844,0,1,1,1,Régie,Régie simple,,,,49,Non,,,Confirmé / publié,la collectivité,la collectivité,45507,CAP MAROMME SOURCE A,076000148,0,0,0
076,92876,METROPOLE ROUEN NORMANDIE (MRN),Métropole,200023414,,71,Oui,Seine-Normandie,FRH,FRH_SEAV,306174,,eau potable,71,0,489844,489844,0,1,1,1,Régie,Régie simple,,,,49,Non,,,Confirmé / publié,la collectivité,la collectivité,45508,CAP MAROMME SOURCE B,076000147,0,0,0
076,92876,METROPOLE ROUEN NORMANDIE (MRN),Métropole,200023414,,71,Oui,Seine-Normandie,FRH,FRH_SEAV,306174,,eau potable,71,0,489844,489844,0,1,1,1,Régie,Régie simple,,,,49,Non,,,Confirmé / publié,la collectivité,la collectivité,45509,CAP MAROMME SOURCE C,076000145,0,0,0
076,92876,METROPOLE ROUEN NORMANDIE (MRN),Métropole,200023414,,71,Oui,Seine-Normandie,FRH,FRH_SEAV,306174,,eau potable,71,0,489844,489844,0,1,1,1,Régie,Régie simple,,,,49,Non,,,Confirmé / publié,la collectivité,la collectivité,45501,CAP MAROMME SOURCE D-E,076000146,0,0,0
076,92876,METROPOLE ROUEN NORMANDIE (MRN),Métropole,200023414,,71,Oui,Seine-Normandie,FRH,FRH_SEAV,306174,,eau potable,71,0,489844,489844,0,1,1,1,Régie,Régie simple,,,,49,Non,,,Confirmé / publié,la collectivité,la collectivité,45502,CAP MAROMME SOURCE F,076000144,0,0,0
076,92876,METROPOLE ROUEN NORMANDIE (MRN),Métropole,200023414,,71,Oui,Seine-Normandie,FRH,FRH_SEAV,306174,,eau potable,71,0,489844,489844,0,1,1,1,Régie,Régie simple,,,,49,Non,,,Confirmé / publié,la collectivité,la collectivité,45546,CAP MOULINEAUX FOR INNOCENT F1,076000173,4324070,60,4584538
076,92876,METROPOLE ROUEN NORMANDIE (MRN),Métropole,200023414,,71,Oui,Seine-Normandie,FRH,FRH_SEAV,306174,,eau potable,71,0,489844,489844,0,1,1,1,Régie,Régie simple,,,,49,Non,,,Confirmé / publié,la collectivité,la collectivité,45545,CAP MOULINEAUX FOR MOULIN F2,076000174,0,0,0
076,92876,METROPOLE ROUEN NORMANDIE (MRN),Métropole,200023414,,71,Oui,Seine-Normandie,FRH,FRH_SEAV,306174,,eau potable,71,0,489844,489844,0,1,1,1,Régie,Régie simple,,,,49,Non,,,Confirmé / publié,la collectivité,la collectivité,45511,CAP OISSEL CATELIER (LE),076000189,254455,60,255087
076,92876,METROPOLE ROUEN NORMANDIE (MRN),Métropole,200023414,,71,Oui,Seine-Normandie,FRH,FRH_SEAV,306174,,eau potable,71,0,489844,489844,0,1,1,1,Régie,Régie simple,,,,49,Non,,,Confirmé / publié,la collectivité,la collectivité,45512,CAP OISSEL PERREUSE (LA),076000192,426398,60,427030
076,92876,METROPOLE ROUEN NORMANDIE (MRN),Métropole,200023414,,71,Oui,Seine-Normandie,FRH,FRH_SEAV,306174,,eau potable,71,0,489844,489844,0,1,1,1,Régie,Régie simple,,,,49,Non,,,Confirmé / publié,la collectivité,la collectivité,45528,CAP ORIVAL F1,076001499,0,0,0
076,92876,METROPOLE ROUEN NORMANDIE (MRN),Métropole,200023414,,71,Oui,Seine-Normandie,FRH,FRH_SEAV,306174,,eau potable,71,0,489844,489844,0,1,1,1,Régie,Régie simple,,,,49,Non,,,Confirmé / publié,la collectivité,la collectivité,45527,CAP ORIVAL F2,076001500,1576465,60,1576465
076,92876,METROPOLE ROUEN NORMANDIE (MRN),Métropole,200023414,,71,Oui,Seine-Normandie,FRH,FRH_SEAV,306174,,eau potable,71,0,489844,489844,0,1,1,1,Régie,Régie simple,,,,49,Non,,,Confirmé / publié,la collectivité,la collectivité,147528,CAP QUEVILLON F2 1973,076000206,340510,60,340510
076,92876,METROPOLE ROUEN NORMANDIE (MRN),Métropole,200023414,,71,Oui,Seine-Normandie,FRH,FRH_SEAV,306174,,eau potable,71,0,489844,489844,0,1,1,1,Régie,Régie simple,,,,49,Non,,,Confirmé / publié,la collectivité,la collectivité,45595,CAP RADEPONT,000001364,163521,60,163521
076,92876,METROPOLE ROUEN NORMANDIE (MRN),Métropole,200023414,,71,Oui,Seine-Normandie,FRH,FRH_SEAV,306174,,eau potable,71,0,489844,489844,0,1,1,1,Régie,Régie simple,,,,49,Non,,,Confirmé / publié,la collectivité,la collectivité,45596,CAP RADEPONT PETITE AULNAIE,000002325,155878,80,155878
076,92876,METROPOLE ROUEN NORMANDIE (MRN),Métropole,200023414,,71,Oui,Seine-Normandie,FRH,FRH_SEAV,306174,,eau potable,71,0,489844,489844,0,1,1,1,Régie,Régie simple,,,,49,Non,,,Confirmé / publié,la collectivité,la collectivité,45598,CAP ST-AUBIN HAMEAU D'EPINAY BS,076000219,114399,60,114399
076,92876,METROPOLE ROUEN NORMANDIE (MRN),Métropole,200023414,,71,Oui,Seine-Normandie,FRH,FRH_SEAV,306174,,eau potable,71,0,489844,489844,0,1,1,1,Régie,Régie simple,,,,49,Non,,,Confirmé / publié,la collectivité,la collectivité,45594,CAP ST-AUBIN HAMEAU D'EPINAY HS,076000220,216029,60,216029
076,92876,METROPOLE ROUEN NORMANDIE (MRN),Métropole,200023414,,71,Oui,Seine-Normandie,FRH,FRH_SEAV,306174,,eau potable,71,0,489844,489844,0,1,1,1,Régie,Régie simple,,,,49,Non,,,Confirmé / publié,la collectivité,la collectivité,45522,CAP ST-AUBIN LES ELBEUF F1 1926,076000222,793349,60,793349
076,92876,METROPOLE ROUEN NORMANDIE (MRN),Métropole,200023414,,71,Oui,Seine-Normandie,FRH,FRH_SEAV,306174,,eau potable,71,0,489844,489844,0,1,1,1,Régie,Régie simple,,,,49,Non,,,Confirmé / publié,la collectivité,la collectivité,45523,CAP ST-AUBIN LES ELBEUF F2 1949,076000223,0,0,0
076,92876,METROPOLE ROUEN NORMANDIE (MRN),Métropole,200023414,,71,Oui,Seine-Normandie,FRH,FRH_SEAV,306174,,eau potable,71,0,489844,489844,0,1,1,1,Régie,Régie simple,,,,49,Non,,,Confirmé / publié,la collectivité,la collectivité,45597,CAP ST-AUBIN LONGUES RAIES (LES),076000221,67031,60,71731
076,92876,METROPOLE ROUEN NORMANDIE (MRN),Métropole,200023414,,71,Oui,Seine-Normandie,FRH,FRH_SEAV,306174,,eau potable,71,0,489844,489844,0,1,1,1,Régie,Régie simple,,,,49,Non,,,Confirmé / publié,la collectivité,la collectivité,45553,CAP ST-ETIENNE CHAPELLE (LA) F1,076000230,7601481,60,7845827
076,92876,METROPOLE ROUEN NORMANDIE (MRN),Métropole,200023414,,71,Oui,Seine-Normandie,FRH,FRH_SEAV,306174,,eau potable,71,0,489844,489844,0,1,1,1,Régie,Régie simple,,,,49,Non,,,Confirmé / publié,la collectivité,la collectivité,45554,CAP ST-ETIENNE CHAPELLE (LA) F2,076000231,0,0,0
076,92876,METROPOLE ROUEN NORMANDIE (MRN),Métropole,200023414,,71,Oui,Seine-Normandie,FRH,FRH_SEAV,306174,,eau potable,71,0,489844,489844,0,1,1,1,Régie,Régie simple,,,,49,Non,,,Confirmé / publié,la collectivité,la collectivité,45552,CAP ST-ETIENNE CHAPELLE (LA) F3,076000232,0,0,0
076,92876,METROPOLE ROUEN NORMANDIE (MRN),Métropole,200023414,,71,Oui,Seine-Normandie,FRH,FRH_SEAV,306174,,eau potable,71,0,489844,489844,0,1,1,1,Régie,Régie simple,,,,49,Non,,,Confirmé / publié,la collectivité,la collectivité,45513,CAP ST-LEGER VIEUX-CHATEAU F2,076000257,0,60,7536
076,92876,METROPOLE ROUEN NORMANDIE (MRN),Métropole,200023414,,71,Oui,Seine-Normandie,FRH,FRH_SEAV,306174,,eau potable,71,0,489844,489844,0,1,1,1,Régie,Régie simple,,,,49,Non,,,Confirmé / publié,la collectivité,la collectivité,45524,CAP ST-PIERRE FOR L'OISON,076000273,289678,60,289678
076,92876,METROPOLE ROUEN NORMANDIE (MRN),Métropole,200023414,,71,Oui,Seine-Normandie,FRH,FRH_SEAV,306174,,eau potable,71,0,489844,489844,0,1,1,1,Régie,Régie simple,,,,49,Non,,,Confirmé / publié,la collectivité,la collectivité,45525,CAP ST-PIERRE VALLON DE LA FIEFFE,076000274,110887,60,110887
076,92876,METROPOLE ROUEN NORMANDIE (MRN),Métropole,200023414,,71,Oui,Seine-Normandie,FRH,FRH_SEAV,306174,,eau potable,71,0,489844,489844,0,1,1,1,Régie,Régie simple,,,,49,Non,,,Confirmé / publié,la collectivité,la collectivité,45496,CAP VAL-DE-LA-HAYE,076000295,181128,60,181128
076,92876,METROPOLE ROUEN NORMANDIE (MRN),Métropole,200023414,,71,Oui,Seine-Normandie,FRH,FRH_SEAV,306174,,eau potable,71,0,489844,489844,0,1,1,1,Régie,Régie simple,,,,49,Non,,,Confirmé / publié,la collectivité,la collectivité,45503,CAP VALLEE-DU-CAILLY F10,076000081,3651008,60,3745425
076,92876,METROPOLE ROUEN NORMANDIE (MRN),Métropole,200023414,,71,Oui,Seine-Normandie,FRH,FRH_SEAV,306174,,eau potable,71,0,489844,489844,0,1,1,1,Régie,Régie simple,,,,49,Non,,,Confirmé / publié,la collectivité,la collectivité,45510,CAP VALLEE-DU-CAILLY F11,076000082,0,0,0
076,92876,METROPOLE ROUEN NORMANDIE (MRN),Métropole,200023414,,71,Oui,Seine-Normandie,FRH,FRH_SEAV,306174,,eau potable,71,0,489844,489844,0,1,1,1,Régie,Régie simple,,,,49,Non,,,Confirmé / publié,la collectivité,la collectivité,45499,CAP VALLEE-DU-CAILLY F12,076000084,0,0,0
076,92876,METROPOLE ROUEN NORMANDIE (MRN),Métropole,200023414,,71,Oui,Seine-Normandie,FRH,FRH_SEAV,306174,,eau potable,71,0,489844,489844,0,1,1,1,Régie,Régie simple,,,,49,Non,,,Confirmé / publié,la collectivité,la collectivité,45504,CAP VALLEE-DU-CAILLY F13,076000083,0,0,0
076,92876,METROPOLE ROUEN NORMANDIE (MRN),Métropole,200023414,,71,Oui,Seine-Normandie,FRH,FRH_SEAV,306174,,eau potable,71,0,489844,489844,0,1,1,1,Régie,Régie simple,,,,49,Non,,,Confirmé / publié,la collectivité,la collectivité,45498,CAP VALLEE-DU-CAILLY F7,076000089,0,0,0
076,92876,METROPOLE ROUEN NORMANDIE (MRN),Métropole,200023414,,71,Oui,Seine-Normandie,FRH,FRH_SEAV,306174,,eau potable,71,0,489844,489844,0,1,1,1,Régie,Régie simple,,,,49,Non,,,Confirmé / publié,la collectivité,la collectivité,45497,CAP VALLEE-DU-CAILLY F8,076000088,0,0,0
076,92876,METROPOLE ROUEN NORMANDIE (MRN),Métropole,200023414,,71,Oui,Seine-Normandie,FRH,FRH_SEAV,306174,,eau potable,71,0,489844,489844,0,1,1,1,Régie,Régie simple,,,,49,Non,,,Confirmé / publié,la collectivité,la collectivité,45557,CAP YAINVILLE CENTRALE ELECTRIQUE,076000309,0,60,0
076,92876,METROPOLE ROUEN NORMANDIE (MRN),Métropole,200023414,,71,Oui,Seine-Normandie,FRH,FRH_SEAV,306174,,eau potable,71,0,489844,489844,0,1,1,1,Régie,Régie simple,,,,49,Non,,,Confirmé / publié,la collectivité,la collectivité,45556,CAP YAINVILLE NOUVEAU,076001959,179944,60,180470
