DPT de la commune,Nom de la commune adhérente,Identifiant SISPEA de la commune adhérente,Code INSEE de la commune adhérente,Population de la commune,Type d'adhésion,Nom de la collectivité via laquelle la commune adhère,N° SIREN de la collectivité via laquelle la commune adhère,Identifiant SISPEA de la collectivité via laquelle la commune adhère,Nom de la collectivité de l'entité de gestion à laquelle la commune adhère,Identifiant SISPEA de la collectivité de l'entité de gestion à laquelle la commune adhère,Type de collectivité,N° SIREN,Avec ou sans CCSPL,Compétence,Nom de l'entité de gestion à laquelle la commune adhère,Identifiant SISPEA de l'entité de gestion à laquelle la commune adhère,Code UGE (eau potabe),Zone tarifaire 1,Tarif zone tarifaire 1,Zone tarifaire 2,Tarif zone tarifaire 2,Zone tarifaire 3,Tarif zone tarifaire 3,Zone tarifaire 4,Tarif zone tarifaire 4,Zone tarifaire 5,Tarif zone tarifaire 5
34,Pérols,13952,34198,8985,Adhérent direct,,,,Montpellier Méditerranée Métropole,81762,Métropole,243400017,Oui,eau potable,eau potable : Régie des eaux,218394,0340239,Indicateur tarif,"1,6",,,,,,,,
34,Vendargues,14080,34327,6232,Adhérent direct,,,,Montpellier Méditerranée Métropole,81762,Métropole,243400017,Oui,eau potable,eau potable : Régie des eaux,218394,0340239,Indicateur tarif,"1,6",,,,,,,,
34,Montferrier-sur-Lez,13923,34169,3720,Adhérent direct,,,,Montpellier Méditerranée Métropole,81762,Métropole,243400017,Oui,eau potable,eau potable : Régie des eaux,218394,0340239,Indicateur tarif,"1,6",,,,,,,,
34,Montpellier,13926,34172,285121,Adhérent direct,,,,Montpellier Méditerranée Métropole,81762,Métropole,243400017,Oui,eau potable,eau potable : Régie des eaux,218394,0340239,Indicateur tarif,"1,6",,,,,,,,
34,Villeneuve-lès-Maguelone,14090,34337,10012,Adhérent direct,,,,Montpellier Méditerranée Métropole,81762,Métropole,243400017,Oui,eau potable,eau potable : Régie des eaux,218394,0340239,Indicateur tarif,"1,6",,,,,,,,
34,Sussargues,14060,34307,2751,Adhérent direct,,,,Montpellier Méditerranée Métropole,81762,Métropole,243400017,Oui,eau potable,eau potable : Régie des eaux,218394,0340239,Indicateur tarif,"1,6",,,,,,,,
34,Grabels,13870,34116,8430,Adhérent direct,,,,Montpellier Méditerranée Métropole,81762,Métropole,243400017,Oui,eau potable,eau potable : Régie des eaux,218394,0340239,Indicateur tarif,"1,6",,,,,,,,
34,Saint-Brès,13998,34244,2948,Adhérent direct,,,,Montpellier Méditerranée Métropole,81762,Métropole,243400017,Oui,eau potable,eau potable : Régie des eaux,218394,0340239,Indicateur tarif,"1,6",,,,,,,,
34,Jacou,13874,34120,6791,Adhérent direct,,,,Montpellier Méditerranée Métropole,81762,Métropole,243400017,Oui,eau potable,eau potable : Régie des eaux,218394,0340239,Indicateur tarif,"1,6",,,,,,,,
34,Prades-le-Lez,13971,34217,5467,Adhérent direct,,,,Montpellier Méditerranée Métropole,81762,Métropole,243400017,Oui,eau potable,eau potable : Régie des eaux,218394,0340239,Indicateur tarif,"1,6",,,,,,,,
34,Le Crès,13844,34090,9321,Adhérent direct,,,,Montpellier Méditerranée Métropole,81762,Métropole,243400017,Oui,eau potable,eau potable : Régie des eaux,218394,0340239,Indicateur tarif,"1,6",,,,,,,,
34,Juvignac,13877,34123,11084,Adhérent direct,,,,Montpellier Méditerranée Métropole,81762,Métropole,243400017,Oui,eau potable,eau potable : Régie des eaux,218394,0340239,Indicateur tarif,"1,6",,,,,,,,
34,Lattes,13883,34129,16564,Adhérent direct,,,,Montpellier Méditerranée Métropole,81762,Métropole,243400017,Oui,eau potable,eau potable : Régie des eaux,218394,0340239,Indicateur tarif,"1,6",,,,,,,,
38,Notre-Dame-de-Mésage,15233,38279,1147,Adhérent direct,,,,Grenoble Alpes Métropole (LA METRO),38618,Métropole,200040715,Oui,eau potable,eau potable,215437,03800856,Indicateur tarif,"1,8",,,,,,,,
38,Noyarey,15235,38281,2223,Adhérent direct,,,,Grenoble Alpes Métropole (LA METRO),38618,Métropole,200040715,Oui,eau potable,eau potable,215437,03800856,Indicateur tarif,"1,8",,,,,,,,
38,Domène,15115,38150,6745,Adhérent direct,,,,Grenoble Alpes Métropole (LA METRO),38618,Métropole,200040715,Oui,eau potable,eau potable,215437,03800856,Indicateur tarif,"1,8",,,,,,,,
38,Saint-Martin-d'Hères,15371,38421,38487,Adhérent direct,,,,Grenoble Alpes Métropole (LA METRO),38618,Métropole,200040715,Oui,eau potable,eau potable,215437,03800856,Indicateur tarif,"1,8",,,,,,,,
38,Échirolles,15116,38151,36840,Adhérent direct,,,,Grenoble Alpes Métropole (LA METRO),38618,Métropole,200040715,Oui,eau potable,eau potable,215437,03800856,Indicateur tarif,"1,8",,,,,,,,
38,Saint-Martin-le-Vinoux,15373,38423,5778,Adhérent direct,,,,Grenoble Alpes Métropole (LA METRO),38618,Métropole,200040715,Oui,eau potable,eau potable,215437,03800856,Indicateur tarif,"1,8",,,,,,,,
38,Vizille,15502,38562,7361,Adhérent direct,,,,Grenoble Alpes Métropole (LA METRO),38618,Métropole,200040715,Oui,eau potable,eau potable,215437,03800856,Indicateur tarif,"1,8",,,,,,,,
38,Eybens,15123,38158,10185,Adhérent direct,,,,Grenoble Alpes Métropole (LA METRO),38618,Métropole,200040715,Oui,eau potable,eau potable,215437,03800856,Indicateur tarif,"1,8",,,,,,,,
38,Saint-Paul-de-Varces,15386,38436,2173,Adhérent direct,,,,Grenoble Alpes Métropole (LA METRO),38618,Métropole,200040715,Oui,eau potable,eau potable,215437,03800856,Indicateur tarif,"1,8",,,,,,,,
38,Fontaine,15132,38169,22523,Adhérent direct,,,,Grenoble Alpes Métropole (LA METRO),38618,Métropole,200040715,Oui,eau potable,eau potable,215437,03800856,Indicateur tarif,"1,8",,,,,,,,
38,Fontanil-Cornillon,15133,38170,2710,Adhérent direct,,,,Grenoble Alpes Métropole (LA METRO),38618,Métropole,200040715,Oui,eau potable,eau potable,215437,03800856,Indicateur tarif,"1,8",,,,,,,,
38,Poisat,15263,38309,2168,Adhérent direct,,,,Grenoble Alpes Métropole (LA METRO),38618,Métropole,200040715,Oui,eau potable,eau potable,215437,03800856,Indicateur tarif,"1,8",,,,,,,,
38,Saint-Pierre-de-Mésage,15394,38445,764,Adhérent direct,,,,Grenoble Alpes Métropole (LA METRO),38618,Métropole,200040715,Oui,eau potable,eau potable,215437,03800856,Indicateur tarif,"1,8",,,,,,,,
38,Gières,15141,38179,6779,Adhérent direct,,,,Grenoble Alpes Métropole (LA METRO),38618,Métropole,200040715,Oui,eau potable,eau potable,215437,03800856,Indicateur tarif,"1,8",,,,,,,,
38,Le Pont-de-Claix,15271,38317,10435,Adhérent direct,,,,Grenoble Alpes Métropole (LA METRO),38618,Métropole,200040715,Oui,eau potable,eau potable,215437,03800856,Indicateur tarif,"1,8",,,,,,,,
38,Grenoble,15147,38185,158454,Adhérent direct,,,,Grenoble Alpes Métropole (LA METRO),38618,Métropole,200040715,Oui,eau potable,eau potable,215437,03800856,Indicateur tarif,"1,8",,,,,,,,
38,Le Gua,15149,38187,1779,Adhérent direct,,,,Grenoble Alpes Métropole (LA METRO),38618,Métropole,200040715,Oui,eau potable,eau potable,215437,03800856,Indicateur tarif,"1,8",,,,,,,,
38,Herbeys,15150,38188,1361,Adhérent direct,,,,Grenoble Alpes Métropole (LA METRO),38618,Métropole,200040715,Oui,eau potable,eau potable,215437,03800856,Indicateur tarif,"1,8",,,,,,,,
38,Proveysieux,15279,38325,507,Adhérent direct,,,,Grenoble Alpes Métropole (LA METRO),38618,Métropole,200040715,Oui,eau potable,eau potable,215437,03800856,Indicateur tarif,"1,8",,,,,,,,
38,Quaix-en-Chartreuse,15281,38328,893,Adhérent direct,,,,Grenoble Alpes Métropole (LA METRO),38618,Métropole,200040715,Oui,eau potable,eau potable,215437,03800856,Indicateur tarif,"1,8",,,,,,,,
38,Bresson,15030,38057,684,Adhérent direct,,,,Grenoble Alpes Métropole (LA METRO),38618,Métropole,200040715,Oui,eau potable,eau potable,215437,03800856,Indicateur tarif,"1,8",,,,,,,,
38,Brié-et-Angonnes,15032,38059,2556,Adhérent direct,,,,Grenoble Alpes Métropole (LA METRO),38618,Métropole,200040715,Oui,eau potable,eau potable,215437,03800856,Indicateur tarif,"1,8",,,,,,,,
38,Jarrie,15161,38200,3746,Adhérent direct,,,,Grenoble Alpes Métropole (LA METRO),38618,Métropole,200040715,Oui,eau potable,eau potable,215437,03800856,Indicateur tarif,"1,8",,,,,,,,
38,Le Sappey-en-Chartreuse,15418,38471,1121,Adhérent direct,,,,Grenoble Alpes Métropole (LA METRO),38618,Métropole,200040715,Oui,eau potable,eau potable,215437,03800856,Indicateur tarif,"1,8",,,,,,,,
38,Sarcenas,15419,38472,189,Adhérent direct,,,,Grenoble Alpes Métropole (LA METRO),38618,Métropole,200040715,Oui,eau potable,eau potable,215437,03800856,Indicateur tarif,"1,8",,,,,,,,
38,Sassenage,15421,38474,11376,Adhérent direct,,,,Grenoble Alpes Métropole (LA METRO),38618,Métropole,200040715,Oui,eau potable,eau potable,215437,03800856,Indicateur tarif,"1,8",,,,,,,,
38,Séchilienne,15424,38478,1052,Adhérent direct,,,,Grenoble Alpes Métropole (LA METRO),38618,Métropole,200040715,Oui,eau potable,eau potable,215437,03800856,Indicateur tarif,"1,8",,,,,,,,
38,Champagnier,15041,38068,1226,Adhérent direct,,,,Grenoble Alpes Métropole (LA METRO),38618,Métropole,200040715,Oui,eau potable,eau potable,215437,03800856,Indicateur tarif,"1,8",,,,,,,,
38,Champ-sur-Drac,15044,38071,3007,Adhérent direct,,,,Grenoble Alpes Métropole (LA METRO),38618,Métropole,200040715,Oui,eau potable,eau potable,215437,03800856,Indicateur tarif,"1,8",,,,,,,,
38,Seyssinet-Pariset,15430,38485,12013,Adhérent direct,,,,Grenoble Alpes Métropole (LA METRO),38618,Métropole,200040715,Oui,eau potable,eau potable,215437,03800856,Indicateur tarif,"1,8",,,,,,,,
38,Seyssins,15431,38486,7685,Adhérent direct,,,,Grenoble Alpes Métropole (LA METRO),38618,Métropole,200040715,Oui,eau potable,eau potable,215437,03800856,Indicateur tarif,"1,8",,,,,,,,
38,Meylan,15186,38229,17129,Adhérent direct,,,,Grenoble Alpes Métropole (LA METRO),38618,Métropole,200040715,Oui,eau potable,eau potable,215437,03800856,Indicateur tarif,"1,8",,,,,,,,
38,Saint-Barthélemy-de-Séchilienne,15317,38364,433,Adhérent direct,,,,Grenoble Alpes Métropole (LA METRO),38618,Métropole,200040715,Oui,eau potable,eau potable,215437,03800856,Indicateur tarif,"1,8",,,,,,,,
38,Miribel-Lanchâtre,15190,38235,433,Adhérent direct,,,,Grenoble Alpes Métropole (LA METRO),38618,Métropole,200040715,Oui,eau potable,eau potable,215437,03800856,Indicateur tarif,"1,8",,,,,,,,
38,La Tronche,15456,38516,6596,Adhérent direct,,,,Grenoble Alpes Métropole (LA METRO),38618,Métropole,200040715,Oui,eau potable,eau potable,215437,03800856,Indicateur tarif,"1,8",,,,,,,,
38,Montchaboud,15206,38252,339,Adhérent direct,,,,Grenoble Alpes Métropole (LA METRO),38618,Métropole,200040715,Oui,eau potable,eau potable,215437,03800856,Indicateur tarif,"1,8",,,,,,,,
38,Saint-Égrève,15334,38382,15838,Adhérent direct,,,,Grenoble Alpes Métropole (LA METRO),38618,Métropole,200040715,Oui,eau potable,eau potable,215437,03800856,Indicateur tarif,"1,8",,,,,,,,
38,Varces-Allières-et-Risset,15464,38524,8250,Adhérent direct,,,,Grenoble Alpes Métropole (LA METRO),38618,Métropole,200040715,Oui,eau potable,eau potable,215437,03800856,Indicateur tarif,"1,8",,,,,,,,
38,Claix,15081,38111,7932,Adhérent direct,,,,Grenoble Alpes Métropole (LA METRO),38618,Métropole,200040715,Oui,eau potable,eau potable,215437,03800856,Indicateur tarif,"1,8",,,,,,,,
38,Saint-Georges-de-Commiers,15339,38388,2276,Adhérent direct,,,,Grenoble Alpes Métropole (LA METRO),38618,Métropole,200040715,Oui,eau potable,eau potable,215437,03800856,Indicateur tarif,"1,8",,,,,,,,
38,Vaulnaveys-le-Bas,15468,38528,1282,Adhérent direct,,,,Grenoble Alpes Métropole (LA METRO),38618,Métropole,200040715,Oui,eau potable,eau potable,215437,03800856,Indicateur tarif,"1,8",,,,,,,,
38,Mont-Saint-Martin,15212,38258,79,Adhérent direct,,,,Grenoble Alpes Métropole (LA METRO),38618,Métropole,200040715,Oui,eau potable,eau potable,215437,03800856,Indicateur tarif,"1,8",,,,,,,,
38,Vaulnaveys-le-Haut,15469,38529,3867,Adhérent direct,,,,Grenoble Alpes Métropole (LA METRO),38618,Métropole,200040715,Oui,eau potable,eau potable,215437,03800856,Indicateur tarif,"1,8",,,,,,,,
38,Venon,15473,38533,729,Adhérent direct,,,,Grenoble Alpes Métropole (LA METRO),38618,Métropole,200040715,Oui,eau potable,eau potable,215437,03800856,Indicateur tarif,"1,8",,,,,,,,
38,Corenc,15093,38126,4013,Adhérent direct,,,,Grenoble Alpes Métropole (LA METRO),38618,Métropole,200040715,Oui,eau potable,eau potable,215437,03800856,Indicateur tarif,"1,8",,,,,,,,
38,Le Versoud,15478,38538,4818,Adhérent direct,,,,Grenoble Alpes Métropole (LA METRO),38618,Métropole,200040715,Oui,eau potable,eau potable,215437,03800856,Indicateur tarif,"1,8",,,,,,,,
38,Veurey-Voroize,15480,38540,1438,Adhérent direct,,,,Grenoble Alpes Métropole (LA METRO),38618,Métropole,200040715,Oui,eau potable,eau potable,215437,03800856,Indicateur tarif,"1,8",,,,,,,,
38,Murianette,15225,38271,882,Adhérent direct,,,,Grenoble Alpes Métropole (LA METRO),38618,Métropole,200040715,Oui,eau potable,eau potable,215437,03800856,Indicateur tarif,"1,8",,,,,,,,
38,Vif,15485,38545,8532,Adhérent direct,,,,Grenoble Alpes Métropole (LA METRO),38618,Métropole,200040715,Oui,eau potable,eau potable,215437,03800856,Indicateur tarif,"1,8",,,,,,,,
38,Villard-Bonnot,15487,38547,7107,Adhérent direct,,,,Grenoble Alpes Métropole (LA METRO),38618,Métropole,200040715,Oui,eau potable,eau potable,215437,03800856,Indicateur tarif,"1,8",,,,,,,,
38,Notre-Dame-de-Commiers,15231,38277,518,Adhérent direct,,,,Grenoble Alpes Métropole (LA METRO),38618,Métropole,200040715,Oui,eau potable,eau potable,215437,03800856,Indicateur tarif,"1,8",,,,,,,,
42,Sainte-Croix-en-Jarez,16878,42210,478,Adhérent direct,,,,SAINT-ETIENNE METROPOLE,198243,Métropole,244200770,Oui,eau potable,eau potable : Sainte Croix en Jarez,80427,0420115,Indicateur tarif,"2,38",,,,,,,,
42,Saint-Paul-en-Cornillon,16934,42270,1364,Adhérent direct,,,,SAINT-ETIENNE METROPOLE,198243,Métropole,244200770,Oui,eau potable,eau potable : Saint Paul en Cornillon,80503,0420044,Indicateur tarif,"3,14",,,,,,,,
42,La Grand-Croix,16774,42103,5136,Adhérent direct,,,,SAINT-ETIENNE METROPOLE,198243,Métropole,244200770,Oui,eau potable,eau potable : La Grand Croix,80300,0420005,Indicateur tarif,"2,22",,,,,,,,
42,Lorette,16793,42123,4700,Adhérent direct,,,,SAINT-ETIENNE METROPOLE,198243,Métropole,244200770,Oui,eau potable,eau potable : Lorette,80325,0420004,Indicateur tarif,"1,9",,,,,,,,
42,Châteauneuf,16726,42053,1599,Adhérent direct,,,,SAINT-ETIENNE METROPOLE,198243,Métropole,244200770,Oui,eau potable,eau potable : Chateauneuf,80239,0420002,Indicateur tarif,"3,32",,,,,,,,
42,Doizieux,16756,42085,831,Adhérent direct,,,,SAINT-ETIENNE METROPOLE,198243,Métropole,244200770,Oui,eau potable,eau potable : Dorlay,80616,0420099,Indicateur tarif,"3,64",,,,,,,,
42,La Terrasse-sur-Dorlay,16971,42308,785,Adhérent direct,,,,SAINT-ETIENNE METROPOLE,198243,Métropole,244200770,Oui,eau potable,eau potable : Dorlay,80616,0420099,Indicateur tarif,"3,64",,,,,,,,
42,Farnay,16764,42093,1408,Adhérent direct,,,,SAINT-ETIENNE METROPOLE,198243,Métropole,244200770,Oui,eau potable,eau potable : Dorlay,80616,0420099,Indicateur tarif,"3,64",,,,,,,,
42,Saint-Paul-en-Jarez,16935,42271,4844,Adhérent direct,,,,SAINT-ETIENNE METROPOLE,198243,Métropole,244200770,Oui,eau potable,eau potable : Saint Paul en Jarez,80505,0420006,Indicateur tarif,"2,57",,,,,,,,
42,Saint-Joseph,16910,42242,1901,Adhérent direct,,,,SAINT-ETIENNE METROPOLE,198243,Métropole,244200770,Oui,eau potable,eau potable : Saint Joseph,80472,0420154,Indicateur tarif,"2,88",,,,,,,,
42,Saint-Chamond,16875,42207,34967,Adhérent direct,,,,SAINT-ETIENNE METROPOLE,198243,Métropole,244200770,Oui,eau potable,eau potable : Saint-Chamond-L'Horme,80656,0420039,Indicateur tarif,"2,36",,,,,,,,
42,L' Horme,16781,42110,4790,Adhérent direct,,,,SAINT-ETIENNE METROPOLE,198243,Métropole,244200770,Oui,eau potable,eau potable : Saint-Chamond-L'Horme,80656,0420039,Indicateur tarif,"2,36",,,,,,,,
42,L' Étrat,16763,42092,2531,Adhérent direct,,,,SAINT-ETIENNE METROPOLE,198243,Métropole,244200770,Oui,eau potable,eau potable : L'Etrat,80279,0420016,Indicateur tarif,"2,92",,,,,,,,
42,Fontanès,16767,42096,678,Adhérent direct,,,,SAINT-ETIENNE METROPOLE,198243,Métropole,244200770,Oui,eau potable,eau potable : Fontanès,80287,0420017,Indicateur tarif,"4,17",,,,,,,,
42,Caloire,16704,42031,316,Adhérent direct,,,,SAINT-ETIENNE METROPOLE,198243,Métropole,244200770,Oui,eau potable,eau potable : Caloire,80209,0420046,Indicateur tarif,"3,66",,,,,,,,
42,Fraisses,16770,42099,3723,Adhérent direct,,,,SAINT-ETIENNE METROPOLE,198243,Métropole,244200770,Oui,eau potable,eau potable : Fraisses,80293,0420043,Indicateur tarif,"2,32",,,,,,,,
42,Marcenod,16803,42133,710,Adhérent direct,,,,SAINT-ETIENNE METROPOLE,198243,Métropole,244200770,Oui,eau potable,eau potable : Marcenod,80337,0420094,Indicateur tarif,"2,71",,,,,,,,
42,Saint-Bonnet-les-Oules,16874,42206,1638,Adhérent direct,,,,SAINT-ETIENNE METROPOLE,198243,Métropole,244200770,Oui,eau potable,eau potable : Saint Bonnet les Oules,80421,0420162,Indicateur tarif,"3,14",,,,,,,,
42,Firminy,16766,42095,17135,Adhérent direct,,,,SAINT-ETIENNE METROPOLE,198243,Métropole,244200770,Oui,eau potable,eau potable : Firminy,80286,0420045,Indicateur tarif,"2,15",,,,,,,,
42,La Fouillouse,16768,42097,4501,Adhérent direct,,,,SAINT-ETIENNE METROPOLE,198243,Métropole,244200770,Oui,eau potable,eau potable : La Fouillouse,80289,0420131,Indicateur tarif,"3,17",,,,,,,,
42,Saint-Galmier,16890,42222,5722,Adhérent direct,,,,SAINT-ETIENNE METROPOLE,198243,Métropole,244200770,Oui,eau potable,eau potable : Saint Galmier,80444,0420049,Indicateur tarif,"2,49",,,,,,,,
42,Andrézieux-Bouthéon,16679,42005,9790,Adhérent direct,,,,SAINT-ETIENNE METROPOLE,198243,Métropole,244200770,Oui,eau potable,eau potable : Andrezieux Bouthéon,80175,0420008,Indicateur tarif,"1,47",,,,,,,,
42,Genilac,16893,42225,3896,Adhérent direct,,,,SAINT-ETIENNE METROPOLE,198243,Métropole,244200770,Oui,eau potable,eau potable : Génilac,80451,0420003,Indicateur tarif,"3,24",,,,,,,,
42,Chamboeuf,16716,42043,1711,Adhérent direct,,,,SAINT-ETIENNE METROPOLE,198243,Métropole,244200770,Oui,eau potable,eau potable : Chamboeuf,80224,0420157,Indicateur tarif,"2,86",,,,,,,,
42,Villars,16992,42330,7970,Adhérent direct,,,,SAINT-ETIENNE METROPOLE,198243,Métropole,244200770,Oui,eau potable,eau potable : Villars,80584,0420015,Indicateur tarif,"2,73",,,,,,,,
42,La Gimond,16771,42100,277,Adhérent direct,,,,SAINT-ETIENNE METROPOLE,198243,Métropole,244200770,Oui,eau potable,eau potable : La Gimond,80295,0420130,Indicateur tarif,"4,12",,,,,,,,
42,La Valla-en-Gier,16984,42322,1042,Adhérent direct,,,,SAINT-ETIENNE METROPOLE,198243,Métropole,244200770,Oui,eau potable,eau potable : La Valla en Gier,80571,0420104,Indicateur tarif,"2,43",,,,,,,,
42,Rive-de-Gier,16855,42186,15184,Adhérent direct,,,,SAINT-ETIENNE METROPOLE,198243,Métropole,244200770,Oui,eau potable,eau potable : Rive de Gier,80400,0420007,Indicateur tarif,"2,3",,,,,,,,
42,Saint-Étienne,16886,42218,172565,Adhérent direct,,,,SAINT-ETIENNE METROPOLE,198243,Métropole,244200770,Oui,eau potable,eau potable : Saint Etienne,80438,0420067,Indicateur tarif,"1,39",,,,,,,,
42,La Tour-en-Jarez,16973,42311,1479,Adhérent direct,,,,SAINT-ETIENNE METROPOLE,198243,Métropole,244200770,Oui,eau potable,eau potable : Saint Etienne,80438,0420067,Indicateur tarif,"1,39",,,,,,,,
42,Saint-Priest-en-Jarez,16939,42275,6120,Adhérent direct,,,,SAINT-ETIENNE METROPOLE,198243,Métropole,244200770,Oui,eau potable,eau potable : Saint Priest en Jarez,80513,0420010,Indicateur tarif,"2,51",,,,,,,,
42,Saint-Héand,16902,42234,3592,Adhérent direct,,,,SAINT-ETIENNE METROPOLE,198243,Métropole,244200770,Oui,eau potable,eau potable : Saint Héand,80459,0420144,Indicateur tarif,"3,31",,,,,,,,
42,Sorbiers,16965,42302,7933,Adhérent direct,,,,SAINT-ETIENNE METROPOLE,198243,Métropole,244200770,Oui,eau potable,eau potable : la régie du Furan,262234,,Indicateur tarif,3,,,,,,,,
42,La Talaudière,16968,42305,6860,Adhérent direct,,,,SAINT-ETIENNE METROPOLE,198243,Métropole,244200770,Oui,eau potable,eau potable : la régie du Furan,262234,,Indicateur tarif,3,,,,,,,,
42,Saint-Jean-Bonnefonds,16905,42237,6638,Adhérent direct,,,,SAINT-ETIENNE METROPOLE,198243,Métropole,244200770,Oui,eau potable,eau potable : la régie du Furan,262234,,Indicateur tarif,3,,,,,,,,
42,Unieux,16978,42316,8597,Adhérent direct,,,,SAINT-ETIENNE METROPOLE,198243,Métropole,244200770,Oui,eau potable,eau potable : Unieux,80562,0420112,Indicateur tarif,"3,17",,,,,,,,
42,Cellieu,16705,42032,1697,Adhérent direct,,,,SAINT-ETIENNE METROPOLE,198243,Métropole,244200770,Oui,eau potable,eau potable : Cellieu-Chagnon,80598,0420167,Indicateur tarif,"2,33",,,,,,,,
42,Chagnon,16709,42036,490,Adhérent direct,,,,SAINT-ETIENNE METROPOLE,198243,Métropole,244200770,Oui,eau potable,eau potable : Cellieu-Chagnon,80598,0420167,Indicateur tarif,"2,33",,,,,,,,
42,Roche-la-Molière,16858,42189,9697,Adhérent direct,,,,SAINT-ETIENNE METROPOLE,198243,Métropole,244200770,Oui,eau potable,eau potable : Roche la Molière,80403,0420012,Indicateur tarif,"3,19",,,,,,,,
42,Saint-Martin-la-Plaine,16924,42259,3755,Adhérent direct,,,,SAINT-ETIENNE METROPOLE,198243,Métropole,244200770,Oui,eau potable,eau potable : Saint Martin la Plaine,80492,0420055,Indicateur tarif,"3,4",,,,,,,,
42,Pavezin,16836,42167,354,Adhérent direct,,,,SAINT-ETIENNE METROPOLE,198243,Métropole,244200770,Oui,eau potable,eau potable : Pavezin,80379,0420109,Indicateur tarif,"3,46",,,,,,,,
42,Saint-Genest-Lerpt,16891,42223,6131,Adhérent direct,,,,SAINT-ETIENNE METROPOLE,198243,Métropole,244200770,Oui,eau potable,eau potable : Saint Genest Lerpt,80446,0420009,Indicateur tarif,"2,63",,,,,,,,
42,Le Chambon-Feugerolles,16717,42044,12317,Adhérent direct,,,,SAINT-ETIENNE METROPOLE,198243,Métropole,244200770,Oui,eau potable,eau potable : Le Chambon Feugerolles,80227,0420036,Indicateur tarif,"2,49",,,,,,,,
42,La Ricamarie,16852,42183,7906,Adhérent direct,,,,SAINT-ETIENNE METROPOLE,198243,Métropole,244200770,Oui,eau potable,eau potable : La Ricamarie,80398,0420035,Indicateur tarif,"3,08",,,,,,,,
76,La Bouille,31236,76131,753,Adhérent direct,,,,METROPOLE ROUEN NORMANDIE (MRN),92876,Métropole,200023414,Oui,eau potable,eau potable,306174,,Indicateur tarif,"2,04",,,,,,,,
76,La Londe,31493,76391,2334,Adhérent direct,,,,METROPOLE ROUEN NORMANDIE (MRN),92876,Métropole,200023414,Oui,eau potable,eau potable,306174,,Indicateur tarif,"2,04",,,,,,,,
76,Amfreville-la-Mi-Voie,31112,76005,3273,Adhérent direct,,,,METROPOLE ROUEN NORMANDIE (MRN),92876,Métropole,200023414,Oui,eau potable,eau potable,306174,,Indicateur tarif,"2,04",,,,,,,,
76,Fontaine-sous-Préaux,31375,76273,508,Adhérent direct,,,,METROPOLE ROUEN NORMANDIE (MRN),92876,Métropole,200023414,Oui,eau potable,eau potable,306174,,Indicateur tarif,"2,04",,,,,,,,
76,Malaunay,31504,76402,6110,Adhérent direct,,,,METROPOLE ROUEN NORMANDIE (MRN),92876,Métropole,200023414,Oui,eau potable,eau potable,306174,,Indicateur tarif,"2,04",,,,,,,,
76,Roncherolles-sur-le-Vivier,31637,76536,1114,Adhérent direct,,,,METROPOLE ROUEN NORMANDIE (MRN),92876,Métropole,200023414,Oui,eau potable,eau potable,306174,,Indicateur tarif,"2,04",,,,,,,,
76,Anneville-Ambourville,31127,76020,1190,Adhérent direct,,,,METROPOLE ROUEN NORMANDIE (MRN),92876,Métropole,200023414,Oui,eau potable,eau potable,306174,,Indicateur tarif,"2,04",,,,,,,,
76,Freneuse,31384,76282,932,Adhérent direct,,,,METROPOLE ROUEN NORMANDIE (MRN),92876,Métropole,200023414,Oui,eau potable,eau potable,306174,,Indicateur tarif,"2,04",,,,,,,,
76,Rouen,31640,76540,110145,Adhérent direct,,,,METROPOLE ROUEN NORMANDIE (MRN),92876,Métropole,200023414,Oui,eau potable,eau potable,306174,,Indicateur tarif,"2,04",,,,,,,,
76,Maromme,31512,76410,10908,Adhérent direct,,,,METROPOLE ROUEN NORMANDIE (MRN),92876,Métropole,200023414,Oui,eau potable,eau potable,306174,,Indicateur tarif,"2,04",,,,,,,,
76,Canteleu,31261,76157,14181,Adhérent direct,,,,METROPOLE ROUEN NORMANDIE (MRN),92876,Métropole,200023414,Oui,eau potable,eau potable,306174,,Indicateur tarif,"2,04",,,,,,,,
76,Sotteville-lès-Rouen,31777,76681,28965,Adhérent direct,,,,METROPOLE ROUEN NORMANDIE (MRN),92876,Métropole,200023414,Oui,eau potable,eau potable,306174,,Indicateur tarif,"2,04",,,,,,,,
76,Sahurs,31650,76550,1226,Adhérent direct,,,,METROPOLE ROUEN NORMANDIE (MRN),92876,Métropole,200023414,Oui,eau potable,eau potable,306174,,Indicateur tarif,"2,04",,,,,,,,
76,Sotteville-sous-le-Val,31778,76682,791,Adhérent direct,,,,METROPOLE ROUEN NORMANDIE (MRN),92876,Métropole,200023414,Oui,eau potable,eau potable,306174,,Indicateur tarif,"2,04",,,,,,,,
76,Caudebec-lès-Elbeuf,31269,76165,10335,Adhérent direct,,,,METROPOLE ROUEN NORMANDIE (MRN),92876,Métropole,200023414,Oui,eau potable,eau potable,306174,,Indicateur tarif,"2,04",,,,,,,,
76,Les Authieux-sur-le-Port-Saint-Ouen,31146,76039,1265,Adhérent direct,,,,METROPOLE ROUEN NORMANDIE (MRN),92876,Métropole,200023414,Oui,eau potable,eau potable,306174,,Indicateur tarif,"2,04",,,,,,,,
76,Saint-Aubin-Celloville,31658,76558,1057,Adhérent direct,,,,METROPOLE ROUEN NORMANDIE (MRN),92876,Métropole,200023414,Oui,eau potable,eau potable,306174,,Indicateur tarif,"2,04",,,,,,,,
76,Le Mesnil-Esnard,31531,76429,7967,Adhérent direct,,,,METROPOLE ROUEN NORMANDIE (MRN),92876,Métropole,200023414,Oui,eau potable,eau potable,306174,,Indicateur tarif,"2,04",,,,,,,,
76,Saint-Aubin-Épinay,31660,76560,1033,Adhérent direct,,,,METROPOLE ROUEN NORMANDIE (MRN),92876,Métropole,200023414,Oui,eau potable,eau potable,306174,,Indicateur tarif,"2,04",,,,,,,,
76,Saint-Aubin-lès-Elbeuf,31661,76561,8309,Adhérent direct,,,,METROPOLE ROUEN NORMANDIE (MRN),92876,Métropole,200023414,Oui,eau potable,eau potable,306174,,Indicateur tarif,"2,04",,,,,,,,
76,Le Mesnil-sous-Jumièges,31538,76436,639,Adhérent direct,,,,METROPOLE ROUEN NORMANDIE (MRN),92876,Métropole,200023414,Oui,eau potable,eau potable,306174,,Indicateur tarif,"2,04",,,,,,,,
76,Cléon,31282,76178,4994,Adhérent direct,,,,METROPOLE ROUEN NORMANDIE (MRN),92876,Métropole,200023414,Oui,eau potable,eau potable,306174,,Indicateur tarif,"2,04",,,,,,,,
76,Gouy,31415,76313,869,Adhérent direct,,,,METROPOLE ROUEN NORMANDIE (MRN),92876,Métropole,200023414,Oui,eau potable,eau potable,306174,,Indicateur tarif,"2,04",,,,,,,,
76,Tourville-la-Rivière,31800,76705,2501,Adhérent direct,,,,METROPOLE ROUEN NORMANDIE (MRN),92876,Métropole,200023414,Oui,eau potable,eau potable,306174,,Indicateur tarif,"2,04",,,,,,,,
76,Saint-Étienne-du-Rouvray,31675,76575,28641,Adhérent direct,,,,METROPOLE ROUEN NORMANDIE (MRN),92876,Métropole,200023414,Oui,eau potable,eau potable,306174,,Indicateur tarif,"2,04",,,,,,,,
76,Bardouville,31163,76056,639,Adhérent direct,,,,METROPOLE ROUEN NORMANDIE (MRN),92876,Métropole,200023414,Oui,eau potable,eau potable,306174,,Indicateur tarif,"2,04",,,,,,,,
76,Le Trait,31804,76709,4942,Adhérent direct,,,,METROPOLE ROUEN NORMANDIE (MRN),92876,Métropole,200023414,Oui,eau potable,eau potable,306174,,Indicateur tarif,"2,04",,,,,,,,
76,Grand-Couronne,31421,76319,9648,Adhérent direct,,,,METROPOLE ROUEN NORMANDIE (MRN),92876,Métropole,200023414,Oui,eau potable,eau potable,306174,,Indicateur tarif,"2,04",,,,,,,,
76,Montmain,31550,76448,1314,Adhérent direct,,,,METROPOLE ROUEN NORMANDIE (MRN),92876,Métropole,200023414,Oui,eau potable,eau potable,306174,,Indicateur tarif,"2,04",,,,,,,,
76,Le Grand-Quevilly,31424,76322,25698,Adhérent direct,,,,METROPOLE ROUEN NORMANDIE (MRN),92876,Métropole,200023414,Oui,eau potable,eau potable,306174,,Indicateur tarif,"2,04",,,,,,,,
76,Mont-Saint-Aignan,31553,76451,18850,Adhérent direct,,,,METROPOLE ROUEN NORMANDIE (MRN),92876,Métropole,200023414,Oui,eau potable,eau potable,306174,,Indicateur tarif,"2,04",,,,,,,,
76,Val-de-la-Haye,31812,76717,710,Adhérent direct,,,,METROPOLE ROUEN NORMANDIE (MRN),92876,Métropole,200023414,Oui,eau potable,eau potable,306174,,Indicateur tarif,"2,04",,,,,,,,
76,Belbeuf,31175,76069,2201,Adhérent direct,,,,METROPOLE ROUEN NORMANDIE (MRN),92876,Métropole,200023414,Oui,eau potable,eau potable,306174,,Indicateur tarif,"2,04",,,,,,,,
76,Moulineaux,31559,76457,944,Adhérent direct,,,,METROPOLE ROUEN NORMANDIE (MRN),92876,Métropole,200023414,Oui,eau potable,eau potable,306174,,Indicateur tarif,"2,04",,,,,,,,
76,Saint-Jacques-sur-Darnétal,31690,76591,2835,Adhérent direct,,,,METROPOLE ROUEN NORMANDIE (MRN),92876,Métropole,200023414,Oui,eau potable,eau potable,306174,,Indicateur tarif,"2,04",,,,,,,,
76,La Neuville-Chant-d'Oisel,31566,76464,2240,Adhérent direct,,,,METROPOLE ROUEN NORMANDIE (MRN),92876,Métropole,200023414,Oui,eau potable,eau potable,306174,,Indicateur tarif,"2,04",,,,,,,,
76,Saint-Léger-du-Bourg-Denis,31698,76599,3450,Adhérent direct,,,,METROPOLE ROUEN NORMANDIE (MRN),92876,Métropole,200023414,Oui,eau potable,eau potable,306174,,Indicateur tarif,"2,04",,,,,,,,
76,Darnétal,31316,76212,9707,Adhérent direct,,,,METROPOLE ROUEN NORMANDIE (MRN),92876,Métropole,200023414,Oui,eau potable,eau potable,306174,,Indicateur tarif,"2,04",,,,,,,,
76,Notre-Dame-de-Bondeville,31575,76474,7015,Adhérent direct,,,,METROPOLE ROUEN NORMANDIE (MRN),92876,Métropole,200023414,Oui,eau potable,eau potable,306174,,Indicateur tarif,"2,04",,,,,,,,
76,Franqueville-Saint-Pierre,31576,76475,6123,Adhérent direct,,,,METROPOLE ROUEN NORMANDIE (MRN),92876,Métropole,200023414,Oui,eau potable,eau potable,306174,,Indicateur tarif,"2,04",,,,,,,,
76,Déville-lès-Rouen,31320,76216,10492,Adhérent direct,,,,METROPOLE ROUEN NORMANDIE (MRN),92876,Métropole,200023414,Oui,eau potable,eau potable,306174,,Indicateur tarif,"2,04",,,,,,,,
76,Sainte-Marguerite-sur-Duclair,31706,76608,2028,Adhérent direct,,,,METROPOLE ROUEN NORMANDIE (MRN),92876,Métropole,200023414,Oui,eau potable,eau potable,306174,,Indicateur tarif,"2,04",,,,,,,,
76,Berville-sur-Seine,31194,76088,559,Adhérent direct,,,,METROPOLE ROUEN NORMANDIE (MRN),92876,Métropole,200023414,Oui,eau potable,eau potable,306174,,Indicateur tarif,"2,04",,,,,,,,
76,Hautot-sur-Seine,31452,76350,413,Adhérent direct,,,,METROPOLE ROUEN NORMANDIE (MRN),92876,Métropole,200023414,Oui,eau potable,eau potable,306174,,Indicateur tarif,"2,04",,,,,,,,
76,Duclair,31326,76222,4198,Adhérent direct,,,,METROPOLE ROUEN NORMANDIE (MRN),92876,Métropole,200023414,Oui,eau potable,eau potable,306174,,Indicateur tarif,"2,04",,,,,,,,
76,Hénouville,31456,76354,1302,Adhérent direct,,,,METROPOLE ROUEN NORMANDIE (MRN),92876,Métropole,200023414,Oui,eau potable,eau potable,306174,,Indicateur tarif,"2,04",,,,,,,,
76,Saint-Martin-de-Boscherville,31712,76614,1521,Adhérent direct,,,,METROPOLE ROUEN NORMANDIE (MRN),92876,Métropole,200023414,Oui,eau potable,eau potable,306174,,Indicateur tarif,"2,04",,,,,,,,
76,Bihorel,31201,76095,8398,Adhérent direct,,,,METROPOLE ROUEN NORMANDIE (MRN),92876,Métropole,200023414,Oui,eau potable,eau potable,306174,,Indicateur tarif,"2,04",,,,,,,,
76,Oissel-sur-Seine,31585,76484,11895,Adhérent direct,,,,METROPOLE ROUEN NORMANDIE (MRN),92876,Métropole,200023414,Oui,eau potable,eau potable,306174,,Indicateur tarif,"2,04",,,,,,,,
76,Orival,31587,76486,913,Adhérent direct,,,,METROPOLE ROUEN NORMANDIE (MRN),92876,Métropole,200023414,Oui,eau potable,eau potable,306174,,Indicateur tarif,"2,04",,,,,,,,
76,Saint-Martin-du-Vivier,31715,76617,1629,Adhérent direct,,,,METROPOLE ROUEN NORMANDIE (MRN),92876,Métropole,200023414,Oui,eau potable,eau potable,306174,,Indicateur tarif,"2,04",,,,,,,,
76,Yainville,31844,76750,1050,Adhérent direct,,,,METROPOLE ROUEN NORMANDIE (MRN),92876,Métropole,200023414,Oui,eau potable,eau potable,306174,,Indicateur tarif,"2,04",,,,,,,,
76,Ymare,31847,76753,1154,Adhérent direct,,,,METROPOLE ROUEN NORMANDIE (MRN),92876,Métropole,200023414,Oui,eau potable,eau potable,306174,,Indicateur tarif,"2,04",,,,,,,,
76,Elbeuf,31335,76231,16166,Adhérent direct,,,,METROPOLE ROUEN NORMANDIE (MRN),92876,Métropole,200023414,Oui,eau potable,eau potable,306174,,Indicateur tarif,"2,04",,,,,,,,
76,Bonsecours,31208,76103,6462,Adhérent direct,,,,METROPOLE ROUEN NORMANDIE (MRN),92876,Métropole,200023414,Oui,eau potable,eau potable,306174,,Indicateur tarif,"2,04",,,,,,,,
76,Le Houlme,31468,76366,4050,Adhérent direct,,,,METROPOLE ROUEN NORMANDIE (MRN),92876,Métropole,200023414,Oui,eau potable,eau potable,306174,,Indicateur tarif,"2,04",,,,,,,,
76,Épinay-sur-Duclair,31341,76237,529,Adhérent direct,,,,METROPOLE ROUEN NORMANDIE (MRN),92876,Métropole,200023414,Oui,eau potable,eau potable,306174,,Indicateur tarif,"2,04",,,,,,,,
76,Yville-sur-Seine,31853,76759,451,Adhérent direct,,,,METROPOLE ROUEN NORMANDIE (MRN),92876,Métropole,200023414,Oui,eau potable,eau potable,306174,,Indicateur tarif,"2,04",,,,,,,,
76,Bois-Guillaume,31213,76108,13796,Adhérent direct,,,,METROPOLE ROUEN NORMANDIE (MRN),92876,Métropole,200023414,Oui,eau potable,eau potable,306174,,Indicateur tarif,"2,04",,,,,,,,
76,Houppeville,31469,76367,2784,Adhérent direct,,,,METROPOLE ROUEN NORMANDIE (MRN),92876,Métropole,200023414,Oui,eau potable,eau potable,306174,,Indicateur tarif,"2,04",,,,,,,,
76,Petit-Couronne,31598,76497,8619,Adhérent direct,,,,METROPOLE ROUEN NORMANDIE (MRN),92876,Métropole,200023414,Oui,eau potable,eau potable,306174,,Indicateur tarif,"2,04",,,,,,,,
76,Le Petit-Quevilly,31599,76498,21995,Adhérent direct,,,,METROPOLE ROUEN NORMANDIE (MRN),92876,Métropole,200023414,Oui,eau potable,eau potable,306174,,Indicateur tarif,"2,04",,,,,,,,
76,Saint-Paër,31729,76631,1346,Adhérent direct,,,,METROPOLE ROUEN NORMANDIE (MRN),92876,Métropole,200023414,Oui,eau potable,eau potable,306174,,Indicateur tarif,"2,04",,,,,,,,
76,Saint-Pierre-de-Manneville,31731,76634,921,Adhérent direct,,,,METROPOLE ROUEN NORMANDIE (MRN),92876,Métropole,200023414,Oui,eau potable,eau potable,306174,,Indicateur tarif,"2,04",,,,,,,,
76,Saint-Pierre-de-Varengeville,31733,76636,2338,Adhérent direct,,,,METROPOLE ROUEN NORMANDIE (MRN),92876,Métropole,200023414,Oui,eau potable,eau potable,306174,,Indicateur tarif,"2,04",,,,,,,,
76,Boos,31221,76116,3810,Adhérent direct,,,,METROPOLE ROUEN NORMANDIE (MRN),92876,Métropole,200023414,Oui,eau potable,eau potable,306174,,Indicateur tarif,"2,04",,,,,,,,
76,Isneauville,31479,76377,3158,Adhérent direct,,,,METROPOLE ROUEN NORMANDIE (MRN),92876,Métropole,200023414,Oui,eau potable,eau potable,306174,,Indicateur tarif,"2,04",,,,,,,,
76,Jumièges,31480,76378,1719,Adhérent direct,,,,METROPOLE ROUEN NORMANDIE (MRN),92876,Métropole,200023414,Oui,eau potable,eau potable,306174,,Indicateur tarif,"2,04",,,,,,,,
76,Saint-Pierre-lès-Elbeuf,31737,76640,8202,Adhérent direct,,,,METROPOLE ROUEN NORMANDIE (MRN),92876,Métropole,200023414,Oui,eau potable,eau potable,306174,,Indicateur tarif,"2,04",,,,,,,,
76,Quevillon,31614,76513,598,Adhérent direct,,,,METROPOLE ROUEN NORMANDIE (MRN),92876,Métropole,200023414,Oui,eau potable,eau potable,306174,,Indicateur tarif,"2,04",,,,,,,,
76,Quévreville-la-Poterie,31615,76514,992,Adhérent direct,,,,METROPOLE ROUEN NORMANDIE (MRN),92876,Métropole,200023414,Oui,eau potable,eau potable,306174,,Indicateur tarif,"2,04",,,,,,,,
