commune_code,nom,millesimes_1,pourcent_artif_1,surface_artif_1,millesimes_2,pourcent_artif_2,surface_artif_2,flux_surface_1_2,flux_percent_1_2,commune_surface,metropole
34022,Baillargues,2018,48.4909491351332,3791927.0869,2021,49.2156034585593,3848594.0816,56666.9947,0.724654323426087,7819865.67500001,Montpellier
34027,Beaulieu,2018,12.2012234034592,963043.6101,2021,12.1869717225115,961918.7237,-1124.8864,-0.0142516809477495,7893008.57999997,Montpellier
34057,Castelnau-le-Lez,2018,64.7019653692457,7187382.1852,2021,64.7495171817454,7192664.4521,5282.2669,0.0475518124997905,11108444.9199998,Montpellier
34058,Castries,2018,13.7808692739233,3324639.167,2021,13.7778078106678,3323900.588,-738.579,-0.00306146325546841,24125032.3250001,Montpellier
34077,Clapiers,2018,29.1811457878408,2231699.0489,2021,29.3822149372547,2247076.3008,15377.2519,0.20106914941395,7647743.05000013,Montpellier
34087,Cournonsec,2018,13.4169143379115,1634811.5375,2021,13.8682831807087,1689809.503,54997.9655,0.451368842797216,12184705.785,Montpellier
34088,Cournonterral,2018,10.6638258626575,3076265.4222,2021,10.7426605330277,3099007.3887,22741.9665,0.0788346703702025,28847671.2,Montpellier
34090,Le Crès,2018,59.5537678484208,3462235.6959,2021,59.7159038795862,3471661.6848,9425.9889,0.162136031165389,5813629.96999998,Montpellier
34095,Fabrègues,2018,14.0246054125041,4488208.7658,2021,14.3283098818914,4585401.4512,97192.6854,0.303704469387283,32002388.8999998,Montpellier
34116,Grabels,2018,21.8366509432189,3622100.7898,2021,21.9052339389162,3633476.8256,11376.0358,0.0685829956973372,16587254.1499996,Montpellier
34120,Jacou,2018,58.8371483860315,1970271.189,2021,59.0248386357637,1976556.3456,6285.1566,0.187690249732228,3348685.72499982,Montpellier
34123,Juvignac,2018,39.5164794544967,4309503.9929,2021,39.5348874780616,4311511.4959,2007.503,0.0184080235649091,10905586.865,Montpellier
34129,Lattes,2018,31.3490179987051,10110640.0295,2021,32.2625968392186,10405286.1583,294646.1288,0.913578840513498,32251855.6400001,Montpellier
34134,Lavérune,2018,18.8213113752977,1348103.1554,2021,18.8382130995261,1349313.7654,1210.61,0.0169017242284291,7162642.01000009,Montpellier
34164,Montaud,2018,5.70634142468781,742902.4395,2021,5.71722403418025,744319.2347,1416.7952,0.0108826094924401,13018892.215,Montpellier
34169,Montferrier-sur-Lez,2018,33.7256112268553,2565597.5649,2021,34.4203521056405,2618448.3641,52850.7992,0.694740878785197,7607267.80499991,Montpellier
34172,Montpellier,2018,74.876857943989,42764746.7974,2021,75.4122385287504,43070521.0483,305774.2509,0.535380584761484,57113436.6100002,Montpellier
34179,Murviel-lès-Montpellier,2018,9.28674099715161,939344.8284,2021,10.0271111917211,1014232.5542,74887.7258,0.740370194569444,10114902.835,Montpellier
34198,Pérols,2018,50.8610007217246,4401289.5028,2021,51.3738872981175,4445672.4735,44382.9707,0.51288657639288,8653564.50000019,Montpellier
34202,Pignan,2018,14.8797270002928,3056765.9809,2021,14.9526771087845,3071752.2377,14986.2568,0.0729501084916642,20543159.03,Montpellier
34217,Prades-le-Lez,2018,25.8917446041071,2275016.5125,2021,26.1257285684167,2295575.8603,20559.3478,0.233983964309619,8786648.20500015,Montpellier
34227,Restinclières,2018,15.3223105707514,960400.1673,2021,15.7479761285751,987080.8217,26680.6544,0.425665557823654,6267985.25499997,Montpellier
34244,Saint-Brès,2018,31.8380971704019,1527558.6362,2021,31.5801876210731,1515184.4055,-12374.2307,-0.25790954932874,4797895.51499983,Montpellier
34249,Saint-Drézéry,2018,14.3827631006347,1501321.7462,2021,14.7302654651689,1537595.2253,36273.4791,0.347502364534209,10438340.2249999,Montpellier
34256,Saint-Geniès-des-Mourgues,2018,10.758266037414,1177975.5372,2021,10.8478406041272,1187783.4977,9807.9605,0.0895745667132068,10949492.5400001,Montpellier
34259,Saint-Georges-d'Orques,2018,25.3433839531283,2364302.5603,2021,25.3003603119866,2360288.8538,-4013.7065,-0.0430236411416658,9329072.095,Montpellier
34270,Saint-Jean-de-Védas,2018,48.7155711060574,6413659.4701,2021,49.2250529800274,6480735.4208,67075.9507,0.509481873970046,13165522.4900002,Montpellier
34295,Saussan,2018,20.3816719462813,734648.6287,2021,22.1896058919294,799814.8328,65166.2041,1.80793394564817,3604457.13499986,Montpellier
34307,Sussargues,2018,21.2630574958471,1371516.9247,2021,21.1076530564501,1361492.975,-10023.9497,-0.155404439397056,6450233.81499989,Montpellier
34327,Vendargues,2018,45.861120893094,4215618.2936,2021,45.616052469724,4193091.2618,-22527.0318,-0.245068423370022,9192139.68500018,Montpellier
34337,Villeneuve-lès-Maguelone,2018,12.7759252545998,4000260.9603,2021,12.774779853921,3999902.3247,-358.6356,-0.00114540067878011,31310929.5850001,Montpellier
35001,Acigné,2017,12.4637716747319,3762898.5228,2020,12.736996610289,3845387.0129,82488.4901,0.273224935557062,30190688.83,Rennes
35022,Bécherel,2017,65.0163910744543,360641.3994,2020,65.0163910564264,360641.3993,-0.0001,-1.80279897676883e-08,554693.045000001,Rennes
35024,Betton,2017,23.0032605756151,6159415.6528,2020,23.6693398116173,6337766.8417,178351.1889,0.666079236002268,26776272.1399999,Rennes
35032,Bourgbarré,2017,21.2082557481807,3136760.1718,2020,21.8740038842747,3235226.1778,98466.006,0.665748136094049,14790278.8850001,Rennes
35039,Brécé,2017,23.5772658486388,1706044.4931,2020,24.7776043778374,1792900.66,86856.1669,1.20033852919861,7235972.58499971,Rennes
35047,Bruz,2017,36.2189384503167,10841409.332,2020,37.0663116164295,11095053.4128,253644.0808,0.847373166112853,29932984.7750003,Rennes
35051,Cesson-Sévigné,2017,39.0708571557251,12553441.4066,2020,40.2285386847778,12925403.7412,371962.3346,1.15768152905273,32129936.0199999,Rennes
35055,Chantepie,2017,33.7672440656509,4037710.4984,2020,33.8791191712054,4051087.9386,13377.4402,0.11187510555451,11957477.1649999,Rennes
35058,La Chapelle-Chaussée,2017,8.17393798420757,1208563.7871,2020,8.34329227404697,1233603.7938,25040.0067,0.169354289839404,14785575.6850003,Rennes
35059,La Chapelle-des-Fougeretz,2017,25.1196508976385,2192928.2423,2020,25.5121453926739,2227192.7417,34264.4994,0.392494495035375,8729931.20499997,Rennes
35065,La Chapelle-Thouarault,2017,17.2730763954331,1341639.5743,2020,17.4198620755016,1353040.7557,11401.1814,0.146785680068469,7767230.01500022,Rennes
35066,Chartres-de-Bretagne,2017,54.7268424031375,5452526.292,2020,54.7455691899158,5454392.0729,1865.7809,0.0187267867782452,9963166.24999985,Rennes
35076,Chavagne,2017,17.9094197479324,2247426.109,2020,18.631142748643,2337994.0413,90567.9323,0.721723000710686,12548849.38,Rennes
35079,Chevaigné,2017,13.4807920690041,1397729.4312,2020,13.501951471865,1399923.3023,2193.8711,0.0211594028608992,10368303.465,Rennes
35080,Cintré,2017,15.0020287114162,1279574.8173,2020,15.5548340843857,1326725.4959,47150.6786,0.552805372969539,8529345.21,Rennes
35081,Clayes,2017,13.9936384527981,605647.1736,2020,14.5090636530695,627954.8684,22307.6948,0.515425200271364,4328017.87500018,Rennes
35088,Corps-Nuds,2017,14.5233750766612,3323887.7354,2020,14.7708851464218,3380534.0508,56646.3154,0.247510069760537,22886469.0050002,Rennes
35120,Gévezé,2017,11.585136715045,3219995.1125,2020,11.8804655360918,3302079.3713,82084.2588,0.295328821046818,27794191.7449999,Rennes
35131,L'Hermitage,2017,36.9992319527265,2566692.6338,2020,37.2322508407452,2582857.5062,16164.8724,0.233018888018684,6937151.1200001,Rennes
35139,Laillé,2017,12.5691899492444,4022322.3853,2020,13.0820326675928,4186439.4648,164117.0795,0.512842718348368,32001444.8150001,Rennes
35144,Langan,2017,11.0218984348347,858234.1751,2020,11.3296900928356,882200.765,23966.5899,0.307791658000983,7786627.505,Rennes
35180,Miniac-sous-Bécherel,2017,7.85898595719154,1066919.7071,2020,7.92400316580255,1075746.3091,8826.602,0.0650172086110103,13575793.5299998,Rennes
35189,Montgermont,2017,38.3303165188042,1794771.6649,2020,38.8362367219665,1818460.7791,23689.1142,0.505920203162269,4682381.53999985,Rennes
35196,Mordelles,2017,16.1324673842008,4861142.1442,2020,16.4091410597052,4944511.2924,83369.1482,0.276673675504387,30132663.7049998,Rennes
35204,Nouvoitou,2017,14.5520037203028,2820992.3579,2020,15.2415196366241,2954659.1139,133666.756,0.689515916321303,19385593.985,Rennes
35206,Noyal-Châtillon-sur-Seiche,2017,21.8322144570427,5771140.4091,2020,22.5875806096082,5970814.3421,199673.933,0.755366152565507,26434058.81,Rennes
35208,Orgères,2017,19.79684992586,3320050.3642,2020,20.6169770172698,3457590.592,137540.2278,0.820127091409745,16770599.2449997,Rennes
35210,Pacé,2017,18.8476880612476,6583678.8601,2020,19.6218145163532,6854088.6823,270409.8222,0.77412645510562,34930962.5600001,Rennes
35216,Parthenay-de-Bretagne,2017,19.0769975975223,928278.0326,2020,19.1446763862606,931571.2517,3293.2191,0.0676787887383838,4865954.54999987,Rennes
35238,Rennes,2017,71.2455852206462,35844885.7678,2020,71.7442811626007,36095788.3187,250902.5509,0.498695941954466,50311729.0099998,Rennes
35240,Le Rheu,2017,29.6635897986702,5677940.954,2020,30.5962047646495,5856453.8294,178512.8754,0.932614965979223,19141112.0250002,Rennes
35245,Romillé,2017,11.199391180232,3243449.5542,2020,11.5584137042034,3347425.871,103976.3168,0.359022523971438,28960945.3050002,Rennes
35250,Saint-Armel,2017,17.7930391119557,1403471.8313,2020,18.8653774657827,1488055.2835,84583.4522,1.07233835382702,7887757.80500008,Rennes
35266,Saint-Erblon,2017,16.609597264407,1816214.649,2020,17.2704770185957,1888480.0671,72265.4181,0.660879754188677,10934730.2050002,Rennes
35275,Saint-Gilles,2017,26.2154052758123,5493402.7179,2020,26.4552608015417,5543664.1189,50261.401,0.239855525729382,20954864.7449998,Rennes
35278,Saint-Grégoire,2017,36.7228902293715,6424760.9167,2020,36.8702131796061,6450535.433,25774.5163,0.147322950234575,17495248.5400002,Rennes
35281,Saint-Jacques-de-la-Lande,2017,67.2321926011182,8293099.5866,2020,67.7889318004901,8361773.4383,68673.8517,0.55673919937189,12335012.8350002,Rennes
35315,Saint-Sulpice-la-Forêt,2017,13.0471448591735,881810.8769,2020,13.0564629254307,882440.6524,629.7755,0.00931806625718323,6758650.16000031,Rennes
35334,Thorigné-Fouillard,2017,25.4085833767627,3448187.5407,2020,26.0726269149381,3538304.5937,90117.053,0.66404353817537,13570955.49,Rennes
35351,Le Verger,2017,13.4681691053807,956316.0646,2020,14.0904666734097,1000502.7062,44186.6416,0.622297568029003,7100564.72499993,Rennes
35352,Vern-sur-Seiche,2017,29.0121938183433,5789026.3873,2020,29.8233236063233,5950877.3585,161850.9712,0.81112978798004,19953769.8650001,Rennes
35353,Vezin-le-Coquet,2017,37.036817308316,2931320.0834,2020,38.0204991320895,3009174.675,77854.5916,0.983681823773487,7914611.17999959,Rennes
35363,Pont-Péan,2017,22.6221654451468,1987345.9606,2020,23.9866519880252,2107215.4234,119869.4628,1.36448654287841,8784950.165,Rennes
38057,Bresson,2018,33.0443589111245,916694.7692,2021,33.1362973745711,919245.2653,2550.4961,0.0919384634466454,2774133.91999986,Grenoble
38059,Brié-et-Angonnes,2018,20.3743849239354,1995380.107,2021,20.6170276706832,2019143.4997,23763.3927,0.242642746747816,9793572.24500001,Grenoble
38068,Champagnier,2018,24.992394194574,1712455.5598,2021,25.4850757726529,1746213.6424,33758.0826,0.492681578078866,6851906.80999975,Grenoble
38071,Champ-sur-Drac,2018,21.1955459660656,1878293.4767,2021,21.2165173756421,1880151.9078,1858.4311,0.0209714095765428,8861736.70500009,Grenoble
38111,Claix,2018,16.7103157477169,3917046.6278,2021,16.7706235034375,3931183.3021,14136.6743,0.060307755720622,23440889.37,Grenoble
38126,Corenc,2018,34.1945451864051,2108337.8256,2021,34.2758466185069,2113350.6393,5012.8137,0.0813014321018031,6165713.90000011,Grenoble
38150,Domène,2018,47.0067387054515,2537548.4783,2021,47.2666128157891,2551577.1723,14028.694,0.259874110337606,5398265.32999984,Grenoble
38151,Échirolles,2018,84.0116146604112,6608996.0082,2021,84.2333829014239,6626441.9938,17445.9856,0.221768241012683,7866764.65499997,Grenoble
38158,Eybens,2018,75.4803528532218,3415738.6937,2021,75.6232535456583,3422205.4285,6466.7348,0.142900692436584,4525334.82500036,Grenoble
38169,Fontaine,2018,55.6863933557931,3737884.9114,2021,55.6863968582741,3737885.1465,0.2351,3.50248105007722e-06,6712384.63500015,Grenoble
38170,Fontanil-Cornillon,2018,35.2913308815286,1873113.1845,2021,35.3803520445155,1877838.0478,4724.8633,0.0890211629869029,5307573.09999999,Grenoble
38179,Gières,2018,37.7271258505688,2671202.5122,2021,37.7236610624958,2670957.194,-245.3182,-0.00346478807300343,7080323.3800004,Grenoble
38185,Grenoble,2018,87.9542643958162,16191366.3496,2021,88.6389416539161,16317407.5415,126041.1919,0.684677258099967,18408847.44,Grenoble
38187,Le Gua,2018,5.29973273659793,1518423.9021,2021,5.32102587415655,1524524.5888,6100.6867,0.0212931375586241,28650952.3700006,Grenoble
38188,Herbeys,2018,15.9463133560635,1266540.6329,2021,16.1618508523904,1283659.762,17119.1291,0.21553749632686,7942529.44000002,Grenoble
38200,Jarrie,2018,21.3788791630429,2851516.6708,2021,21.5620281468004,2875945.0974,24428.4266,0.183148983757526,13338008.2700001,Grenoble
38229,Meylan,2018,51.3046630029123,6497188.264,2021,51.4089920929767,6510400.4303,13212.1663,0.104329090064354,12663933.2249998,Grenoble
38235,Miribel-Lanchâtre,2018,3.72588786761728,354350.5772,2021,3.72588771725716,354350.5629,-0.0143,-1.50360122574966e-07,9510500.31000016,Grenoble
38252,Montchaboud,2018,12.6420171681687,250541.5847,2021,12.8343219532756,254352.7127,3811.128,0.19230478510695,1981816.51999998,Grenoble
38258,Mont-Saint-Martin,2018,2.02187682865304,104174.8472,2021,2.04119497158035,105170.192,995.3448,0.0193181429273102,5152383.45500011,Grenoble
38271,Murianette,2018,10.7940520330846,666802.0268,2021,10.8812386383762,672187.975,5385.9482,0.0871866052916701,6177495.01999994,Grenoble
38277,Notre-Dame-de-Commiers,2018,6.68950909617549,377399.6492,2021,6.69193679112056,377536.6116,136.9624,0.00242769494507034,5641664.34000016,Grenoble
38279,Notre-Dame-de-Mésage,2018,15.9403062452324,731937.8946,2021,16.0760916433607,738172.8111,6234.9165,0.135785398128302,4591742.99000007,Grenoble
38281,Noyarey,2018,8.69010506586504,1480477.3366,2021,8.75577608106464,1491665.2853,11187.9487,0.0656710151995927,17036357.1599997,Grenoble
38309,Poisat,2018,24.5707905136164,620699.5247,2021,24.6154300173781,621827.1937,1127.669,0.0446395037616512,2526168.31499998,Grenoble
38317,Le Pont-de-Claix,2018,70.3323565464772,4003075.9777,2021,70.5639715226145,4016258.706,13182.7283,0.231614976137323,5691656.26500042,Grenoble
38325,Proveysieux,2018,2.60207543870884,528568.2787,2021,2.60681819778958,529531.6912,963.4125,0.00474275908073896,20313334.1499998,Grenoble
38328,Quaix-en-Chartreuse,2018,5.7371534868767,1049442.8599,2021,5.7468710035622,1051220.3927,1777.5328,0.00971751668549992,18292047.83,Grenoble
38364,Saint-Barthélemy-de-Séchilienne,2018,4.40705716520011,542623.2066,2021,4.4105788079972,543056.8123,433.6057,0.00352164279708944,12312597.415,Grenoble
38382,Saint-Égrève,2018,57.9778183132696,6243763.919,2021,58.1476658362977,6262055.1874,18291.2684,0.169847523028118,10769228.8200002,Grenoble
38388,Saint-Georges-de-Commiers,2018,10.35633508029,1468771.4889,2021,10.4437136634024,1481163.8237,12392.3348,0.0873785831123772,14182348.0749994,Grenoble
38421,Saint-Martin-d'Hères,2018,72.6487792770746,6908739.0892,2021,73.0381404921717,6945766.4842,37027.395,0.389361215097139,9509780.00999964,Grenoble
38423,Saint-Martin-le-Vinoux,2018,21.5372933626138,2149332.1823,2021,21.8244269238441,2177986.9159,28654.7336,0.287133561230323,9979583.53499976,Grenoble
38436,Saint-Paul-de-Varces,2018,7.92673549671757,1579060.1264,2021,7.97951844277997,1589574.8516,10514.7252,0.0527829460624076,19920686.4800003,Grenoble
38445,Saint-Pierre-de-Mésage,2018,8.98336521717342,632617.7286,2021,8.98778942895586,632929.2861,311.5575,0.00442421178243713,7042101.85500006,Grenoble
38471,Le Sappey-en-Chartreuse,2018,6.36202660493307,953390.4807,2021,6.36495206800707,953828.8801,438.3994,0.00292546307399544,14985641.2099998,Grenoble
38472,Sarcenas,2018,3.87750291345801,307324.3229,2021,3.90096719664174,309184.0623,1859.7394,0.0234642831837268,7925830.86999988,Grenoble
38474,Sassenage,2018,30.4072350140293,4044026.5661,2021,30.6734477077198,4079431.6664,35405.1003,0.266212693690488,13299553.755,Grenoble
38478,Séchilienne,2018,5.15159646852093,1047804.7613,2021,5.16614471635265,1050763.7903,2959.029,0.0145482478317218,20339418.4250001,Grenoble
38485,Seyssinet-Pariset,2018,26.8724126362801,2892081.7257,2021,27.0221009187606,2908191.5835,16109.8578,0.149688282480543,10762270.4549998,Grenoble
38486,Seyssins,2018,38.9205628248331,3109612.9919,2021,39.0230712637768,3117803.0475,8190.0556,0.102508438943687,7989640.35000009,Grenoble
38516,La Tronche,2018,39.0485565343513,2519258.7078,2021,39.3312195896128,2537495.0122,18236.3044,0.282663055261565,6451605.21,Grenoble
38524,Varces-Allières-et-Risset,2018,20.3466915676221,4248116.1691,2021,20.5429954899531,4289101.7939,40985.6248,0.196303922330959,20878658.1099999,Grenoble
38528,Vaulnaveys-le-Bas,2018,9.75879332599795,1160264.733,2021,9.83845192001054,1169735.6844,9470.9514,0.0796585940125887,11889428.2749999,Grenoble
38529,Vaulnaveys-le-Haut,2018,14.8230957295389,2469295.5277,2021,14.9638414873069,2492741.566,23446.0383,0.140745757768027,16658433.3849999,Grenoble
38533,Venon,2018,16.3151964238117,699684.6816,2021,16.3198834320967,699885.6861,201.0045,0.00468700828503543,4288545.86499998,Grenoble
38540,Veurey-Voroize,2018,12.3412043612171,1545572.872,2021,12.3739043454581,1549668.1132,4095.2412,0.0326999842409741,12523679.4299999,Grenoble
38545,Vif,2018,16.0252725238922,4375152.3267,2021,16.2200362859208,4428325.9077,53173.581,0.194763762028597,27301578.3049995,Grenoble
38562,Vizille,2018,29.4940884022633,3184261.4032,2021,29.3688874906281,3170744.3748,-13517.0284,-0.125200911635233,10796269.95,Grenoble
42001,Aboën,2019,6.47078392395051,579581.7747,2022,6.50609539994969,582744.589,3162.8143,0.0353114759991788,8956901.99999998,Saint-Etienne
42005,Andrézieux-Bouthéon,2019,61.9268232999673,9813425.758,2022,63.7570972791574,10103465.79,290040.032,1.83027397919006,15846809.5650002,Saint-Etienne
42031,Caloire,2019,8.79217994430243,413748.6089,2022,8.79217977642701,413748.601,-0.0079,-1.6787541845531e-07,4705870.57500023,Saint-Etienne
42032,Cellieu,2019,12.6160953651467,1522047.436,2022,12.6516994163971,1526342.8264,4295.3904,0.0356040512504325,12064330.4599997,Saint-Etienne
42036,Chagnon,2019,17.3038965900833,430678.5225,2022,17.3591511251663,432053.7585,1375.236,0.0552545350829732,2488910.63500008,Saint-Etienne
42043,Chambœuf,2019,13.5450061623689,1522970.872,2022,13.6722029024987,1537272.5953,14301.7233,0.12719674012977,11243781.3149998,Saint-Etienne
42044,Le Chambon-Feugerolles,2019,29.3994920338244,5128692.8144,2022,29.4367198446817,5135187.1445,6494.3301,0.0372278108573667,17444834.7900004,Saint-Etienne
42053,Châteauneuf,2019,14.0777690966829,1905285.3519,2022,14.1776432581705,1918802.3215,13516.9696,0.0998741614876337,13534000.5849999,Saint-Etienne
42083,Dargoire,2019,20.4428422383723,398432.1758,2022,20.4578255649353,398724.2017,292.0259,0.0149833265629979,1949005.77499992,Saint-Etienne
42085,Doizieux,2019,3.56822489483726,995696.7015,2022,3.57826380792077,998498.0139,2801.3124,0.0100389130835108,27904538.8349999,Saint-Etienne
42092,L'Étrat,2019,24.9776510454707,2165590.8364,2022,25.0683134489993,2173451.3702,7860.5338,0.0906624035285937,8670114.06500009,Saint-Etienne
42093,Farnay,2019,11.797621850577,872871.7822,2022,11.7976220803467,872871.7992,0.017,2.29769796078472e-07,7398709.61500019,Saint-Etienne
42095,Firminy,2019,49.7463536509042,5209594.333,2022,49.7816728374532,5213293.0691,3698.7361,0.0353191865490246,10472313.95,Saint-Etienne
42096,Fontanès,2019,10.1651255937027,700272.1502,2022,10.2249139739497,704390.952,4118.8018,0.0597883802470367,6888967.02499986,Saint-Etienne
42097,La Fouillouse,2019,20.9457788416788,4412181.0101,2022,21.2145919671196,4468805.8879,56624.8778,0.268813125440889,21064774.1650001,Saint-Etienne
42099,Fraisses,2019,40.305756681658,1880281.4772,2022,40.3135775995842,1880646.3265,364.8493,0.00782091792616768,4665044.4800002,Saint-Etienne
42100,La Gimond,2019,10.7942932630874,365848.3823,2022,10.9306691471729,370470.5373,4622.155,0.13637588408559,3389275.91999998,Saint-Etienne
42103,La Grand-Croix,2019,54.3187975787552,2190175.991,2022,55.4477472531608,2235696.1163,45520.1253,1.12894967440553,4032077.45499986,Saint-Etienne
42110,L'Horme,2019,55.7100199304738,2496390.7924,2022,56.0335971333215,2510890.4309,14499.6385,0.323577202847737,4481044.51500018,Saint-Etienne
42123,Lorette,2019,63.9877093836747,2158718.3502,2022,63.9812073752982,2158498.9955,-219.3547,-0.00650200837651482,3373645.3,Saint-Etienne
42133,Marcenod,2019,7.5346592075939,682076.1949,2022,7.59644119384364,687669.0188,5592.8239,0.0617819862497386,9052515.52999983,Saint-Etienne
42167,Pavezin,2019,5.00886960397599,441234.619,2022,5.07225799872687,446818.5444,5583.9254,0.0633883947508869,8809065.79499999,Saint-Etienne
42183,La Ricamarie,2019,40.9322081733369,2838107.1078,2022,41.1281372983943,2851692.2005,13585.0927,0.195929125057418,6933677.01,Saint-Etienne
42186,Rive-de-Gier,2019,59.8941634619391,4416434.9985,2022,60.0498349028982,4427913.7931,11478.7946,0.155671440959047,7373731.8350001,Saint-Etienne
42189,Roche-la-Molière,2019,29.9493040671241,5226456.3337,2022,30.0765830554719,5248667.8039,22211.4702,0.127278988347864,17451010.9549997,Saint-Etienne
42192,Rozier-Côtes-d'Aurec,2019,4.55221408557085,628031.3959,2022,4.55412401793102,628294.8935,263.4976,0.00190993236017256,13796174.4350001,Saint-Etienne
42206,Saint-Bonnet-les-Oules,2019,17.5272946714574,2187441.4699,2022,17.6956943654742,2208458.0889,21016.619,0.16839969401677,12480200.23,Saint-Etienne
42207,Saint-Chamond,2019,23.301145881856,12843143.6572,2022,23.4124216193749,12904476.7045,61333.0473,0.111275737518898,55118077.5499999,Saint-Etienne
42208,Saint-Christo-en-Jarez,2019,7.84937426025897,1733403.1337,2022,7.97021676925264,1760089.1824,26686.0487,0.120842508993672,22083328.8900001,Saint-Etienne
42210,Sainte-Croix-en-Jarez,2019,5.57528014867903,671889.5275,2022,5.57514286221496,671872.9828,-16.5447,-0.000137286464068964,12051224.5049999,Saint-Etienne
42218,Saint-Étienne,2019,40.5296969748665,32389327.0045,2022,40.5386995635313,32396521.4276,7194.4231,0.00900258866482062,79915048.5249999,Saint-Etienne
42222,Saint-Galmier,2019,22.5127045024906,4413277.4587,2022,22.6473769905691,4439677.9765,26400.5178,0.134672488078557,19603497.4750002,Saint-Etienne
42223,Saint-Genest-Lerpt,2019,23.830794688421,3035808.9997,2022,24.3258274937602,3098871.3132,63062.3135,0.495032805339154,12739017.0550001,Saint-Etienne
42225,Genilac,2019,24.6463922574428,2134179.0083,2022,24.7213025750812,2140665.6383,6486.63,0.074910317638377,8659194.36000015,Saint-Etienne
42234,Saint-Héand,2019,10.646576858483,3290627.1336,2022,10.7416038829532,3319997.936,29370.8024,0.0950270244702018,30907841.81,Saint-Etienne
42237,Saint-Jean-Bonnefonds,2019,30.7694275945723,3582208.2423,2022,31.0393568929904,3613633.6874,31425.4451,0.269929298418123,11642102.3150002,Saint-Etienne
42242,Saint-Joseph,2019,16.9023527139162,1396160.5962,2022,17.0480044680759,1408191.6574,12031.0612,0.145651754159651,8260155.37499994,Saint-Etienne
42259,Saint-Martin-la-Plaine,2019,22.5069784521363,2166591.2406,2022,22.7572933410073,2190687.3247,24096.0841,0.25031488887095,9626308.76999996,Saint-Etienne
42262,Saint-Maurice-en-Gourgois,2019,5.49910015640732,1736586.3028,2022,5.54350073082855,1750607.7658,14021.463,0.0444005744212292,31579463.0649999,Saint-Etienne
42266,Saint-Nizier-de-Fornas,2019,6.87349177976831,1095842.5819,2022,6.88477804562171,1097641.9542,1799.3723,0.0112862658533928,15943026.005,Saint-Etienne
42270,Saint-Paul-en-Cornillon,2019,29.2930050595467,1078625.2425,2022,29.3626447574171,1081189.5112,2564.2687,0.0696396978704499,3682193.88999993,Saint-Etienne
42271,Saint-Paul-en-Jarez,2019,13.1031228315067,2599820.1433,2022,13.1857768849726,2616219.7204,16399.5771,0.082654053465907,19841225.4600001,Saint-Etienne
42275,Saint-Priest-en-Jarez,2019,89.7069255609715,2768149.361,2022,90.2099307007324,2783670.9425,15521.5815,0.503005139760972,3085769.95999998,Saint-Etienne
42283,Saint-Romain-en-Jarez,2019,7.06042750231152,1190285.4038,2022,7.1784230355081,1210177.7348,19892.331,0.117995533196577,16858545.7950005,Saint-Etienne
42302,Sorbiers,2019,34.3148414614284,4151980.7952,2022,34.4072831363034,4163165.928,11185.1328,0.0924416748749763,12099664.805,Saint-Etienne
42305,La Talaudière,2019,49.7927541916329,3824698.0616,2022,49.9331693257922,3835483.6769,10785.6153,0.140415134159305,7681234.195,Saint-Etienne
42307,Tartaras,2019,13.9018492544826,551810.1757,2022,13.8966876973399,551605.2965,-204.8792,-0.00516155714266375,3969329.29999993,Saint-Etienne
42308,La Terrasse-sur-Dorlay,2019,7.01650330851546,608493.8004,2022,7.07442373705764,613516.8468,5023.0464,0.0579204285421797,8672322.57499989,Saint-Etienne
42311,La Tour-en-Jarez,2019,17.4315282683157,895559.4247,2022,17.3518254893383,891464.6274,-4094.7973,-0.0797027789773779,5137584.10000005,Saint-Etienne
42316,Unieux,2019,41.4234213195453,3536758.8736,2022,41.7892039648524,3567989.6357,31230.7621,0.365782645307107,8538065.56999967,Saint-Etienne
42320,Valfleury,2019,7.6985087463436,680426.1164,2022,7.73291323129097,683466.9274,3040.811,0.0344044849473644,8838414.53999994,Saint-Etienne
42322,La Valla-en-Gier,2019,3.07924543395207,1070079.21,2022,3.08093485632347,1070666.307,587.097,0.00168942237139369,34751345.1900001,Saint-Etienne
42330,Villars,2019,58.18176801622,3311106.94,2022,58.4128659818118,3324258.6558,13151.7158,0.231097965591786,5690969.96000005,Saint-Etienne
76005,Amfreville-la-Mi-Voie,2019,34.2224182857458,1356644.0927,2022,34.2217808275229,1356618.8226,-25.2701,-0.000637458222819021,3964197.04000014,Rouen
76020,Anneville-Ambourville,2019,7.90583964405444,1624670.7898,2022,8.00885418232989,1645840.5477,21169.7579,0.103014538275448,20550262.3750006,Rouen
76039,Les Authieux-sur-le-Port-Saint-Ouen,2019,20.6871626021728,938095.3249,2022,20.875572448988,946639.0967,8543.7718,0.188409846815194,4534673.71499981,Rouen
76056,Bardouville,2019,10.4347698253748,884432.3339,2022,8.6023065390044,729116.0396,-155316.2943,-1.83246328637045,8475820.2499999,Rouen
76069,Belbeuf,2019,23.9805522701365,1567459.9913,2022,24.416656255323,1595965.4044,28505.4131,0.436103985186534,6536379.86999988,Rouen
76088,Berville-sur-Seine,2019,10.0195886548026,702505.5911,2022,9.91355960286923,695071.5532,-7434.0379,-0.106029051933351,7011321.67499986,Rouen
76095,Bihorel,2019,90.2270746730844,2265562.6504,2022,90.2270746810495,2265562.6506,0.0002,7.965070381033e-09,2510956.5600001,Rouen
76103,Bonsecours,2019,48.6028334521344,1824893.5524,2022,48.5927952363603,1824516.6469,-376.9055,-0.0100382157740597,3754706.09999973,Rouen
76108,Bois-Guillaume,2019,67.9586277852344,6031524.9018,2022,68.1913226002729,6052177.2401,20652.3383,0.232694815038499,8875289.41999987,Rouen
76116,Boos,2019,25.6253686626239,3621978.2193,2022,25.6720819360461,3628580.8349,6602.6156,0.0467132734222488,14134345.7999996,Rouen
76131,La Bouille,2019,26.2176412602524,327464.8033,2022,26.2176412602524,327464.8033,0,0,1249024.65499998,Rouen
76157,Canteleu,2019,25.7884357425707,4550299.858,2022,25.8397905907322,4559361.2823,9061.4243,0.0513548481614663,17644729.9999996,Rouen
76165,Caudebec-lès-Elbeuf,2019,78.8718011550891,2887587.5637,2022,79.0340760288811,2893528.6339,5941.0702,0.162274873792015,3661115.27999977,Rouen
76178,Cléon,2019,42.5770081092342,2777225.0278,2022,43.4718875534348,2835596.4752,58371.4474,0.894879444200562,6522828.05000023,Rouen
76212,Darnétal,2019,44.482485626364,2181985.1575,2022,44.5122086279136,2183443.1504,1457.9929,0.0297230015496055,4905268.055,Rouen
76216,Déville-lès-Rouen,2019,75.4652958379694,2390757.4726,2022,76.0717303515107,2409969.4538,19211.9812,0.606434513541345,3168022.39500017,Rouen
76222,Duclair,2019,23.0867958115077,2337789.7647,2022,23.267867298775,2356125.2268,18335.4621,0.181071487267229,10126090.1849997,Rouen
76231,Elbeuf,2019,20.7252190412121,3385773.9807,2022,20.8695437726048,3409351.5805,23577.5998,0.144324731392739,16336493.1099999,Rouen
76237,Épinay-sur-Duclair,2019,7.0121492498462,466661.8644,2022,7.17874859680818,477749.1301,11087.2657,0.166599346961982,6655047.51500028,Rouen
76273,Fontaine-sous-Préaux,2019,12.8107534837122,456577.685,2022,13.1005321934341,466905.4532,10327.7682,0.289778709721922,3564018.97500019,Rouen
76282,Freneuse,2019,19.9688710425382,651124.5188,2022,20.1362297124327,656581.5791,5457.0603,0.167358669894483,3260697.69999996,Rouen
76313,Gouy,2019,12.6060126296853,636283.3228,2022,12.9167453252214,651967.4283,15684.1055,0.310732695536112,5047459.03000007,Rouen
76319,Grand-Couronne,2019,41.0847088153775,6957036.9219,2022,41.5344649724731,7033195.9183,76158.9964,0.449756157095514,16933397.1749997,Rouen
76322,Le Grand-Quevilly,2019,80.947719726483,8901493.2198,2022,81.1705260699003,8925994.3319,24501.1121,0.222806343417361,10996595.3950001,Rouen
76350,Hautot-sur-Seine,2019,19.1003358031864,409585.4092,2022,19.4856560986305,417848.1734,8262.7642,0.385320295444124,2144388.52500002,Rouen
76354,Hénouville,2019,11.3994330476254,1227117.9406,2022,11.6470181463446,1253769.8026,26651.862,0.247585098719199,10764727.82,Rouen
76366,Le Houlme,2019,42.4610976475278,1264033.3051,2022,42.6491705497731,1269632.0867,5598.7816,0.188072902245231,2976920.93499989,Rouen
76367,Houppeville,2019,8.40432040252354,1757460.2137,2022,8.45167315771679,1767362.333,9902.1193,0.0473527551932502,20911389.9700003,Rouen
76377,Isneauville,2019,30.506859160949,2464630.1916,2022,31.8482963301927,2573004.0668,108373.8752,1.34143716924378,8078937.84999968,Rouen
76378,Jumièges,2019,14.5357705374872,2777455.4941,2022,14.561536665753,2782378.8158,4923.3217,0.0257661282657669,19107727.9799997,Rouen
76391,La Londe,2019,7.46361634178003,2308685.2319,2022,7.49261268030531,2317654.5325,8969.3006,0.0289963385252863,30932528.23,Rouen
76402,Malaunay,2019,26.5926708486708,2472764.5761,2022,26.8642508652833,2498017.9043,25253.3282,0.271580016612504,9298669.50999998,Rouen
76410,Maromme,2019,57.8806697228145,2393337.482,2022,57.9297859438362,2395368.4138,2030.9318,0.0491162210216842,4134951.26000007,Rouen
76429,Le Mesnil-Esnard,2019,60.1384483748775,3139224.6297,2022,60.4912000670938,3157638.2541,18413.6244,0.352751692216316,5219996.05000017,Rouen
76436,Le Mesnil-sous-Jumièges,2019,16.3894488703299,1102565.3337,2022,16.6270628056096,1118550.3061,15984.9724,0.237613935279697,6727287.43000013,Rouen
76448,Montmain,2019,14.876577551093,902444.7921,2022,14.9972715940514,909766.3491,7321.557,0.120694042958343,6066212.39999985,Rouen
76451,Mont-Saint-Aignan,2019,76.4545916463439,6077835.2573,2022,76.5369227596112,6084380.2526,6544.9953,0.0823311132673012,7949601.35999974,Rouen
76457,Moulineaux,2019,23.0140430408181,804956.3022,2022,22.9939590075255,804253.8281,-702.4741,-0.0200840332925871,3497674.44500002,Rouen
76464,La Neuville-Chant-d'Oisel,2019,8.59980652072681,1906865.8033,2022,8.60405023357074,1907806.7769,940.9736,0.00424371284392855,22173357.0250002,Rouen
76474,Notre-Dame-de-Bondeville,2019,33.7785948102289,2158523.1164,2022,34.0003126141411,2172691.3495,14168.2331,0.221717803912135,6390209.92000043,Rouen
76475,Franqueville-Saint-Pierre,2019,37.2776390552658,3195933.5735,2022,37.5815434101746,3221988.285,26054.7115,0.303904354908866,8573326.14000013,Rouen
76484,Oissel-sur-Seine,2019,24.5807875810583,5456154.5812,2022,26.0666977327451,5785979.468,329824.8868,1.48591015168678,22196825.7250001,Rouen
76486,Orival,2019,5.83914869553203,559136.9889,2022,5.84966730277992,560144.2149,1007.226,0.0105186072478887,9575659.3650002,Rouen
76497,Petit-Couronne,2019,44.8386708249997,5734282.9837,2022,46.2131217288143,5910057.383,175774.3993,1.37445090381454,12788699.7499999,Rouen
76498,Le Petit-Quevilly,2019,94.5650704689661,4115221.9266,2022,96.0846568716049,4181350.3105,66128.3839,1.51958640263879,4351735.6950001,Rouen
76513,Quevillon,2019,7.1376490433604,769154.0766,2022,7.13529602215434,768900.5147,-253.5619,-0.00235302120606029,10776014.2300003,Rouen
76514,Quévreville-la-Poterie,2019,12.4944137017379,590563.4213,2022,12.5217974067543,591857.7449,1294.3236,0.0273837050163479,4726619.71499994,Rouen
76536,Roncherolles-sur-le-Vivier,2019,12.3448338370209,664184.7656,2022,12.360694329229,665038.1021,853.3365,0.0158604922081427,5380264.92999995,Rouen
76540,Rouen,2019,79.7667729112146,17087900.5337,2022,80.1533453663447,17170713.3569,82812.8232,0.386572455130079,21422329.0100001,Rouen
76550,Sahurs,2019,10.4565982850373,1166751.5479,2022,10.4565982859335,1166751.548,0.0001,8.96216434398411e-10,11158041.2300006,Rouen
76558,Saint-Aubin-Celloville,2019,18.5726701767238,1246454.1651,2022,19.4287325115134,1303906.4567,57452.2916,0.856062334789623,6711227.59000006,Rouen
76560,Saint-Aubin-Épinay,2019,7.58539516485846,742446.8636,2022,7.5957852896018,743463.8331,1016.9695,0.0103901247433438,9787846.87500001,Rouen
76561,Saint-Aubin-lès-Elbeuf,2019,61.3635396267477,3569641.9933,2022,62.7933415731823,3652816.4826,83174.4893,1.42980194643461,5817203.52999981,Rouen
76575,Saint-Étienne-du-Rouvray,2019,58.9610305686461,10795760.8676,2022,60.1262213702799,11009107.2277,213346.3601,1.16519080163378,18309993.5049997,Rouen
76591,Saint-Jacques-sur-Darnétal,2019,14.4574858961092,2422255.3601,2022,14.5217221481182,2433017.7158,10762.3557,0.0642362520090494,16754333.2049999,Rouen
76599,Saint-Léger-du-Bourg-Denis,2019,40.1060270687047,1137474.3459,2022,40.2096082175089,1140412.0814,2937.7355,0.103581148804253,2836168.10000008,Rouen
76608,Sainte-Marguerite-sur-Duclair,2019,20.325443630472,1491584.9278,2022,20.3924900103592,1496505.1338,4920.206,0.0670463798872056,7338511.05500009,Rouen
76614,Saint-Martin-de-Boscherville,2019,14.3476953348197,1808048.6699,2022,14.4319894182567,1818671.1289,10622.459,0.0842940834369461,12601666.1749998,Rouen
76617,Saint-Martin-du-Vivier,2019,30.781273043932,1548278.7204,2022,31.2889761782925,1573815.8695,25537.1491,0.507703134360476,5029937.25499998,Rouen
76631,Saint-Paër,2019,9.31919679670614,1690048.831,2022,9.35471190226873,1696489.543,6440.712,0.0355151055625953,18135134.045,Rouen
76634,Saint-Pierre-de-Manneville,2019,8.89798084636213,913308.3888,2022,8.91741123922967,915302.7672,1994.3784,0.0194303928675339,10264220.6649995,Rouen
76636,Saint-Pierre-de-Varengeville,2019,14.1836818120911,1864255.1937,2022,14.3211522889453,1882323.8485,18068.6548,0.137470476854123,13143661.98,Rouen
76640,Saint-Pierre-lès-Elbeuf,2019,53.6771261108886,3425439.2463,2022,53.9827199618601,3444940.9083,19501.662,0.305593850971555,6381562.30500041,Rouen
76681,Sotteville-lès-Rouen,2019,93.8805498777317,6985643.5441,2022,93.869699425581,6984836.1629,-807.3812,-0.0108504521506774,7440991.29499984,Rouen
76682,Sotteville-sous-le-Val,2019,18.0175974303109,904858.1282,2022,18.017578384417,904857.1717,-0.9565,-1.90458939428595e-05,5022079.83999998,Rouen
76705,Tourville-la-Rivière,2019,33.6756514702768,2719712.0548,2022,34.3638715450885,2775294.0659,55582.0111,0.688220074811667,8076197.30000027,Rouen
76709,Le Trait,2019,16.3836260940595,2882996.2774,2022,16.3953444048398,2885058.3268,2062.0494,0.0117183107803207,17596814.4100001,Rouen
76717,Val-de-la-Haye,2019,7.29485952411567,748145.7621,2022,7.29485952411567,748145.7621,0,0,10255793.955,Rouen
76750,Yainville,2019,30.4301525298438,1009706.3297,2022,30.3500236233782,1007047.5634,-2658.7663,-0.0801289064655535,3318111.30000006,Rouen
76753,Ymare,2019,19.8035291001726,789739.9663,2022,19.9796564330535,796763.704,7023.7377,0.176127332880974,3987874.90000011,Rouen
76759,Yville-sur-Seine,2019,8.75132232998302,676757.773,2022,8.76680305193167,677954.9291,1197.1561,0.0154807219486557,7733205.88,Rouen
